005,0,8000,59,3.1807503700256348,{'C': 1.623776739188721, 'max_iter': 5000, 'penalty': 'l2', 'solver': 'liblinear'}
005,1,8000,56,1.1832852363586426,{'C': 206.913808111479, 'max_iter': 5000, 'penalty': 'l2', 'solver': 'liblinear'}
005,2,8000,49,0.9668469429016113,{'C': 1438.44988828766, 'max_iter': 5000, 'penalty': 'l1', 'solver': 'liblinear'}
005,3,8000,68,1.0476527214050293,{'C': 0.03359818286283781, 'max_iter': 5000, 'penalty': 'l2', 'solver': 'liblinear'}
005,4,8000,56,1.138535976409912,{'C': 1438.44988828766, 'max_iter': 5000, 'penalty': 'l1', 'solver': 'liblinear'}
010,0,8000,64,1.1988508701324463,{'C': 11.288378916846883, 'max_iter': 5000, 'penalty': 'l1', 'solver': 'liblinear'}
010,1,8000,68,1.0307817459106445,{'C': 0.03359818286283781, 'max_iter': 5000, 'penalty': 'l2', 'solver': 'liblinear'}
010,2,8000,64,0.2182786464691162,{'C': 0.08858667904100823, 'max_iter': 5000, 'penalty': 'l1', 'solver': 'liblinear'}
010,3,8000,62,0.22761106491088867,{'C': 0.03359818286283781, 'max_iter': 5000, 'penalty': 'l2', 'solver': 'liblinear'}
010,4,8000,62,0.2169053554534912,{'C': 0.012742749857031334, 'max_iter': 5000, 'penalty': 'l2', 'solver': 'liblinear'}
015,0,8000,56,0.23989558219909668,{'C': 1438.44988828766, 'max_iter': 5000, 'penalty': 'l1', 'solver': 'liblinear'}
015,1,8000,61,0.25404953956604004,{'C': 0.615848211066026, 'max_iter': 5000, 'penalty': 'l1', 'solver': 'liblinear'}
015,2,8000,68,0.21944141387939453,{'C': 0.08858667904100823, 'max_iter': 5000, 'penalty': 'l2', 'solver': 'liblinear'}
015,3,8000,70,0.22626829147338867,{'C': 0.615848211066026, 'max_iter': 5000, 'penalty': 'l1', 'solver': 'liblinear'}
015,4,8000,64,0.26801109313964844,{'C': 545.5594781168514, 'max_iter': 10000, 'penalty': 'l1', 'solver': 'liblinear'}
020,0,8000,70,0.22048330307006836,{'C': 0.08858667904100823, 'max_iter': 5000, 'penalty': 'l1', 'solver': 'liblinear'}
020,1,8000,72,0.24262475967407227,{'C': 0.23357214690901212, 'max_iter': 5000, 'penalty': 'l1', 'solver': 'liblinear'}
020,2,8000,66,0.22989654541015625,{'C': 0.615848211066026, 'max_iter': 5000, 'penalty': 'l2', 'solver': 'liblinear'}
020,3,8000,66,0.23357295989990234,{'C': 0.615848211066026, 'max_iter': 5000, 'penalty': 'l1', 'solver': 'liblinear'}
020,4,8000,67,0.23059368133544922,{'C': 206.913808111479, 'max_iter': 5000, 'penalty': 'l1', 'solver': 'liblinear'}
030,0,8000,64,0.24329018592834473,{'C': 0.08858667904100823, 'max_iter': 5000, 'penalty': 'l1', 'solver': 'liblinear'}
030,1,8000,66,0.3380601406097412,{'C': 1438.44988828766, 'max_iter': 5000, 'penalty': 'l1', 'solver': 'liblinear'}
030,2,8000,69,0.2827746868133545,{'C': 3792.690190732246, 'max_iter': 5000, 'penalty': 'l1', 'solver': 'liblinear'}
030,3,8000,74,0.24052119255065918,{'C': 0.23357214690901212, 'max_iter': 5000, 'penalty': 'l2', 'solver': 'liblinear'}
030,4,8000,66,0.23477506637573242,{'C': 0.0018329807108324356, 'max_iter': 5000, 'penalty': 'l2', 'solver': 'liblinear'}
060,0,8000,70,0.6437876224517822,{'C': 4.281332398719396, 'max_iter': 5000, 'penalty': 'l1', 'solver': 'liblinear'}
060,1,8000,69,0.5171637535095215,{'C': 0.08858667904100823, 'max_iter': 5000, 'penalty': 'l1', 'solver': 'liblinear'}
060,2,8000,68,0.4971346855163574,{'C': 0.23357214690901212, 'max_iter': 5000, 'penalty': 'l1', 'solver': 'liblinear'}
060,3,8000,72,0.7136349678039551,{'C': 0.0018329807108324356, 'max_iter': 5000, 'penalty': 'l2', 'solver': 'liblinear'}
060,4,8000,73,0.8386104106903076,{'C': 0.004832930238571752, 'max_iter': 5000, 'penalty': 'l2', 'solver': 'liblinear'}
100,0,8000,75,3.070852756500244,{'C': 0.012742749857031334, 'max_iter': 5000, 'penalty': 'l2', 'solver': 'liblinear'}
100,1,8000,73,3.1658382415771484,{'C': 0.23357214690901212, 'max_iter': 5000, 'penalty': 'l2', 'solver': 'liblinear'}
100,2,8000,65,6.657435178756714,{'C': 3792.690190732246, 'max_iter': 5000, 'penalty': 'l1', 'solver': 'liblinear'}
100,3,8000,74,4.440979957580566,{'C': 0.004832930238571752, 'max_iter': 5000, 'penalty': 'l2', 'solver': 'liblinear'}
100,4,8000,74,2.398648977279663,{'C': 0.03359818286283781, 'max_iter': 5000, 'penalty': 'l2', 'solver': 'liblinear'}
005,0,8000,54,1.0467784404754639,{'C': 1.623776739188721, 'max_iter': 5000, 'penalty': 'l1', 'solver': 'liblinear'}
005,1,8000,59,0.2249307632446289,{'C': 1.623776739188721, 'max_iter': 5000, 'penalty': 'l2', 'solver': 'liblinear'}
005,2,8000,50,0.23179984092712402,{'C': 1438.44988828766, 'max_iter': 10000, 'penalty': 'l1', 'solver': 'liblinear'}
005,3,8000,66,0.23394346237182617,{'C': 0.23357214690901212, 'max_iter': 5000, 'penalty': 'l1', 'solver': 'liblinear'}
005,4,8000,54,0.21894359588623047,{'C': 3792.690190732246, 'max_iter': 5000, 'penalty': 'l1', 'solver': 'liblinear'}
010,0,8000,68,0.23601794242858887,{'C': 206.913808111479, 'max_iter': 10000, 'penalty': 'l1', 'solver': 'liblinear'}
010,1,8000,68,0.23990678787231445,{'C': 0.08858667904100823, 'max_iter': 5000, 'penalty': 'l2', 'solver': 'liblinear'}
010,2,8000,57,0.21980571746826172,{'C': 0.23357214690901212, 'max_iter': 5000, 'penalty': 'l1', 'solver': 'liblinear'}
010,3,8000,62,0.21529603004455566,{'C': 0.012742749857031334, 'max_iter': 5000, 'penalty': 'l2', 'solver': 'liblinear'}
010,4,8000,64,0.20757174491882324,{'C': 0.03359818286283781, 'max_iter': 5000, 'penalty': 'l2', 'solver': 'liblinear'}
015,0,8000,56,0.2338085174560547,{'C': 10000.0, 'max_iter': 5000, 'penalty': 'l1', 'solver': 'liblinear'}
015,1,8000,63,0.24619317054748535,{'C': 0.23357214690901212, 'max_iter': 5000, 'penalty': 'l2', 'solver': 'liblinear'}
015,2,8000,60,0.2221670150756836,{'C': 11.288378916846883, 'max_iter': 5000, 'penalty': 'l1', 'solver': 'liblinear'}
015,3,8000,70,0.21618413925170898,{'C': 78.47599703514607, 'max_iter': 5000, 'penalty': 'l2', 'solver': 'liblinear'}
015,4,8000,64,0.2265005111694336,{'C': 206.913808111479, 'max_iter': 10000, 'penalty': 'l1', 'solver': 'liblinear'}
020,0,8000,70,0.21436071395874023,{'C': 0.08858667904100823, 'max_iter': 5000, 'penalty': 'l1', 'solver': 'liblinear'}
020,1,8000,70,0.23995518684387207,{'C': 0.08858667904100823, 'max_iter': 5000, 'penalty': 'l1', 'solver': 'liblinear'}
020,2,8000,64,0.23993825912475586,{'C': 1438.44988828766, 'max_iter': 5000, 'penalty': 'l1', 'solver': 'liblinear'}
020,3,8000,63,0.23950862884521484,{'C': 206.913808111479, 'max_iter': 10000, 'penalty': 'l1', 'solver': 'liblinear'}
020,4,8000,68,0.23259639739990234,{'C': 1438.44988828766, 'max_iter': 10000, 'penalty': 'l1', 'solver': 'liblinear'}
030,0,8000,64,0.24440503120422363,{'C': 0.23357214690901212, 'max_iter': 5000, 'penalty': 'l1', 'solver': 'liblinear'}
030,1,8000,73,0.3021667003631592,{'C': 0.23357214690901212, 'max_iter': 5000, 'penalty': 'l2', 'solver': 'liblinear'}
030,2,8000,73,0.2606852054595947,{'C': 0.004832930238571752, 'max_iter': 5000, 'penalty': 'l2', 'solver': 'liblinear'}
030,3,8000,76,0.23610806465148926,{'C': 0.08858667904100823, 'max_iter': 5000, 'penalty': 'l2', 'solver': 'liblinear'}
030,4,8000,72,0.23511481285095215,{'C': 0.03359818286283781, 'max_iter': 5000, 'penalty': 'l2', 'solver': 'liblinear'}
060,0,8000,70,0.46149516105651855,{'C': 0.08858667904100823, 'max_iter': 5000, 'penalty': 'l1', 'solver': 'liblinear'}
060,1,8000,73,0.5114564895629883,{'C': 0.03359818286283781, 'max_iter': 5000, 'penalty': 'l2', 'solver': 'liblinear'}
060,2,8000,71,0.49832773208618164,{'C': 0.03359818286283781, 'max_iter': 5000, 'penalty': 'l2', 'solver': 'liblinear'}
060,3,8000,74,0.6435501575469971,{'C': 0.012742749857031334, 'max_iter': 5000, 'penalty': 'l2', 'solver': 'liblinear'}
060,4,8000,74,0.7909386157989502,{'C': 0.615848211066026, 'max_iter': 5000, 'penalty': 'l1', 'solver': 'liblinear'}
100,0,8000,73,3.009289264678955,{'C': 0.23357214690901212, 'max_iter': 5000, 'penalty': 'l2', 'solver': 'liblinear'}
100,1,8000,70,4.145051002502441,{'C': 0.615848211066026, 'max_iter': 5000, 'penalty': 'l1', 'solver': 'liblinear'}
100,2,8000,73,2.1200523376464844,{'C': 0.08858667904100823, 'max_iter': 5000, 'penalty': 'l2', 'solver': 'liblinear'}
100,3,8000,72,3.578411340713501,{'C': 0.08858667904100823, 'max_iter': 5000, 'penalty': 'l2', 'solver': 'liblinear'}
100,4,8000,75,2.022120952606201,{'C': 0.012742749857031334, 'max_iter': 5000, 'penalty': 'l2', 'solver': 'liblinear'}
005,0,8000,54,1.077223777770996,{'C': 10000.0, 'max_iter': 5000, 'penalty': 'l2', 'solver': 'liblinear'}
005,1,8000,52,0.2653677463531494,{'C': 78.47599703514607, 'max_iter': 5000, 'penalty': 'l1', 'solver': 'liblinear'}
005,2,8000,50,0.23135995864868164,{'C': 206.913808111479, 'max_iter': 5000, 'penalty': 'l1', 'solver': 'liblinear'}
005,3,8000,66,0.21587872505187988,{'C': 0.23357214690901212, 'max_iter': 5000, 'penalty': 'l1', 'solver': 'liblinear'}
005,4,8000,62,0.22014093399047852,{'C': 206.913808111479, 'max_iter': 5000, 'penalty': 'l2', 'solver': 'liblinear'}
010,0,8000,68,0.23416757583618164,{'C': 78.47599703514607, 'max_iter': 5000, 'penalty': 'l1', 'solver': 'liblinear'}
010,1,8000,68,0.2135612964630127,{'C': 0.08858667904100823, 'max_iter': 5000, 'penalty': 'l2', 'solver': 'liblinear'}
010,2,8000,57,0.21219420433044434,{'C': 0.23357214690901212, 'max_iter': 5000, 'penalty': 'l1', 'solver': 'liblinear'}
010,3,8000,62,0.21152400970458984,{'C': 0.0018329807108324356, 'max_iter': 5000, 'penalty': 'l2', 'solver': 'liblinear'}
010,4,8000,61,0.21529483795166016,{'C': 0.0018329807108324356, 'max_iter': 5000, 'penalty': 'l2', 'solver': 'liblinear'}
015,0,8000,64,0.2374134063720703,{'C': 545.5594781168514, 'max_iter': 10000, 'penalty': 'l1', 'solver': 'liblinear'}
015,1,8000,61,0.251981258392334,{'C': 0.615848211066026, 'max_iter': 5000, 'penalty': 'l1', 'solver': 'liblinear'}
015,2,8000,64,0.22084999084472656,{'C': 206.913808111479, 'max_iter': 5000, 'penalty': 'l1', 'solver': 'liblinear'}
015,3,8000,70,0.22871994972229004,{'C': 78.47599703514607, 'max_iter': 5000, 'penalty': 'l2', 'solver': 'liblinear'}
015,4,8000,65,0.22130203247070312,{'C': 78.47599703514607, 'max_iter': 5000, 'penalty': 'l1', 'solver': 'liblinear'}
020,0,8000,72,0.2161412239074707,{'C': 0.23357214690901212, 'max_iter': 5000, 'penalty': 'l1', 'solver': 'liblinear'}
020,1,8000,66,0.2616276741027832,{'C': 11.288378916846883, 'max_iter': 5000, 'penalty': 'l2', 'solver': 'liblinear'}
020,2,8000,68,0.23030304908752441,{'C': 0.615848211066026, 'max_iter': 5000, 'penalty': 'l1', 'solver': 'liblinear'}
020,3,8000,66,0.23122477531433105,{'C': 0.615848211066026, 'max_iter': 5000, 'penalty': 'l1', 'solver': 'liblinear'}
020,4,8000,69,0.2247452735900879,{'C': 0.615848211066026, 'max_iter': 5000, 'penalty': 'l1', 'solver': 'liblinear'}
030,0,8000,64,0.23497223854064941,{'C': 0.23357214690901212, 'max_iter': 5000, 'penalty': 'l1', 'solver': 'liblinear'}
030,1,8000,56,0.3191056251525879,{'C': 1.623776739188721, 'max_iter': 5000, 'penalty': 'l1', 'solver': 'liblinear'}
030,2,8000,68,0.289844274520874,{'C': 3792.690190732246, 'max_iter': 5000, 'penalty': 'l1', 'solver': 'liblinear'}
030,3,8000,75,0.24161505699157715,{'C': 0.615848211066026, 'max_iter': 5000, 'penalty': 'l1', 'solver': 'liblinear'}
030,4,8000,70,0.23011565208435059,{'C': 0.012742749857031334, 'max_iter': 5000, 'penalty': 'l2', 'solver': 'liblinear'}
060,0,8000,70,0.4497711658477783,{'C': 4.281332398719396, 'max_iter': 5000, 'penalty': 'l2', 'solver': 'liblinear'}
060,1,8000,72,0.5705826282501221,{'C': 0.615848211066026, 'max_iter': 5000, 'penalty': 'l1', 'solver': 'liblinear'}
060,2,8000,72,0.5171122550964355,{'C': 0.012742749857031334, 'max_iter': 5000, 'penalty': 'l2', 'solver': 'liblinear'}
060,3,8000,72,0.5504522323608398,{'C': 0.0018329807108324356, 'max_iter': 5000, 'penalty': 'l2', 'solver': 'liblinear'}
060,4,8000,74,0.7039954662322998,{'C': 0.23357214690901212, 'max_iter': 5000, 'penalty': 'l2', 'solver': 'liblinear'}
100,0,8000,73,2.95017409324646,{'C': 0.004832930238571752, 'max_iter': 5000, 'penalty': 'l2', 'solver': 'liblinear'}
100,1,8000,73,4.956399202346802,{'C': 0.004832930238571752, 'max_iter': 5000, 'penalty': 'l2', 'solver': 'liblinear'}
100,2,8000,73,2.426929235458374,{'C': 0.08858667904100823, 'max_iter': 5000, 'penalty': 'l2', 'solver': 'liblinear'}
100,3,8000,74,4.731974840164185,{'C': 0.004832930238571752, 'max_iter': 5000, 'penalty': 'l2', 'solver': 'liblinear'}
100,4,8000,72,2.228809118270874,{'C': 0.0018329807108324356, 'max_iter': 5000, 'penalty': 'l2', 'solver': 'liblinear'}
005,0,8000,59,1.061673879623413,{'C': 1.623776739188721, 'max_iter': 5000, 'penalty': 'l2', 'solver': 'liblinear'}
005,1,8000,56,0.2338578701019287,{'C': 3792.690190732246, 'max_iter': 5000, 'penalty': 'l2', 'solver': 'liblinear'}
005,2,8000,51,0.23180270195007324,{'C': 206.913808111479, 'max_iter': 5000, 'penalty': 'l1', 'solver': 'liblinear'}
005,3,8000,68,0.2074282169342041,{'C': 0.03359818286283781, 'max_iter': 5000, 'penalty': 'l2', 'solver': 'liblinear'}
005,4,8000,55,0.22521042823791504,{'C': 1438.44988828766, 'max_iter': 5000, 'penalty': 'l1', 'solver': 'liblinear'}
010,0,8000,63,0.23056864738464355,{'C': 206.913808111479, 'max_iter': 5000, 'penalty': 'l2', 'solver': 'liblinear'}
010,1,8000,68,0.21892476081848145,{'C': 0.08858667904100823, 'max_iter': 5000, 'penalty': 'l2', 'solver': 'liblinear'}
010,2,8000,63,0.2121267318725586,{'C': 1.623776739188721, 'max_iter': 5000, 'penalty': 'l1', 'solver': 'liblinear'}
010,3,8000,59,0.21434879302978516,{'C': 3792.690190732246, 'max_iter': 5000, 'penalty': 'l1', 'solver': 'liblinear'}
010,4,8000,62,0.22026348114013672,{'C': 0.012742749857031334, 'max_iter': 5000, 'penalty': 'l2', 'solver': 'liblinear'}
015,0,8000,64,0.22656941413879395,{'C': 1438.44988828766, 'max_iter': 5000, 'penalty': 'l1', 'solver': 'liblinear'}
015,1,8000,62,0.24563813209533691,{'C': 0.615848211066026, 'max_iter': 5000, 'penalty': 'l2', 'solver': 'liblinear'}
015,2,8000,62,0.2173933982849121,{'C': 206.913808111479, 'max_iter': 10000, 'penalty': 'l1', 'solver': 'liblinear'}
015,3,8000,72,0.22971725463867188,{'C': 1.623776739188721, 'max_iter': 5000, 'penalty': 'l1', 'solver': 'liblinear'}
015,4,8000,64,0.22524547576904297,{'C': 545.5594781168514, 'max_iter': 10000, 'penalty': 'l1', 'solver': 'liblinear'}
020,0,8000,70,0.22043371200561523,{'C': 0.08858667904100823, 'max_iter': 5000, 'penalty': 'l1', 'solver': 'liblinear'}
020,1,8000,68,0.23967289924621582,{'C': 4.281332398719396, 'max_iter': 5000, 'penalty': 'l2', 'solver': 'liblinear'}
020,2,8000,66,0.24786925315856934,{'C': 545.5594781168514, 'max_iter': 5000, 'penalty': 'l2', 'solver': 'liblinear'}
020,3,8000,66,0.23148393630981445,{'C': 0.615848211066026, 'max_iter': 5000, 'penalty': 'l1', 'solver': 'liblinear'}
020,4,8000,67,0.22126555442810059,{'C': 545.5594781168514, 'max_iter': 5000, 'penalty': 'l1', 'solver': 'liblinear'}
030,0,8000,69,0.24541258811950684,{'C': 0.08858667904100823, 'max_iter': 5000, 'penalty': 'l2', 'solver': 'liblinear'}
030,1,8000,64,0.3499257564544678,{'C': 545.5594781168514, 'max_iter': 10000, 'penalty': 'l1', 'solver': 'liblinear'}
030,2,8000,73,0.2811450958251953,{'C': 0.004832930238571752, 'max_iter': 5000, 'penalty': 'l2', 'solver': 'liblinear'}
030,3,8000,76,0.24294471740722656,{'C': 0.03359818286283781, 'max_iter': 5000, 'penalty': 'l2', 'solver': 'liblinear'}
030,4,8000,66,0.2318134307861328,{'C': 0.0018329807108324356, 'max_iter': 5000, 'penalty': 'l2', 'solver': 'liblinear'}
060,0,8000,71,0.5112600326538086,{'C': 1.623776739188721, 'max_iter': 5000, 'penalty': 'l2', 'solver': 'liblinear'}
060,1,8000,73,0.618492841720581,{'C': 0.03359818286283781, 'max_iter': 5000, 'penalty': 'l2', 'solver': 'liblinear'}
060,2,8000,60,0.6339077949523926,{'C': 4.281332398719396, 'max_iter': 5000, 'penalty': 'l1', 'solver': 'liblinear'}
060,3,8000,75,0.6587684154510498,{'C': 0.03359818286283781, 'max_iter': 5000, 'penalty': 'l2', 'solver': 'liblinear'}
060,4,8000,75,0.8081860542297363,{'C': 0.08858667904100823, 'max_iter': 5000, 'penalty': 'l2', 'solver': 'liblinear'}
100,0,8000,74,3.0606985092163086,{'C': 0.08858667904100823, 'max_iter': 5000, 'penalty': 'l2', 'solver': 'liblinear'}
100,1,8000,72,3.6332709789276123,{'C': 0.615848211066026, 'max_iter': 5000, 'penalty': 'l2', 'solver': 'liblinear'}
100,2,8000,75,2.1572606563568115,{'C': 0.004832930238571752, 'max_iter': 5000, 'penalty': 'l2', 'solver': 'liblinear'}
100,3,8000,74,3.651928663253784,{'C': 0.004832930238571752, 'max_iter': 5000, 'penalty': 'l2', 'solver': 'liblinear'}
100,4,8000,74,3.117417335510254,{'C': 0.03359818286283781, 'max_iter': 5000, 'penalty': 'l2', 'solver': 'liblinear'}
005,0,8000,55,1.1239173412322998,{'C': 206.913808111479, 'max_iter': 5000, 'penalty': 'l2', 'solver': 'liblinear'}
005,1,8000,59,0.23958206176757812,{'C': 4.281332398719396, 'max_iter': 5000, 'penalty': 'l2', 'solver': 'liblinear'}
005,2,8000,56,0.22433948516845703,{'C': 0.23357214690901212, 'max_iter': 5000, 'penalty': 'l2', 'solver': 'liblinear'}
005,3,8000,66,0.2433927059173584,{'C': 0.23357214690901212, 'max_iter': 5000, 'penalty': 'l1', 'solver': 'liblinear'}
005,4,8000,62,0.23176932334899902,{'C': 206.913808111479, 'max_iter': 5000, 'penalty': 'l2', 'solver': 'liblinear'}
010,0,8000,63,0.2498478889465332,{'C': 11.288378916846883, 'max_iter': 5000, 'penalty': 'l1', 'solver': 'liblinear'}
010,1,8000,68,0.2188429832458496,{'C': 0.08858667904100823, 'max_iter': 5000, 'penalty': 'l2', 'solver': 'liblinear'}
010,2,8000,57,0.2147209644317627,{'C': 0.23357214690901212, 'max_iter': 5000, 'penalty': 'l1', 'solver': 'liblinear'}
010,3,8000,63,0.24021553993225098,{'C': 11.288378916846883, 'max_iter': 5000, 'penalty': 'l1', 'solver': 'liblinear'}
010,4,8000,66,0.21965837478637695,{'C': 545.5594781168514, 'max_iter': 10000, 'penalty': 'l1', 'solver': 'liblinear'}
015,0,8000,65,0.2515127658843994,{'C': 206.913808111479, 'max_iter': 10000, 'penalty': 'l1', 'solver': 'liblinear'}
015,1,8000,62,0.2516052722930908,{'C': 1.623776739188721, 'max_iter': 5000, 'penalty': 'l1', 'solver': 'liblinear'}
015,2,8000,62,0.22403311729431152,{'C': 78.47599703514607, 'max_iter': 5000, 'penalty': 'l1', 'solver': 'liblinear'}
015,3,8000,66,0.22153735160827637,{'C': 0.08858667904100823, 'max_iter': 5000, 'penalty': 'l1', 'solver': 'liblinear'}
015,4,8000,65,0.21599316596984863,{'C': 4.281332398719396, 'max_iter': 5000, 'penalty': 'l2', 'solver': 'liblinear'}
020,0,8000,70,0.23260831832885742,{'C': 0.08858667904100823, 'max_iter': 5000, 'penalty': 'l1', 'solver': 'liblinear'}
020,1,8000,72,0.24296069145202637,{'C': 0.615848211066026, 'max_iter': 5000, 'penalty': 'l2', 'solver': 'liblinear'}
020,2,8000,64,0.2580382823944092,{'C': 3792.690190732246, 'max_iter': 5000, 'penalty': 'l1', 'solver': 'liblinear'}
020,3,8000,66,0.23388195037841797,{'C': 0.615848211066026, 'max_iter': 5000, 'penalty': 'l1', 'solver': 'liblinear'}
020,4,8000,70,0.22487854957580566,{'C': 0.23357214690901212, 'max_iter': 5000, 'penalty': 'l1', 'solver': 'liblinear'}
030,0,8000,64,0.2528665065765381,{'C': 0.08858667904100823, 'max_iter': 5000, 'penalty': 'l1', 'solver': 'liblinear'}
030,1,8000,66,0.3672804832458496,{'C': 11.288378916846883, 'max_iter': 10000, 'penalty': 'l1', 'solver': 'liblinear'}
030,2,8000,73,0.2697477340698242,{'C': 0.004832930238571752, 'max_iter': 5000, 'penalty': 'l2', 'solver': 'liblinear'}
030,3,8000,67,0.27613401412963867,{'C': 1438.44988828766, 'max_iter': 5000, 'penalty': 'l1', 'solver': 'liblinear'}
030,4,8000,70,0.2467811107635498,{'C': 0.012742749857031334, 'max_iter': 5000, 'penalty': 'l2', 'solver': 'liblinear'}
060,0,8000,64,0.6777715682983398,{'C': 29.763514416313132, 'max_iter': 5000, 'penalty': 'l1', 'solver': 'liblinear'}
060,1,8000,72,0.6109147071838379,{'C': 0.08858667904100823, 'max_iter': 5000, 'penalty': 'l2', 'solver': 'liblinear'}
060,2,8000,72,0.5186755657196045,{'C': 0.08858667904100823, 'max_iter': 5000, 'penalty': 'l2', 'solver': 'liblinear'}
060,3,8000,74,0.7147223949432373,{'C': 0.004832930238571752, 'max_iter': 5000, 'penalty': 'l2', 'solver': 'liblinear'}
060,4,8000,73,0.816749095916748,{'C': 0.004832930238571752, 'max_iter': 5000, 'penalty': 'l2', 'solver': 'liblinear'}
100,0,8000,74,3.913085699081421,{'C': 0.08858667904100823, 'max_iter': 5000, 'penalty': 'l2', 'solver': 'liblinear'}
100,1,8000,74,3.9279112815856934,{'C': 0.03359818286283781, 'max_iter': 5000, 'penalty': 'l2', 'solver': 'liblinear'}
100,2,8000,73,2.2841615676879883,{'C': 0.23357214690901212, 'max_iter': 5000, 'penalty': 'l2', 'solver': 'liblinear'}
100,3,8000,74,3.010831832885742,{'C': 0.004832930238571752, 'max_iter': 5000, 'penalty': 'l2', 'solver': 'liblinear'}
100,4,8000,74,2.47784161567688,{'C': 0.004832930238571752, 'max_iter': 5000, 'penalty': 'l2', 'solver': 'liblinear'}
005,0,8000,58,1.2340643405914307,{'C': 0.615848211066026, 'max_iter': 5000, 'penalty': 'l2', 'solver': 'liblinear'}
005,1,8000,56,0.2429213523864746,{'C': 29.763514416313132, 'max_iter': 5000, 'penalty': 'l2', 'solver': 'liblinear'}
005,2,8000,50,0.24501419067382812,{'C': 1438.44988828766, 'max_iter': 5000, 'penalty': 'l1', 'solver': 'liblinear'}
005,3,8000,66,0.21619582176208496,{'C': 0.23357214690901212, 'max_iter': 5000, 'penalty': 'l1', 'solver': 'liblinear'}
005,4,8000,59,0.2572164535522461,{'C': 11.288378916846883, 'max_iter': 5000, 'penalty': 'l1', 'solver': 'liblinear'}
010,0,8000,63,0.24327945709228516,{'C': 29.763514416313132, 'max_iter': 5000, 'penalty': 'l2', 'solver': 'liblinear'}
010,1,8000,68,0.2408592700958252,{'C': 0.08858667904100823, 'max_iter': 5000, 'penalty': 'l2', 'solver': 'liblinear'}
010,2,8000,57,0.22673535346984863,{'C': 0.23357214690901212, 'max_iter': 5000, 'penalty': 'l1', 'solver': 'liblinear'}
010,3,8000,62,0.22357916831970215,{'C': 0.03359818286283781, 'max_iter': 5000, 'penalty': 'l2', 'solver': 'liblinear'}
010,4,8000,64,0.22086167335510254,{'C': 0.08858667904100823, 'max_iter': 5000, 'penalty': 'l2', 'solver': 'liblinear'}
015,0,8000,64,0.2448580265045166,{'C': 1438.44988828766, 'max_iter': 5000, 'penalty': 'l1', 'solver': 'liblinear'}
015,1,8000,62,0.2449817657470703,{'C': 0.08858667904100823, 'max_iter': 5000, 'penalty': 'l2', 'solver': 'liblinear'}
015,2,8000,61,0.22887945175170898,{'C': 206.913808111479, 'max_iter': 10000, 'penalty': 'l1', 'solver': 'liblinear'}
015,3,8000,66,0.22587871551513672,{'C': 0.08858667904100823, 'max_iter': 5000, 'penalty': 'l1', 'solver': 'liblinear'}
015,4,8000,65,0.22403645515441895,{'C': 10000.0, 'max_iter': 5000, 'penalty': 'l1', 'solver': 'liblinear'}
020,0,8000,67,0.21219348907470703,{'C': 0.012742749857031334, 'max_iter': 5000, 'penalty': 'l2', 'solver': 'liblinear'}
020,1,8000,60,0.24995112419128418,{'C': 3792.690190732246, 'max_iter': 5000, 'penalty': 'l1', 'solver': 'liblinear'}
020,2,8000,66,0.24446940422058105,{'C': 545.5594781168514, 'max_iter': 5000, 'penalty': 'l2', 'solver': 'liblinear'}
020,3,8000,66,0.2325754165649414,{'C': 0.615848211066026, 'max_iter': 5000, 'penalty': 'l1', 'solver': 'liblinear'}
020,4,8000,69,0.223862886428833,{'C': 11.288378916846883, 'max_iter': 5000, 'penalty': 'l2', 'solver': 'liblinear'}
030,0,8000,64,0.23793745040893555,{'C': 0.23357214690901212, 'max_iter': 5000, 'penalty': 'l1', 'solver': 'liblinear'}
030,1,8000,56,0.30716776847839355,{'C': 1.623776739188721, 'max_iter': 5000, 'penalty': 'l1', 'solver': 'liblinear'}
030,2,8000,69,0.3122990131378174,{'C': 3792.690190732246, 'max_iter': 10000, 'penalty': 'l1', 'solver': 'liblinear'}
030,3,8000,69,0.2862129211425781,{'C': 78.47599703514607, 'max_iter': 10000, 'penalty': 'l1', 'solver': 'liblinear'}
030,4,8000,66,0.23473596572875977,{'C': 0.004832930238571752, 'max_iter': 5000, 'penalty': 'l2', 'solver': 'liblinear'}
060,0,8000,70,0.49936795234680176,{'C': 0.23357214690901212, 'max_iter': 5000, 'penalty': 'l1', 'solver': 'liblinear'}
060,1,8000,72,0.5856878757476807,{'C': 0.615848211066026, 'max_iter': 5000, 'penalty': 'l1', 'solver': 'liblinear'}
060,2,8000,70,0.5677933692932129,{'C': 0.004832930238571752, 'max_iter': 5000, 'penalty': 'l2', 'solver': 'liblinear'}
060,3,8000,74,0.5598063468933105,{'C': 0.004832930238571752, 'max_iter': 5000, 'penalty': 'l2', 'solver': 'liblinear'}
060,4,8000,75,0.6639249324798584,{'C': 0.012742749857031334, 'max_iter': 5000, 'penalty': 'l2', 'solver': 'liblinear'}
100,0,8000,75,3.0739850997924805,{'C': 0.012742749857031334, 'max_iter': 5000, 'penalty': 'l2', 'solver': 'liblinear'}
100,1,8000,74,4.298134803771973,{'C': 0.08858667904100823, 'max_iter': 5000, 'penalty': 'l2', 'solver': 'liblinear'}
100,2,8000,66,2.9190311431884766,{'C': 0.615848211066026, 'max_iter': 5000, 'penalty': 'l1', 'solver': 'liblinear'}
100,3,8000,74,3.4150681495666504,{'C': 0.03359818286283781, 'max_iter': 5000, 'penalty': 'l2', 'solver': 'liblinear'}
100,4,8000,75,2.3086862564086914,{'C': 0.012742749857031334, 'max_iter': 5000, 'penalty': 'l2', 'solver': 'liblinear'}
005,0,8000,53,1.1383545398712158,{'C': 29.763514416313132, 'max_iter': 5000, 'penalty': 'l1', 'solver': 'liblinear'}
005,1,8000,58,0.2313098907470703,{'C': 0.615848211066026, 'max_iter': 5000, 'penalty': 'l2', 'solver': 'liblinear'}
005,2,8000,49,0.23969197273254395,{'C': 10000.0, 'max_iter': 5000, 'penalty': 'l1', 'solver': 'liblinear'}
005,3,8000,66,0.23678922653198242,{'C': 0.23357214690901212, 'max_iter': 5000, 'penalty': 'l1', 'solver': 'liblinear'}
005,4,8000,59,0.2603297233581543,{'C': 29.763514416313132, 'max_iter': 5000, 'penalty': 'l1', 'solver': 'liblinear'}
010,0,8000,67,0.23377704620361328,{'C': 1438.44988828766, 'max_iter': 10000, 'penalty': 'l1', 'solver': 'liblinear'}
010,1,8000,67,0.22837400436401367,{'C': 0.615848211066026, 'max_iter': 5000, 'penalty': 'l1', 'solver': 'liblinear'}
010,2,8000,63,0.21749019622802734,{'C': 0.08858667904100823, 'max_iter': 5000, 'penalty': 'l1', 'solver': 'liblinear'}
010,3,8000,62,0.21892046928405762,{'C': 0.012742749857031334, 'max_iter': 5000, 'penalty': 'l2', 'solver': 'liblinear'}
010,4,8000,64,0.2127537727355957,{'C': 0.23357214690901212, 'max_iter': 5000, 'penalty': 'l2', 'solver': 'liblinear'}
015,0,8000,60,0.24127745628356934,{'C': 4.281332398719396, 'max_iter': 5000, 'penalty': 'l1', 'solver': 'liblinear'}
015,1,8000,61,0.2546248435974121,{'C': 0.615848211066026, 'max_iter': 5000, 'penalty': 'l1', 'solver': 'liblinear'}
015,2,8000,62,0.2277359962463379,{'C': 78.47599703514607, 'max_iter': 10000, 'penalty': 'l1', 'solver': 'liblinear'}
015,3,8000,66,0.22519779205322266,{'C': 0.08858667904100823, 'max_iter': 5000, 'penalty': 'l1', 'solver': 'liblinear'}
015,4,8000,65,0.22804641723632812,{'C': 29.763514416313132, 'max_iter': 5000, 'penalty': 'l2', 'solver': 'liblinear'}
020,0,8000,72,0.22867417335510254,{'C': 0.23357214690901212, 'max_iter': 5000, 'penalty': 'l1', 'solver': 'liblinear'}
020,1,8000,72,0.25873517990112305,{'C': 0.23357214690901212, 'max_iter': 5000, 'penalty': 'l1', 'solver': 'liblinear'}
020,2,8000,65,0.24392223358154297,{'C': 29.763514416313132, 'max_iter': 5000, 'penalty': 'l2', 'solver': 'liblinear'}
020,3,8000,64,0.23624491691589355,{'C': 0.23357214690901212, 'max_iter': 5000, 'penalty': 'l1', 'solver': 'liblinear'}
020,4,8000,66,0.22634100914001465,{'C': 10000.0, 'max_iter': 5000, 'penalty': 'l1', 'solver': 'liblinear'}
030,0,8000,64,0.23885369300842285,{'C': 0.23357214690901212, 'max_iter': 5000, 'penalty': 'l1', 'solver': 'liblinear'}
030,1,8000,68,0.4144861698150635,{'C': 78.47599703514607, 'max_iter': 10000, 'penalty': 'l1', 'solver': 'liblinear'}
030,2,8000,73,0.278228759765625,{'C': 0.004832930238571752, 'max_iter': 5000, 'penalty': 'l2', 'solver': 'liblinear'}
030,3,8000,74,0.24915862083435059,{'C': 0.23357214690901212, 'max_iter': 5000, 'penalty': 'l2', 'solver': 'liblinear'}
030,4,8000,62,0.2528374195098877,{'C': 0.615848211066026, 'max_iter': 5000, 'penalty': 'l1', 'solver': 'liblinear'}
060,0,8000,70,0.48746418952941895,{'C': 4.281332398719396, 'max_iter': 5000, 'penalty': 'l2', 'solver': 'liblinear'}
060,1,8000,72,0.5886290073394775,{'C': 0.615848211066026, 'max_iter': 5000, 'penalty': 'l1', 'solver': 'liblinear'}
060,2,8000,72,0.510425329208374,{'C': 0.012742749857031334, 'max_iter': 5000, 'penalty': 'l2', 'solver': 'liblinear'}
060,3,8000,74,0.568549633026123,{'C': 0.004832930238571752, 'max_iter': 5000, 'penalty': 'l2', 'solver': 'liblinear'}
060,4,8000,74,0.8285627365112305,{'C': 0.23357214690901212, 'max_iter': 5000, 'penalty': 'l2', 'solver': 'liblinear'}
100,0,8000,75,3.35261869430542,{'C': 0.012742749857031334, 'max_iter': 5000, 'penalty': 'l2', 'solver': 'liblinear'}
100,1,8000,74,3.93064284324646,{'C': 0.23357214690901212, 'max_iter': 5000, 'penalty': 'l1', 'solver': 'liblinear'}
100,2,8000,75,2.480846881866455,{'C': 0.004832930238571752, 'max_iter': 5000, 'penalty': 'l2', 'solver': 'liblinear'}
100,3,8000,74,3.1781671047210693,{'C': 0.004832930238571752, 'max_iter': 5000, 'penalty': 'l2', 'solver': 'liblinear'}
100,4,8000,73,2.887464761734009,{'C': 0.08858667904100823, 'max_iter': 5000, 'penalty': 'l2', 'solver': 'liblinear'}
005,0,8000,59,1.1045656204223633,{'C': 1.623776739188721, 'max_iter': 5000, 'penalty': 'l2', 'solver': 'liblinear'}
005,1,8000,52,0.2525665760040283,{'C': 1438.44988828766, 'max_iter': 5000, 'penalty': 'l1', 'solver': 'liblinear'}
005,2,8000,51,0.2396388053894043,{'C': 206.913808111479, 'max_iter': 5000, 'penalty': 'l1', 'solver': 'liblinear'}
005,3,8000,66,0.2124159336090088,{'C': 10000.0, 'max_iter': 5000, 'penalty': 'l1', 'solver': 'liblinear'}
005,4,8000,62,0.23634767532348633,{'C': 1438.44988828766, 'max_iter': 5000, 'penalty': 'l2', 'solver': 'liblinear'}
010,0,8000,69,0.246551513671875,{'C': 78.47599703514607, 'max_iter': 10000, 'penalty': 'l1', 'solver': 'liblinear'}
010,1,8000,66,0.22574734687805176,{'C': 0.615848211066026, 'max_iter': 5000, 'penalty': 'l2', 'solver': 'liblinear'}
010,2,8000,57,0.22269320487976074,{'C': 0.23357214690901212, 'max_iter': 5000, 'penalty': 'l1', 'solver': 'liblinear'}
010,3,8000,67,0.22572803497314453,{'C': 78.47599703514607, 'max_iter': 5000, 'penalty': 'l2', 'solver': 'liblinear'}
010,4,8000,64,0.23034095764160156,{'C': 0.08858667904100823, 'max_iter': 5000, 'penalty': 'l2', 'solver': 'liblinear'}
015,0,8000,59,0.24255847930908203,{'C': 3792.690190732246, 'max_iter': 10000, 'penalty': 'l1', 'solver': 'liblinear'}
015,1,8000,63,0.23234176635742188,{'C': 0.23357214690901212, 'max_iter': 5000, 'penalty': 'l1', 'solver': 'liblinear'}
015,2,8000,62,0.22002577781677246,{'C': 78.47599703514607, 'max_iter': 5000, 'penalty': 'l1', 'solver': 'liblinear'}
015,3,8000,68,0.22569561004638672,{'C': 206.913808111479, 'max_iter': 5000, 'penalty': 'l1', 'solver': 'liblinear'}
015,4,8000,65,0.2133622169494629,{'C': 206.913808111479, 'max_iter': 5000, 'penalty': 'l1', 'solver': 'liblinear'}
020,0,8000,72,0.22275424003601074,{'C': 0.23357214690901212, 'max_iter': 5000, 'penalty': 'l1', 'solver': 'liblinear'}
020,1,8000,66,0.2568514347076416,{'C': 1438.44988828766, 'max_iter': 5000, 'penalty': 'l2', 'solver': 'liblinear'}
020,2,8000,66,0.22831058502197266,{'C': 0.615848211066026, 'max_iter': 5000, 'penalty': 'l2', 'solver': 'liblinear'}
020,3,8000,66,0.22886252403259277,{'C': 0.615848211066026, 'max_iter': 5000, 'penalty': 'l1', 'solver': 'liblinear'}
020,4,8000,68,0.21860265731811523,{'C': 78.47599703514607, 'max_iter': 5000, 'penalty': 'l2', 'solver': 'liblinear'}
030,0,8000,64,0.23960661888122559,{'C': 0.08858667904100823, 'max_iter': 5000, 'penalty': 'l1', 'solver': 'liblinear'}
030,1,8000,58,0.3465232849121094,{'C': 4.281332398719396, 'max_iter': 5000, 'penalty': 'l1', 'solver': 'liblinear'}
030,2,8000,73,0.276322603225708,{'C': 0.004832930238571752, 'max_iter': 5000, 'penalty': 'l2', 'solver': 'liblinear'}
030,3,8000,75,0.2523949146270752,{'C': 0.615848211066026, 'max_iter': 5000, 'penalty': 'l1', 'solver': 'liblinear'}
030,4,8000,74,0.2557370662689209,{'C': 0.08858667904100823, 'max_iter': 5000, 'penalty': 'l2', 'solver': 'liblinear'}
060,0,8000,71,0.4629337787628174,{'C': 1.623776739188721, 'max_iter': 5000, 'penalty': 'l2', 'solver': 'liblinear'}
060,1,8000,72,0.5497176647186279,{'C': 0.08858667904100823, 'max_iter': 5000, 'penalty': 'l2', 'solver': 'liblinear'}
060,2,8000,70,0.5586600303649902,{'C': 0.0018329807108324356, 'max_iter': 5000, 'penalty': 'l2', 'solver': 'liblinear'}
060,3,8000,72,0.572300910949707,{'C': 0.0018329807108324356, 'max_iter': 5000, 'penalty': 'l2', 'solver': 'liblinear'}
060,4,8000,75,0.7187497615814209,{'C': 0.23357214690901212, 'max_iter': 5000, 'penalty': 'l1', 'solver': 'liblinear'}
100,0,8000,73,3.6832947731018066,{'C': 0.03359818286283781, 'max_iter': 5000, 'penalty': 'l2', 'solver': 'liblinear'}
100,1,8000,73,4.430813312530518,{'C': 0.23357214690901212, 'max_iter': 5000, 'penalty': 'l2', 'solver': 'liblinear'}
100,2,8000,73,2.3164985179901123,{'C': 0.23357214690901212, 'max_iter': 5000, 'penalty': 'l2', 'solver': 'liblinear'}
100,3,8000,74,2.6349499225616455,{'C': 0.004832930238571752, 'max_iter': 5000, 'penalty': 'l2', 'solver': 'liblinear'}
100,4,8000,75,1.7518575191497803,{'C': 0.012742749857031334, 'max_iter': 5000, 'penalty': 'l2', 'solver': 'liblinear'}
005,0,8000,56,1.1648306846618652,{'C': 78.47599703514607, 'max_iter': 5000, 'penalty': 'l2', 'solver': 'liblinear'}
005,1,8000,51,0.22971892356872559,{'C': 3792.690190732246, 'max_iter': 5000, 'penalty': 'l1', 'solver': 'liblinear'}
005,2,8000,49,0.24071264266967773,{'C': 1438.44988828766, 'max_iter': 5000, 'penalty': 'l1', 'solver': 'liblinear'}
005,3,8000,66,0.2113354206085205,{'C': 0.23357214690901212, 'max_iter': 5000, 'penalty': 'l1', 'solver': 'liblinear'}
005,4,8000,62,0.2272946834564209,{'C': 206.913808111479, 'max_iter': 5000, 'penalty': 'l2', 'solver': 'liblinear'}
010,0,8000,63,0.22048664093017578,{'C': 10000.0, 'max_iter': 5000, 'penalty': 'l2', 'solver': 'liblinear'}
010,1,8000,68,0.2157421112060547,{'C': 0.08858667904100823, 'max_iter': 5000, 'penalty': 'l2', 'solver': 'liblinear'}
010,2,8000,57,0.21773004531860352,{'C': 0.23357214690901212, 'max_iter': 5000, 'penalty': 'l1', 'solver': 'liblinear'}
010,3,8000,61,0.21704459190368652,{'C': 0.08858667904100823, 'max_iter': 5000, 'penalty': 'l2', 'solver': 'liblinear'}
010,4,8000,64,0.2176518440246582,{'C': 0.03359818286283781, 'max_iter': 5000, 'penalty': 'l2', 'solver': 'liblinear'}
015,0,8000,58,0.2525441646575928,{'C': 29.763514416313132, 'max_iter': 5000, 'penalty': 'l1', 'solver': 'liblinear'}
015,1,8000,63,0.2496654987335205,{'C': 0.23357214690901212, 'max_iter': 5000, 'penalty': 'l2', 'solver': 'liblinear'}
015,2,8000,69,0.22974467277526855,{'C': 1.623776739188721, 'max_iter': 5000, 'penalty': 'l2', 'solver': 'liblinear'}
015,3,8000,67,0.22002840042114258,{'C': 0.012742749857031334, 'max_iter': 5000, 'penalty': 'l2', 'solver': 'liblinear'}
015,4,8000,64,0.23292994499206543,{'C': 545.5594781168514, 'max_iter': 5000, 'penalty': 'l2', 'solver': 'liblinear'}
020,0,8000,70,0.23314595222473145,{'C': 0.08858667904100823, 'max_iter': 5000, 'penalty': 'l1', 'solver': 'liblinear'}
020,1,8000,73,0.25943851470947266,{'C': 0.08858667904100823, 'max_iter': 5000, 'penalty': 'l2', 'solver': 'liblinear'}
020,2,8000,65,0.2696549892425537,{'C': 10000.0, 'max_iter': 5000, 'penalty': 'l2', 'solver': 'liblinear'}
020,3,8000,61,0.24273085594177246,{'C': 0.08858667904100823, 'max_iter': 5000, 'penalty': 'l1', 'solver': 'liblinear'}
020,4,8000,67,0.2282850742340088,{'C': 1438.44988828766, 'max_iter': 5000, 'penalty': 'l1', 'solver': 'liblinear'}
030,0,8000,64,0.2614576816558838,{'C': 0.23357214690901212, 'max_iter': 5000, 'penalty': 'l1', 'solver': 'liblinear'}
030,1,8000,70,0.2949090003967285,{'C': 0.08858667904100823, 'max_iter': 5000, 'penalty': 'l2', 'solver': 'liblinear'}
030,2,8000,73,0.2723371982574463,{'C': 0.004832930238571752, 'max_iter': 5000, 'penalty': 'l2', 'solver': 'liblinear'}
030,3,8000,76,0.25707411766052246,{'C': 0.03359818286283781, 'max_iter': 5000, 'penalty': 'l2', 'solver': 'liblinear'}
030,4,8000,66,0.2556464672088623,{'C': 0.0018329807108324356, 'max_iter': 5000, 'penalty': 'l2', 'solver': 'liblinear'}
060,0,8000,74,0.5098567008972168,{'C': 0.012742749857031334, 'max_iter': 5000, 'penalty': 'l2', 'solver': 'liblinear'}
060,1,8000,73,0.5779633522033691,{'C': 0.03359818286283781, 'max_iter': 5000, 'penalty': 'l2', 'solver': 'liblinear'}
060,2,8000,71,0.5567898750305176,{'C': 0.03359818286283781, 'max_iter': 5000, 'penalty': 'l2', 'solver': 'liblinear'}
060,3,8000,72,0.5894379615783691,{'C': 0.0018329807108324356, 'max_iter': 5000, 'penalty': 'l2', 'solver': 'liblinear'}
060,4,8000,73,0.7876183986663818,{'C': 0.004832930238571752, 'max_iter': 5000, 'penalty': 'l2', 'solver': 'liblinear'}
100,0,8000,73,2.9648921489715576,{'C': 0.004832930238571752, 'max_iter': 5000, 'penalty': 'l2', 'solver': 'liblinear'}
100,1,8000,74,3.509368419647217,{'C': 0.03359818286283781, 'max_iter': 5000, 'penalty': 'l2', 'solver': 'liblinear'}
100,2,8000,74,1.9039177894592285,{'C': 0.0018329807108324356, 'max_iter': 5000, 'penalty': 'l2', 'solver': 'liblinear'}
100,3,8000,75,2.733471155166626,{'C': 0.012742749857031334, 'max_iter': 5000, 'penalty': 'l2', 'solver': 'liblinear'}
100,4,8000,74,2.5753536224365234,{'C': 0.03359818286283781, 'max_iter': 5000, 'penalty': 'l2', 'solver': 'liblinear'}
005,0,8000,52,1.2470855712890625,{'C': 206.913808111479, 'max_iter': 5000, 'penalty': 'l1', 'solver': 'liblinear'}
005,1,8000,52,0.26778078079223633,{'C': 78.47599703514607, 'max_iter': 5000, 'penalty': 'l1', 'solver': 'liblinear'}
005,2,8000,48,0.22571873664855957,{'C': 1438.44988828766, 'max_iter': 10000, 'penalty': 'l1', 'solver': 'liblinear'}
005,3,8000,67,0.2199234962463379,{'C': 0.08858667904100823, 'max_iter': 5000, 'penalty': 'l2', 'solver': 'liblinear'}
005,4,8000,54,0.23715853691101074,{'C': 3792.690190732246, 'max_iter': 5000, 'penalty': 'l1', 'solver': 'liblinear'}
010,0,8000,64,0.24078822135925293,{'C': 11.288378916846883, 'max_iter': 5000, 'penalty': 'l1', 'solver': 'liblinear'}
010,1,8000,68,0.22132301330566406,{'C': 0.23357214690901212, 'max_iter': 5000, 'penalty': 'l2', 'solver': 'liblinear'}
010,2,8000,57,0.21477580070495605,{'C': 0.23357214690901212, 'max_iter': 5000, 'penalty': 'l1', 'solver': 'liblinear'}
010,3,8000,61,0.21602845191955566,{'C': 0.08858667904100823, 'max_iter': 5000, 'penalty': 'l2', 'solver': 'liblinear'}
010,4,8000,61,0.22349214553833008,{'C': 0.004832930238571752, 'max_iter': 5000, 'penalty': 'l2', 'solver': 'liblinear'}
015,0,8000,56,0.25200819969177246,{'C': 1438.44988828766, 'max_iter': 10000, 'penalty': 'l1', 'solver': 'liblinear'}
015,1,8000,63,0.26286792755126953,{'C': 0.23357214690901212, 'max_iter': 5000, 'penalty': 'l1', 'solver': 'liblinear'}
015,2,8000,62,0.22581100463867188,{'C': 1438.44988828766, 'max_iter': 10000, 'penalty': 'l1', 'solver': 'liblinear'}
015,3,8000,72,0.23424506187438965,{'C': 1.623776739188721, 'max_iter': 5000, 'penalty': 'l1', 'solver': 'liblinear'}
015,4,8000,64,0.22337985038757324,{'C': 545.5594781168514, 'max_iter': 5000, 'penalty': 'l1', 'solver': 'liblinear'}
020,0,8000,70,0.21969842910766602,{'C': 0.08858667904100823, 'max_iter': 5000, 'penalty': 'l1', 'solver': 'liblinear'}
020,1,8000,60,0.25301170349121094,{'C': 10000.0, 'max_iter': 5000, 'penalty': 'l1', 'solver': 'liblinear'}
020,2,8000,61,0.2672126293182373,{'C': 206.913808111479, 'max_iter': 5000, 'penalty': 'l1', 'solver': 'liblinear'}
020,3,8000,70,0.23118925094604492,{'C': 0.23357214690901212, 'max_iter': 5000, 'penalty': 'l2', 'solver': 'liblinear'}
020,4,8000,69,0.22540497779846191,{'C': 3792.690190732246, 'max_iter': 5000, 'penalty': 'l1', 'solver': 'liblinear'}
030,0,8000,64,0.24523138999938965,{'C': 0.23357214690901212, 'max_iter': 5000, 'penalty': 'l1', 'solver': 'liblinear'}
030,1,8000,68,0.394878625869751,{'C': 206.913808111479, 'max_iter': 5000, 'penalty': 'l1', 'solver': 'liblinear'}
030,2,8000,73,0.2816033363342285,{'C': 0.004832930238571752, 'max_iter': 5000, 'penalty': 'l2', 'solver': 'liblinear'}
030,3,8000,77,0.2512044906616211,{'C': 0.012742749857031334, 'max_iter': 5000, 'penalty': 'l2', 'solver': 'liblinear'}
030,4,8000,72,0.24637484550476074,{'C': 0.03359818286283781, 'max_iter': 5000, 'penalty': 'l2', 'solver': 'liblinear'}
060,0,8000,66,0.516897439956665,{'C': 1.623776739188721, 'max_iter': 5000, 'penalty': 'l1', 'solver': 'liblinear'}
060,1,8000,72,0.595853328704834,{'C': 0.23357214690901212, 'max_iter': 5000, 'penalty': 'l2', 'solver': 'liblinear'}
060,2,8000,72,0.5261857509613037,{'C': 0.012742749857031334, 'max_iter': 5000, 'penalty': 'l2', 'solver': 'liblinear'}
060,3,8000,74,0.668083906173706,{'C': 0.004832930238571752, 'max_iter': 5000, 'penalty': 'l2', 'solver': 'liblinear'}
060,4,8000,73,0.8449747562408447,{'C': 0.004832930238571752, 'max_iter': 5000, 'penalty': 'l2', 'solver': 'liblinear'}
100,0,8000,73,3.358060359954834,{'C': 0.004832930238571752, 'max_iter': 5000, 'penalty': 'l2', 'solver': 'liblinear'}
100,1,8000,74,3.83621883392334,{'C': 0.08858667904100823, 'max_iter': 5000, 'penalty': 'l2', 'solver': 'liblinear'}
100,2,8000,73,2.738680839538574,{'C': 0.08858667904100823, 'max_iter': 5000, 'penalty': 'l2', 'solver': 'liblinear'}
100,3,8000,74,3.886354446411133,{'C': 0.004832930238571752, 'max_iter': 5000, 'penalty': 'l2', 'solver': 'liblinear'}
100,4,8000,74,2.8953371047973633,{'C': 0.03359818286283781, 'max_iter': 5000, 'penalty': 'l2', 'solver': 'liblinear'}
