005,0,8000,52,0.47824954986572266,{'C': 10, 'gamma': 0.01, 'kernel': 'sigmoid'}
005,1,8000,52,0.9817466735839844,{'C': 0.1, 'gamma': 1, 'kernel': 'poly'}
005,2,8000,50,1.0867111682891846,{'C': 0.1, 'gamma': 1, 'kernel': 'poly'}
005,3,8000,60,0.9028289318084717,{'C': 0.1, 'gamma': 1, 'kernel': 'poly'}
005,4,8000,59,0.536973237991333,{'C': 10, 'gamma': 0.01, 'kernel': 'rbf'}
010,0,8000,63,0.8999142646789551,{'C': 10, 'gamma': 0.01, 'kernel': 'sigmoid'}
010,1,8000,66,0.9770135879516602,{'C': 10, 'gamma': 0.001, 'kernel': 'rbf'}
010,2,8000,60,0.8633928298950195,{'C': 10, 'gamma': 0.001, 'kernel': 'rbf'}
010,3,8000,65,0.9907431602478027,{'C': 10, 'gamma': 0.001, 'kernel': 'sigmoid'}
010,4,8000,60,0.9368958473205566,{'C': 1, 'gamma': 0.001, 'kernel': 'sigmoid'}
015,0,8000,64,0.5222032070159912,{'C': 0.1, 'gamma': 1, 'kernel': 'poly'}
015,1,8000,66,1.5871644020080566,{'C': 10, 'gamma': 0.01, 'kernel': 'sigmoid'}
015,2,8000,64,1.436873435974121,{'C': 10, 'gamma': 0.01, 'kernel': 'poly'}
015,3,8000,68,1.371415615081787,{'C': 10, 'gamma': 0.001, 'kernel': 'rbf'}
015,4,8000,67,0.4973268508911133,{'C': 10, 'gamma': 0.001, 'kernel': 'rbf'}
020,0,8000,64,1.0660898685455322,{'C': 0.1, 'gamma': 0.01, 'kernel': 'poly'}
020,1,8000,71,1.0938642024993896,{'C': 10, 'gamma': 0.01, 'kernel': 'poly'}
020,2,8000,70,1.0904741287231445,{'C': 10, 'gamma': 0.01, 'kernel': 'sigmoid'}
020,3,8000,71,0.5484664440155029,{'C': 1, 'gamma': 0.01, 'kernel': 'poly'}
020,4,8000,69,0.5681874752044678,{'C': 1, 'gamma': 0.01, 'kernel': 'rbf'}
030,0,8000,69,1.6658778190612793,{'C': 1, 'gamma': 0.01, 'kernel': 'sigmoid'}
030,1,8000,69,0.7280399799346924,{'C': 1, 'gamma': 0.01, 'kernel': 'rbf'}
030,2,8000,68,1.3048126697540283,{'C': 1, 'gamma': 0.01, 'kernel': 'sigmoid'}
030,3,8000,72,1.2745699882507324,{'C': 10, 'gamma': 0.001, 'kernel': 'sigmoid'}
030,4,8000,67,1.5953867435455322,{'C': 0.1, 'gamma': 0.01, 'kernel': 'rbf'}
060,0,8000,72,1.8837952613830566,{'C': 100, 'gamma': 0.001, 'kernel': 'rbf'}
060,1,8000,72,1.9356067180633545,{'C': 10, 'gamma': 0.001, 'kernel': 'rbf'}
060,2,8000,67,1.902369737625122,{'C': 10, 'gamma': 0.01, 'kernel': 'rbf'}
060,3,8000,72,0.9486732482910156,{'C': 10, 'gamma': 0.001, 'kernel': 'sigmoid'}
060,4,8000,72,2.029299020767212,{'C': 1, 'gamma': 0.01, 'kernel': 'rbf'}
100,0,8000,72,3.1018123626708984,{'C': 100, 'gamma': 0.001, 'kernel': 'sigmoid'}
100,1,8000,72,3.158804416656494,{'C': 1, 'gamma': 0.01, 'kernel': 'sigmoid'}
100,2,8000,73,1.553907871246338,{'C': 10, 'gamma': 0.001, 'kernel': 'rbf'}
100,3,8000,74,3.130481719970703,{'C': 100, 'gamma': 0.001, 'kernel': 'rbf'}
100,4,8000,71,3.142164468765259,{'C': 100, 'gamma': 0.001, 'kernel': 'rbf'}
005,0,8000,53,1.2661151885986328,{'C': 100, 'gamma': 0.001, 'kernel': 'sigmoid'}
005,1,8000,58,1.3883576393127441,{'C': 100, 'gamma': 0.01, 'kernel': 'rbf'}
005,2,8000,50,0.9394063949584961,{'C': 0.1, 'gamma': 1, 'kernel': 'poly'}
005,3,8000,63,0.9164102077484131,{'C': 1, 'gamma': 0.01, 'kernel': 'poly'}
005,4,8000,58,0.9616765975952148,{'C': 100, 'gamma': 0.01, 'kernel': 'rbf'}
010,0,8000,58,1.003173589706421,{'C': 0.1, 'gamma': 1, 'kernel': 'poly'}
010,1,8000,66,1.3301446437835693,{'C': 10, 'gamma': 0.001, 'kernel': 'rbf'}
010,2,8000,66,0.9746768474578857,{'C': 0.1, 'gamma': 1, 'kernel': 'poly'}
010,3,8000,63,0.48010921478271484,{'C': 100, 'gamma': 0.001, 'kernel': 'rbf'}
010,4,8000,62,0.4589502811431885,{'C': 10, 'gamma': 0.001, 'kernel': 'rbf'}
015,0,8000,67,0.6055893898010254,{'C': 10, 'gamma': 0.01, 'kernel': 'sigmoid'}
015,1,8000,65,1.0646605491638184,{'C': 10, 'gamma': 0.01, 'kernel': 'sigmoid'}
015,2,8000,65,0.51080322265625,{'C': 10, 'gamma': 0.01, 'kernel': 'rbf'}
015,3,8000,66,1.0679373741149902,{'C': 10, 'gamma': 0.01, 'kernel': 'rbf'}
015,4,8000,61,1.0156569480895996,{'C': 0.1, 'gamma': 1, 'kernel': 'poly'}
020,0,8000,68,1.0786371231079102,{'C': 10, 'gamma': 0.01, 'kernel': 'rbf'}
020,1,8000,68,1.118987798690796,{'C': 100, 'gamma': 0.01, 'kernel': 'rbf'}
020,2,8000,66,1.1206743717193604,{'C': 100, 'gamma': 0.001, 'kernel': 'rbf'}
020,3,8000,70,1.1243937015533447,{'C': 10, 'gamma': 0.01, 'kernel': 'rbf'}
020,4,8000,66,1.121290922164917,{'C': 0.1, 'gamma': 0.01, 'kernel': 'poly'}
030,0,8000,68,1.3311538696289062,{'C': 10, 'gamma': 0.001, 'kernel': 'rbf'}
030,1,8000,69,1.3405253887176514,{'C': 1, 'gamma': 0.01, 'kernel': 'rbf'}
030,2,8000,68,1.3514435291290283,{'C': 1, 'gamma': 0.01, 'kernel': 'sigmoid'}
030,3,8000,72,1.6206068992614746,{'C': 100, 'gamma': 0.001, 'kernel': 'sigmoid'}
030,4,8000,66,1.2650830745697021,{'C': 0.1, 'gamma': 0.001, 'kernel': 'poly'}
060,0,8000,74,0.9233231544494629,{'C': 100, 'gamma': 0.001, 'kernel': 'sigmoid'}
060,1,8000,71,1.9056174755096436,{'C': 1, 'gamma': 0.01, 'kernel': 'poly'}
060,2,8000,67,1.8815467357635498,{'C': 10, 'gamma': 0.01, 'kernel': 'rbf'}
060,3,8000,72,1.9326508045196533,{'C': 10, 'gamma': 0.001, 'kernel': 'sigmoid'}
060,4,8000,70,1.9485647678375244,{'C': 1, 'gamma': 0.01, 'kernel': 'sigmoid'}
100,0,8000,70,3.0445659160614014,{'C': 1, 'gamma': 0.001, 'kernel': 'rbf'}
100,1,8000,73,3.1580474376678467,{'C': 1, 'gamma': 0.01, 'kernel': 'poly'}
100,2,8000,71,3.061882495880127,{'C': 10, 'gamma': 0.01, 'kernel': 'rbf'}
100,3,8000,71,3.0616345405578613,{'C': 0.1, 'gamma': 0.1, 'kernel': 'poly'}
100,4,8000,74,3.2022154331207275,{'C': 1, 'gamma': 0.01, 'kernel': 'rbf'}
005,0,8000,55,0.5514867305755615,{'C': 0.1, 'gamma': 1, 'kernel': 'poly'}
005,1,8000,58,0.9515109062194824,{'C': 100, 'gamma': 0.01, 'kernel': 'rbf'}
005,2,8000,52,0.9446628093719482,{'C': 100, 'gamma': 0.01, 'kernel': 'sigmoid'}
005,3,8000,63,0.9235737323760986,{'C': 1, 'gamma': 0.01, 'kernel': 'poly'}
005,4,8000,58,0.951366662979126,{'C': 100, 'gamma': 0.001, 'kernel': 'rbf'}
010,0,8000,61,1.008558750152588,{'C': 100, 'gamma': 0.001, 'kernel': 'rbf'}
010,1,8000,66,0.9691648483276367,{'C': 10, 'gamma': 0.001, 'kernel': 'rbf'}
010,2,8000,66,0.970599889755249,{'C': 0.1, 'gamma': 1, 'kernel': 'poly'}
010,3,8000,62,0.9625096321105957,{'C': 0.1, 'gamma': 1, 'kernel': 'poly'}
010,4,8000,61,0.9410688877105713,{'C': 1, 'gamma': 0.001, 'kernel': 'rbf'}
015,0,8000,63,0.526578426361084,{'C': 100, 'gamma': 0.001, 'kernel': 'rbf'}
015,1,8000,64,1.0498461723327637,{'C': 100, 'gamma': 0.001, 'kernel': 'sigmoid'}
015,2,8000,64,1.0249457359313965,{'C': 0.1, 'gamma': 1, 'kernel': 'poly'}
015,3,8000,68,1.0330419540405273,{'C': 100, 'gamma': 0.001, 'kernel': 'rbf'}
015,4,8000,57,0.7221987247467041,{'C': 10, 'gamma': 0.1, 'kernel': 'rbf'}
020,0,8000,64,1.074061393737793,{'C': 0.1, 'gamma': 0.01, 'kernel': 'rbf'}
020,1,8000,71,1.1523442268371582,{'C': 0.1, 'gamma': 0.001, 'kernel': 'sigmoid'}
020,2,8000,66,1.1249377727508545,{'C': 100, 'gamma': 0.001, 'kernel': 'rbf'}
020,3,8000,70,1.1287548542022705,{'C': 10, 'gamma': 0.01, 'kernel': 'rbf'}
020,4,8000,69,1.1256999969482422,{'C': 1, 'gamma': 0.01, 'kernel': 'rbf'}
030,0,8000,69,1.2728853225708008,{'C': 1, 'gamma': 0.01, 'kernel': 'sigmoid'}
030,1,8000,68,0.6435861587524414,{'C': 1, 'gamma': 0.01, 'kernel': 'poly'}
030,2,8000,70,0.8720293045043945,{'C': 10, 'gamma': 0.01, 'kernel': 'sigmoid'}
030,3,8000,72,1.3012065887451172,{'C': 100, 'gamma': 0.001, 'kernel': 'rbf'}
030,4,8000,67,1.2846269607543945,{'C': 0.1, 'gamma': 0.01, 'kernel': 'rbf'}
060,0,8000,74,1.9178411960601807,{'C': 100, 'gamma': 0.001, 'kernel': 'sigmoid'}
060,1,8000,70,1.9476158618927002,{'C': 100, 'gamma': 0.001, 'kernel': 'sigmoid'}
060,2,8000,67,1.9279742240905762,{'C': 10, 'gamma': 0.01, 'kernel': 'rbf'}
060,3,8000,72,1.3925549983978271,{'C': 1, 'gamma': 0.01, 'kernel': 'sigmoid'}
060,4,8000,72,2.8729801177978516,{'C': 10, 'gamma': 0.001, 'kernel': 'rbf'}
100,0,8000,72,3.1423985958099365,{'C': 100, 'gamma': 0.001, 'kernel': 'rbf'}
100,1,8000,72,1.730860948562622,{'C': 10, 'gamma': 0.001, 'kernel': 'sigmoid'}
100,2,8000,74,3.0708274841308594,{'C': 1, 'gamma': 0.01, 'kernel': 'rbf'}
100,3,8000,72,3.834550619125366,{'C': 10, 'gamma': 0.01, 'kernel': 'rbf'}
100,4,8000,66,3.1244914531707764,{'C': 0.1, 'gamma': 0.01, 'kernel': 'poly'}
005,0,8000,57,0.46068549156188965,{'C': 10, 'gamma': 0.01, 'kernel': 'rbf'}
005,1,8000,52,0.9541914463043213,{'C': 0.1, 'gamma': 1, 'kernel': 'poly'}
005,2,8000,52,0.955157995223999,{'C': 10, 'gamma': 0.01, 'kernel': 'poly'}
005,3,8000,63,0.9214577674865723,{'C': 1, 'gamma': 0.01, 'kernel': 'poly'}
005,4,8000,55,0.9637727737426758,{'C': 0.1, 'gamma': 1, 'kernel': 'poly'}
010,0,8000,61,1.0142359733581543,{'C': 100, 'gamma': 0.001, 'kernel': 'rbf'}
010,1,8000,66,0.494473934173584,{'C': 1, 'gamma': 0.01, 'kernel': 'rbf'}
010,2,8000,51,0.9866304397583008,{'C': 1, 'gamma': 0.1, 'kernel': 'rbf'}
010,3,8000,63,0.9979429244995117,{'C': 10, 'gamma': 0.01, 'kernel': 'rbf'}
010,4,8000,66,0.9546058177947998,{'C': 0.1, 'gamma': 1, 'kernel': 'poly'}
015,0,8000,64,1.090898036956787,{'C': 100, 'gamma': 0.001, 'kernel': 'sigmoid'}
015,1,8000,65,1.085137128829956,{'C': 10, 'gamma': 0.01, 'kernel': 'sigmoid'}
015,2,8000,64,1.0883126258850098,{'C': 1, 'gamma': 0.01, 'kernel': 'rbf'}
015,3,8000,70,1.1493380069732666,{'C': 1, 'gamma': 0.01, 'kernel': 'rbf'}
015,4,8000,67,1.0337913036346436,{'C': 100, 'gamma': 0.001, 'kernel': 'rbf'}
020,0,8000,66,1.1050233840942383,{'C': 10, 'gamma': 0.01, 'kernel': 'sigmoid'}
020,1,8000,69,1.146589994430542,{'C': 0.1, 'gamma': 0.01, 'kernel': 'sigmoid'}
020,2,8000,60,0.7948043346405029,{'C': 0.1, 'gamma': 1, 'kernel': 'poly'}
020,3,8000,70,0.8705005645751953,{'C': 10, 'gamma': 0.01, 'kernel': 'poly'}
020,4,8000,66,1.1436398029327393,{'C': 0.1, 'gamma': 1, 'kernel': 'poly'}
030,0,8000,66,1.2983953952789307,{'C': 100, 'gamma': 0.001, 'kernel': 'sigmoid'}
030,1,8000,68,1.3444621562957764,{'C': 1, 'gamma': 0.01, 'kernel': 'poly'}
030,2,8000,68,1.3474090099334717,{'C': 1, 'gamma': 0.01, 'kernel': 'sigmoid'}
030,3,8000,73,1.031111478805542,{'C': 1, 'gamma': 0.01, 'kernel': 'sigmoid'}
030,4,8000,69,1.2327320575714111,{'C': 10, 'gamma': 0.001, 'kernel': 'sigmoid'}
060,0,8000,72,0.9256906509399414,{'C': 100, 'gamma': 0.001, 'kernel': 'rbf'}
060,1,8000,72,0.9291250705718994,{'C': 10, 'gamma': 0.001, 'kernel': 'rbf'}
060,2,8000,70,2.0627856254577637,{'C': 1, 'gamma': 0.01, 'kernel': 'rbf'}
060,3,8000,72,0.98484206199646,{'C': 1, 'gamma': 0.01, 'kernel': 'sigmoid'}
060,4,8000,72,1.8954339027404785,{'C': 1, 'gamma': 0.01, 'kernel': 'rbf'}
100,0,8000,73,3.233476400375366,{'C': 1, 'gamma': 0.01, 'kernel': 'rbf'}
100,1,8000,72,3.1125683784484863,{'C': 1, 'gamma': 0.01, 'kernel': 'sigmoid'}
100,2,8000,69,3.093395233154297,{'C': 0.1, 'gamma': 0.01, 'kernel': 'poly'}
100,3,8000,73,3.0227510929107666,{'C': 100, 'gamma': 0.001, 'kernel': 'sigmoid'}
100,4,8000,74,3.058440685272217,{'C': 1, 'gamma': 0.01, 'kernel': 'poly'}
005,0,8000,57,1.2864367961883545,{'C': 10, 'gamma': 0.01, 'kernel': 'rbf'}
005,1,8000,52,0.9414544105529785,{'C': 0.1, 'gamma': 1, 'kernel': 'poly'}
005,2,8000,52,0.4631047248840332,{'C': 100, 'gamma': 0.01, 'kernel': 'sigmoid'}
005,3,8000,60,0.9232795238494873,{'C': 0.1, 'gamma': 1, 'kernel': 'poly'}
005,4,8000,58,0.9625754356384277,{'C': 100, 'gamma': 0.01, 'kernel': 'rbf'}
010,0,8000,61,1.01375412940979,{'C': 100, 'gamma': 0.001, 'kernel': 'rbf'}
010,1,8000,66,0.9595050811767578,{'C': 1, 'gamma': 0.01, 'kernel': 'poly'}
010,2,8000,66,0.9561035633087158,{'C': 0.1, 'gamma': 1, 'kernel': 'poly'}
010,3,8000,66,0.9724905490875244,{'C': 1, 'gamma': 0.01, 'kernel': 'rbf'}
010,4,8000,62,0.45876193046569824,{'C': 1, 'gamma': 0.01, 'kernel': 'sigmoid'}
015,0,8000,64,1.1035206317901611,{'C': 100, 'gamma': 0.001, 'kernel': 'sigmoid'}
015,1,8000,65,1.1113238334655762,{'C': 10, 'gamma': 0.01, 'kernel': 'sigmoid'}
015,2,8000,64,1.072493553161621,{'C': 1, 'gamma': 0.01, 'kernel': 'rbf'}
015,3,8000,66,0.5147061347961426,{'C': 10, 'gamma': 0.01, 'kernel': 'rbf'}
015,4,8000,66,0.49864768981933594,{'C': 10, 'gamma': 0.01, 'kernel': 'rbf'}
020,0,8000,65,0.773679256439209,{'C': 1, 'gamma': 0.01, 'kernel': 'sigmoid'}
020,1,8000,68,1.178945541381836,{'C': 1, 'gamma': 0.001, 'kernel': 'rbf'}
020,2,8000,70,1.1481318473815918,{'C': 10, 'gamma': 0.01, 'kernel': 'sigmoid'}
020,3,8000,72,1.1474480628967285,{'C': 100, 'gamma': 0.001, 'kernel': 'sigmoid'}
020,4,8000,67,0.5525636672973633,{'C': 100, 'gamma': 0.01, 'kernel': 'rbf'}
030,0,8000,68,0.6388227939605713,{'C': 10, 'gamma': 0.001, 'kernel': 'rbf'}
030,1,8000,69,1.320920467376709,{'C': 1, 'gamma': 0.01, 'kernel': 'rbf'}
030,2,8000,70,0.6436381340026855,{'C': 10, 'gamma': 0.001, 'kernel': 'sigmoid'}
030,3,8000,72,0.6417789459228516,{'C': 10, 'gamma': 0.001, 'kernel': 'sigmoid'}
030,4,8000,67,0.620690107345581,{'C': 1, 'gamma': 0.001, 'kernel': 'sigmoid'}
060,0,8000,72,0.9441447257995605,{'C': 100, 'gamma': 0.001, 'kernel': 'rbf'}
060,1,8000,72,0.9611868858337402,{'C': 10, 'gamma': 0.001, 'kernel': 'rbf'}
060,2,8000,70,0.9631593227386475,{'C': 10, 'gamma': 0.001, 'kernel': 'rbf'}
060,3,8000,72,0.9616296291351318,{'C': 10, 'gamma': 0.001, 'kernel': 'sigmoid'}
060,4,8000,72,0.9989449977874756,{'C': 10, 'gamma': 0.001, 'kernel': 'rbf'}
100,0,8000,72,1.5471389293670654,{'C': 1, 'gamma': 0.01, 'kernel': 'sigmoid'}
100,1,8000,72,2.1007349491119385,{'C': 1, 'gamma': 0.01, 'kernel': 'sigmoid'}
100,2,8000,73,1.7600688934326172,{'C': 1, 'gamma': 0.01, 'kernel': 'rbf'}
100,3,8000,74,1.5636272430419922,{'C': 10, 'gamma': 0.001, 'kernel': 'rbf'}
100,4,8000,71,2.41764760017395,{'C': 100, 'gamma': 0.001, 'kernel': 'rbf'}
005,0,8000,53,0.45590925216674805,{'C': 100, 'gamma': 0.001, 'kernel': 'sigmoid'}
005,1,8000,58,0.4771273136138916,{'C': 100, 'gamma': 0.01, 'kernel': 'rbf'}
005,2,8000,53,0.4812326431274414,{'C': 1, 'gamma': 0.1, 'kernel': 'rbf'}
005,3,8000,60,0.46152567863464355,{'C': 0.1, 'gamma': 1, 'kernel': 'poly'}
005,4,8000,55,0.8723175525665283,{'C': 100, 'gamma': 0.01, 'kernel': 'sigmoid'}
010,0,8000,60,0.5492303371429443,{'C': 100, 'gamma': 0.01, 'kernel': 'rbf'}
010,1,8000,66,0.4974174499511719,{'C': 1, 'gamma': 0.01, 'kernel': 'rbf'}
010,2,8000,66,0.4734370708465576,{'C': 0.1, 'gamma': 1, 'kernel': 'poly'}
010,3,8000,60,0.48285627365112305,{'C': 1, 'gamma': 0.1, 'kernel': 'rbf'}
010,4,8000,64,0.4601871967315674,{'C': 10, 'gamma': 0.01, 'kernel': 'sigmoid'}
015,0,8000,64,0.5276689529418945,{'C': 100, 'gamma': 0.01, 'kernel': 'rbf'}
015,1,8000,66,0.5222480297088623,{'C': 10, 'gamma': 0.01, 'kernel': 'sigmoid'}
015,2,8000,64,0.5065152645111084,{'C': 100, 'gamma': 0.001, 'kernel': 'sigmoid'}
015,3,8000,68,0.5133504867553711,{'C': 100, 'gamma': 0.001, 'kernel': 'rbf'}
015,4,8000,60,0.4970381259918213,{'C': 0.1, 'gamma': 1, 'kernel': 'poly'}
020,0,8000,64,0.5374155044555664,{'C': 0.1, 'gamma': 0.01, 'kernel': 'rbf'}
020,1,8000,68,0.5445756912231445,{'C': 0.1, 'gamma': 1, 'kernel': 'poly'}
020,2,8000,66,0.5565006732940674,{'C': 100, 'gamma': 0.001, 'kernel': 'rbf'}
020,3,8000,71,0.5510983467102051,{'C': 1, 'gamma': 0.01, 'kernel': 'poly'}
020,4,8000,68,0.5491931438446045,{'C': 10, 'gamma': 0.001, 'kernel': 'rbf'}
030,0,8000,69,0.631385326385498,{'C': 1, 'gamma': 0.01, 'kernel': 'sigmoid'}
030,1,8000,68,0.6589314937591553,{'C': 1, 'gamma': 0.01, 'kernel': 'poly'}
030,2,8000,68,0.6501142978668213,{'C': 1, 'gamma': 0.01, 'kernel': 'sigmoid'}
030,3,8000,73,0.6360530853271484,{'C': 1, 'gamma': 0.01, 'kernel': 'poly'}
030,4,8000,70,1.2098596096038818,{'C': 1, 'gamma': 0.01, 'kernel': 'rbf'}
060,0,8000,74,0.9458291530609131,{'C': 100, 'gamma': 0.001, 'kernel': 'sigmoid'}
060,1,8000,66,0.9576444625854492,{'C': 10, 'gamma': 0.01, 'kernel': 'rbf'}
060,2,8000,70,0.9566361904144287,{'C': 1, 'gamma': 0.01, 'kernel': 'rbf'}
060,3,8000,69,0.9541215896606445,{'C': 1, 'gamma': 0.001, 'kernel': 'rbf'}
060,4,8000,70,0.9529092311859131,{'C': 1, 'gamma': 0.01, 'kernel': 'poly'}
100,0,8000,70,1.5602123737335205,{'C': 1, 'gamma': 0.001, 'kernel': 'rbf'}
100,1,8000,73,1.5629544258117676,{'C': 1, 'gamma': 0.01, 'kernel': 'poly'}
100,2,8000,72,1.5686595439910889,{'C': 100, 'gamma': 0.001, 'kernel': 'sigmoid'}
100,3,8000,73,1.5695571899414062,{'C': 1, 'gamma': 0.01, 'kernel': 'rbf'}
100,4,8000,74,1.564988613128662,{'C': 1, 'gamma': 0.01, 'kernel': 'rbf'}
005,0,8000,57,0.47947216033935547,{'C': 10, 'gamma': 0.01, 'kernel': 'rbf'}
005,1,8000,59,0.4845926761627197,{'C': 100, 'gamma': 0.001, 'kernel': 'sigmoid'}
005,2,8000,53,0.4666476249694824,{'C': 1, 'gamma': 0.1, 'kernel': 'rbf'}
005,3,8000,66,0.6296484470367432,{'C': 10, 'gamma': 0.01, 'kernel': 'sigmoid'}
005,4,8000,58,0.6429619789123535,{'C': 100, 'gamma': 0.01, 'kernel': 'rbf'}
010,0,8000,61,0.4928703308105469,{'C': 100, 'gamma': 0.001, 'kernel': 'rbf'}
010,1,8000,65,0.4810061454772949,{'C': 100, 'gamma': 0.001, 'kernel': 'rbf'}
010,2,8000,65,0.4726874828338623,{'C': 10, 'gamma': 0.01, 'kernel': 'rbf'}
010,3,8000,65,0.481231689453125,{'C': 10, 'gamma': 0.001, 'kernel': 'sigmoid'}
010,4,8000,62,0.45935511589050293,{'C': 0.1, 'gamma': 0.01, 'kernel': 'poly'}
015,0,8000,64,0.5249769687652588,{'C': 0.1, 'gamma': 1, 'kernel': 'poly'}
015,1,8000,64,0.7677597999572754,{'C': 10, 'gamma': 0.001, 'kernel': 'rbf'}
015,2,8000,64,0.5167801380157471,{'C': 1, 'gamma': 0.01, 'kernel': 'poly'}
015,3,8000,66,0.52223801612854,{'C': 10, 'gamma': 0.01, 'kernel': 'rbf'}
015,4,8000,68,0.5062494277954102,{'C': 100, 'gamma': 0.001, 'kernel': 'sigmoid'}
020,0,8000,66,0.5406577587127686,{'C': 10, 'gamma': 0.01, 'kernel': 'sigmoid'}
020,1,8000,69,0.5469300746917725,{'C': 10, 'gamma': 0.001, 'kernel': 'rbf'}
020,2,8000,70,0.5517134666442871,{'C': 10, 'gamma': 0.01, 'kernel': 'sigmoid'}
020,3,8000,70,0.5504229068756104,{'C': 0.1, 'gamma': 1, 'kernel': 'poly'}
020,4,8000,65,0.5497350692749023,{'C': 10, 'gamma': 0.01, 'kernel': 'sigmoid'}
030,0,8000,70,0.6322059631347656,{'C': 1, 'gamma': 0.01, 'kernel': 'poly'}
030,1,8000,69,0.6611130237579346,{'C': 1, 'gamma': 0.01, 'kernel': 'rbf'}
030,2,8000,68,0.6488831043243408,{'C': 1, 'gamma': 0.01, 'kernel': 'sigmoid'}
030,3,8000,72,0.6484012603759766,{'C': 10, 'gamma': 0.001, 'kernel': 'rbf'}
030,4,8000,67,1.2362725734710693,{'C': 0.1, 'gamma': 0.01, 'kernel': 'poly'}
060,0,8000,72,0.9254739284515381,{'C': 100, 'gamma': 0.001, 'kernel': 'rbf'}
060,1,8000,70,0.9339644908905029,{'C': 100, 'gamma': 0.001, 'kernel': 'sigmoid'}
060,2,8000,67,0.9314873218536377,{'C': 10, 'gamma': 0.01, 'kernel': 'rbf'}
060,3,8000,71,0.9494521617889404,{'C': 1, 'gamma': 0.01, 'kernel': 'rbf'}
060,4,8000,72,0.9715285301208496,{'C': 1, 'gamma': 0.01, 'kernel': 'rbf'}
100,0,8000,73,1.5084819793701172,{'C': 1, 'gamma': 0.01, 'kernel': 'rbf'}
100,1,8000,73,1.5216846466064453,{'C': 1, 'gamma': 0.01, 'kernel': 'poly'}
100,2,8000,70,1.5050315856933594,{'C': 10, 'gamma': 0.01, 'kernel': 'poly'}
100,3,8000,73,1.4989171028137207,{'C': 1, 'gamma': 0.01, 'kernel': 'poly'}
100,4,8000,74,1.5494790077209473,{'C': 1, 'gamma': 0.01, 'kernel': 'poly'}
005,0,8000,52,0.4558217525482178,{'C': 10, 'gamma': 0.01, 'kernel': 'sigmoid'}
005,1,8000,58,0.47979140281677246,{'C': 100, 'gamma': 0.01, 'kernel': 'rbf'}
005,2,8000,52,0.7094082832336426,{'C': 10, 'gamma': 0.1, 'kernel': 'rbf'}
005,3,8000,60,0.4517669677734375,{'C': 0.1, 'gamma': 1, 'kernel': 'poly'}
005,4,8000,58,0.46393346786499023,{'C': 100, 'gamma': 0.01, 'kernel': 'rbf'}
010,0,8000,60,0.48697900772094727,{'C': 100, 'gamma': 0.01, 'kernel': 'rbf'}
010,1,8000,66,0.47636866569519043,{'C': 10, 'gamma': 0.001, 'kernel': 'rbf'}
010,2,8000,66,0.9403862953186035,{'C': 0.1, 'gamma': 1, 'kernel': 'poly'}
010,3,8000,62,0.7353291511535645,{'C': 0.1, 'gamma': 1, 'kernel': 'poly'}
010,4,8000,64,0.45534658432006836,{'C': 10, 'gamma': 0.01, 'kernel': 'sigmoid'}
015,0,8000,64,0.5167443752288818,{'C': 100, 'gamma': 0.001, 'kernel': 'sigmoid'}
015,1,8000,64,0.5207521915435791,{'C': 10, 'gamma': 0.001, 'kernel': 'rbf'}
015,2,8000,64,0.5041790008544922,{'C': 0.1, 'gamma': 1, 'kernel': 'poly'}
015,3,8000,68,0.506279468536377,{'C': 100, 'gamma': 0.001, 'kernel': 'rbf'}
015,4,8000,60,0.4933156967163086,{'C': 0.1, 'gamma': 1, 'kernel': 'poly'}
020,0,8000,66,0.5220894813537598,{'C': 10, 'gamma': 0.001, 'kernel': 'sigmoid'}
020,1,8000,68,0.5506808757781982,{'C': 1, 'gamma': 0.001, 'kernel': 'rbf'}
020,2,8000,67,0.5468919277191162,{'C': 100, 'gamma': 0.001, 'kernel': 'sigmoid'}
020,3,8000,70,1.1176669597625732,{'C': 10, 'gamma': 0.01, 'kernel': 'rbf'}
020,4,8000,67,0.5490179061889648,{'C': 100, 'gamma': 0.01, 'kernel': 'rbf'}
030,0,8000,67,0.6276822090148926,{'C': 100, 'gamma': 0.001, 'kernel': 'rbf'}
030,1,8000,69,0.6565396785736084,{'C': 1, 'gamma': 0.01, 'kernel': 'rbf'}
030,2,8000,68,0.6456024646759033,{'C': 1, 'gamma': 0.01, 'kernel': 'sigmoid'}
030,3,8000,73,0.6428658962249756,{'C': 1, 'gamma': 0.01, 'kernel': 'sigmoid'}
030,4,8000,65,0.6270771026611328,{'C': 0.1, 'gamma': 0.001, 'kernel': 'rbf'}
060,0,8000,68,0.9288613796234131,{'C': 0.1, 'gamma': 0.01, 'kernel': 'rbf'}
060,1,8000,72,0.9284322261810303,{'C': 10, 'gamma': 0.001, 'kernel': 'rbf'}
060,2,8000,67,0.9418573379516602,{'C': 0.1, 'gamma': 0.01, 'kernel': 'poly'}
060,3,8000,72,0.9553654193878174,{'C': 10, 'gamma': 0.001, 'kernel': 'sigmoid'}
060,4,8000,71,0.9656157493591309,{'C': 10, 'gamma': 0.001, 'kernel': 'sigmoid'}
100,0,8000,72,1.535322666168213,{'C': 1, 'gamma': 0.01, 'kernel': 'sigmoid'}
100,1,8000,73,1.518723964691162,{'C': 1, 'gamma': 0.01, 'kernel': 'poly'}
100,2,8000,70,1.5353028774261475,{'C': 10, 'gamma': 0.01, 'kernel': 'poly'}
100,3,8000,73,1.5011286735534668,{'C': 1, 'gamma': 0.01, 'kernel': 'poly'}
100,4,8000,66,1.5151646137237549,{'C': 0.1, 'gamma': 0.01, 'kernel': 'rbf'}
005,0,8000,55,0.4633018970489502,{'C': 100, 'gamma': 0.001, 'kernel': 'rbf'}
005,1,8000,59,0.4776184558868408,{'C': 100, 'gamma': 0.001, 'kernel': 'sigmoid'}
005,2,8000,56,0.723060131072998,{'C': 10, 'gamma': 0.01, 'kernel': 'sigmoid'}
005,3,8000,62,0.5298278331756592,{'C': 10, 'gamma': 0.01, 'kernel': 'rbf'}
005,4,8000,58,0.46611905097961426,{'C': 100, 'gamma': 0.001, 'kernel': 'rbf'}
010,0,8000,62,0.4984872341156006,{'C': 100, 'gamma': 0.001, 'kernel': 'sigmoid'}
010,1,8000,66,0.4778921604156494,{'C': 10, 'gamma': 0.001, 'kernel': 'rbf'}
010,2,8000,66,0.6727075576782227,{'C': 0.1, 'gamma': 1, 'kernel': 'poly'}
010,3,8000,65,0.5982017517089844,{'C': 10, 'gamma': 0.001, 'kernel': 'sigmoid'}
010,4,8000,62,0.45871782302856445,{'C': 1, 'gamma': 0.01, 'kernel': 'sigmoid'}
015,0,8000,64,0.5277888774871826,{'C': 100, 'gamma': 0.01, 'kernel': 'rbf'}
015,1,8000,65,0.5288350582122803,{'C': 10, 'gamma': 0.01, 'kernel': 'sigmoid'}
015,2,8000,64,0.5059616565704346,{'C': 1, 'gamma': 0.01, 'kernel': 'poly'}
015,3,8000,66,0.8883731365203857,{'C': 10, 'gamma': 0.01, 'kernel': 'rbf'}
015,4,8000,64,0.49550342559814453,{'C': 1, 'gamma': 0.01, 'kernel': 'poly'}
020,0,8000,67,0.5317072868347168,{'C': 1, 'gamma': 0.01, 'kernel': 'poly'}
020,1,8000,71,0.975914478302002,{'C': 10, 'gamma': 0.01, 'kernel': 'poly'}
020,2,8000,67,0.5503640174865723,{'C': 100, 'gamma': 0.001, 'kernel': 'sigmoid'}
020,3,8000,70,0.6147010326385498,{'C': 10, 'gamma': 0.01, 'kernel': 'rbf'}
020,4,8000,64,0.554445743560791,{'C': 10, 'gamma': 0.1, 'kernel': 'rbf'}
030,0,8000,69,0.6434144973754883,{'C': 1, 'gamma': 0.01, 'kernel': 'sigmoid'}
030,1,8000,68,0.6419117450714111,{'C': 1, 'gamma': 0.01, 'kernel': 'poly'}
030,2,8000,68,0.640399694442749,{'C': 1, 'gamma': 0.01, 'kernel': 'sigmoid'}
030,3,8000,72,0.6327416896820068,{'C': 100, 'gamma': 0.001, 'kernel': 'sigmoid'}
030,4,8000,70,0.6216180324554443,{'C': 1, 'gamma': 0.01, 'kernel': 'rbf'}
060,0,8000,74,1.6374659538269043,{'C': 100, 'gamma': 0.001, 'kernel': 'sigmoid'}
060,1,8000,72,0.9378607273101807,{'C': 10, 'gamma': 0.001, 'kernel': 'rbf'}
060,2,8000,69,0.9475328922271729,{'C': 10, 'gamma': 0.001, 'kernel': 'sigmoid'}
060,3,8000,72,0.9622249603271484,{'C': 1, 'gamma': 0.01, 'kernel': 'sigmoid'}
060,4,8000,72,1.2017557621002197,{'C': 1, 'gamma': 0.01, 'kernel': 'rbf'}
100,0,8000,72,1.5503458976745605,{'C': 1, 'gamma': 0.01, 'kernel': 'sigmoid'}
100,1,8000,72,1.8475916385650635,{'C': 10, 'gamma': 0.001, 'kernel': 'rbf'}
100,2,8000,68,1.5590641498565674,{'C': 0.1, 'gamma': 0.01, 'kernel': 'rbf'}
100,3,8000,73,1.536158800125122,{'C': 10, 'gamma': 0.01, 'kernel': 'poly'}
100,4,8000,66,1.5461547374725342,{'C': 0.1, 'gamma': 0.01, 'kernel': 'poly'}
005,0,8000,55,0.47530150413513184,{'C': 100, 'gamma': 0.001, 'kernel': 'rbf'}
005,1,8000,52,0.4739084243774414,{'C': 0.1, 'gamma': 1, 'kernel': 'poly'}
005,2,8000,56,0.6491553783416748,{'C': 10, 'gamma': 0.01, 'kernel': 'sigmoid'}
005,3,8000,65,0.45123839378356934,{'C': 100, 'gamma': 0.001, 'kernel': 'sigmoid'}
005,4,8000,59,0.4681234359741211,{'C': 10, 'gamma': 0.01, 'kernel': 'rbf'}
010,0,8000,58,0.48557019233703613,{'C': 0.1, 'gamma': 1, 'kernel': 'poly'}
010,1,8000,66,0.47868776321411133,{'C': 10, 'gamma': 0.001, 'kernel': 'rbf'}
010,2,8000,51,0.4793579578399658,{'C': 1, 'gamma': 0.1, 'kernel': 'rbf'}
010,3,8000,63,0.4756143093109131,{'C': 10, 'gamma': 0.01, 'kernel': 'poly'}
010,4,8000,66,0.4612770080566406,{'C': 0.1, 'gamma': 1, 'kernel': 'poly'}
015,0,8000,64,0.5288569927215576,{'C': 10, 'gamma': 0.01, 'kernel': 'rbf'}
015,1,8000,65,0.5255017280578613,{'C': 10, 'gamma': 0.01, 'kernel': 'sigmoid'}
015,2,8000,64,0.5064828395843506,{'C': 0.1, 'gamma': 1, 'kernel': 'poly'}
015,3,8000,66,1.0301940441131592,{'C': 10, 'gamma': 0.01, 'kernel': 'rbf'}
015,4,8000,64,0.4951004981994629,{'C': 10, 'gamma': 0.01, 'kernel': 'poly'}
020,0,8000,64,0.6846754550933838,{'C': 0.1, 'gamma': 0.01, 'kernel': 'rbf'}
020,1,8000,66,0.5407071113586426,{'C': 100, 'gamma': 0.001, 'kernel': 'sigmoid'}
020,2,8000,70,0.7098450660705566,{'C': 10, 'gamma': 0.01, 'kernel': 'sigmoid'}
020,3,8000,70,0.5427803993225098,{'C': 0.1, 'gamma': 1, 'kernel': 'poly'}
020,4,8000,67,0.547785758972168,{'C': 100, 'gamma': 0.01, 'kernel': 'rbf'}
030,0,8000,70,0.6351041793823242,{'C': 1, 'gamma': 0.01, 'kernel': 'poly'}
030,1,8000,68,0.6542353630065918,{'C': 1, 'gamma': 0.01, 'kernel': 'poly'}
030,2,8000,71,0.6338274478912354,{'C': 1, 'gamma': 0.01, 'kernel': 'rbf'}
030,3,8000,73,0.64544677734375,{'C': 1, 'gamma': 0.01, 'kernel': 'sigmoid'}
030,4,8000,70,0.6227896213531494,{'C': 1, 'gamma': 0.01, 'kernel': 'rbf'}
060,0,8000,72,0.9372203350067139,{'C': 1, 'gamma': 0.01, 'kernel': 'rbf'}
060,1,8000,64,0.9402880668640137,{'C': 100, 'gamma': 0.01, 'kernel': 'rbf'}
060,2,8000,71,0.9219326972961426,{'C': 1, 'gamma': 0.01, 'kernel': 'poly'}
060,3,8000,71,0.9537262916564941,{'C': 100, 'gamma': 0.001, 'kernel': 'rbf'}
060,4,8000,72,0.9637370109558105,{'C': 1, 'gamma': 0.01, 'kernel': 'rbf'}
100,0,8000,72,1.558847188949585,{'C': 1, 'gamma': 0.01, 'kernel': 'sigmoid'}
100,1,8000,71,1.5373539924621582,{'C': 100, 'gamma': 0.001, 'kernel': 'sigmoid'}
100,2,8000,68,1.5219686031341553,{'C': 0.1, 'gamma': 0.001, 'kernel': 'poly'}
100,3,8000,73,1.5279467105865479,{'C': 10, 'gamma': 0.01, 'kernel': 'poly'}
100,4,8000,71,3.1447153091430664,{'C': 100, 'gamma': 0.001, 'kernel': 'rbf'}
