005,0,0,62,3.085094690322876,{'C': 29.763514416313132, 'max_iter': 5000, 'penalty': 'l1', 'solver': 'liblinear'}
005,1,0,67,0.3309485912322998,{'C': 29.763514416313132, 'max_iter': 5000, 'penalty': 'l2', 'solver': 'liblinear'}
005,2,0,63,0.4859583377838135,{'C': 206.913808111479, 'max_iter': 10000, 'penalty': 'l1', 'solver': 'liblinear'}
005,3,0,50,0.3022623062133789,{'C': 0.0001, 'max_iter': 5000, 'penalty': 'l1', 'solver': 'liblinear'}
005,4,0,68,0.5257446765899658,{'C': 0.03359818286283781, 'max_iter': 5000, 'penalty': 'l2', 'solver': 'liblinear'}
010,0,0,66,0.5315866470336914,{'C': 3792.690190732246, 'max_iter': 5000, 'penalty': 'l1', 'solver': 'liblinear'}
010,1,0,71,0.6954333782196045,{'C': 1.623776739188721, 'max_iter': 5000, 'penalty': 'l1', 'solver': 'liblinear'}
010,2,0,50,0.33121299743652344,{'C': 0.0001, 'max_iter': 5000, 'penalty': 'l1', 'solver': 'liblinear'}
010,3,0,71,0.41729211807250977,{'C': 1.623776739188721, 'max_iter': 5000, 'penalty': 'l1', 'solver': 'liblinear'}
010,4,0,64,0.5611295700073242,{'C': 0.0001, 'max_iter': 5000, 'penalty': 'l2', 'solver': 'liblinear'}
015,0,0,68,0.6417295932769775,{'C': 0.08858667904100823, 'max_iter': 5000, 'penalty': 'l2', 'solver': 'liblinear'}
015,1,0,70,0.7337932586669922,{'C': 0.23357214690901212, 'max_iter': 5000, 'penalty': 'l1', 'solver': 'liblinear'}
015,2,0,62,0.4598367214202881,{'C': 0.0001, 'max_iter': 5000, 'penalty': 'l2', 'solver': 'liblinear'}
015,3,0,66,0.5654027462005615,{'C': 0.615848211066026, 'max_iter': 5000, 'penalty': 'l2', 'solver': 'liblinear'}
015,4,0,68,0.4250373840332031,{'C': 1.623776739188721, 'max_iter': 5000, 'penalty': 'l1', 'solver': 'liblinear'}
020,0,0,67,0.5546154975891113,{'C': 0.0018329807108324356, 'max_iter': 5000, 'penalty': 'l2', 'solver': 'liblinear'}
020,1,0,68,0.793748140335083,{'C': 0.004832930238571752, 'max_iter': 5000, 'penalty': 'l2', 'solver': 'liblinear'}
020,2,0,65,0.9057173728942871,{'C': 0.23357214690901212, 'max_iter': 5000, 'penalty': 'l1', 'solver': 'liblinear'}
020,3,0,70,0.7425475120544434,{'C': 0.23357214690901212, 'max_iter': 5000, 'penalty': 'l1', 'solver': 'liblinear'}
020,4,0,65,0.8105742931365967,{'C': 11.288378916846883, 'max_iter': 5000, 'penalty': 'l2', 'solver': 'liblinear'}
030,0,0,67,0.5837206840515137,{'C': 1.623776739188721, 'max_iter': 5000, 'penalty': 'l1', 'solver': 'liblinear'}
030,1,0,67,0.4412834644317627,{'C': 0.0006951927961775605, 'max_iter': 5000, 'penalty': 'l2', 'solver': 'liblinear'}
030,2,0,73,0.5120868682861328,{'C': 0.012742749857031334, 'max_iter': 5000, 'penalty': 'l2', 'solver': 'liblinear'}
030,3,0,71,0.529099702835083,{'C': 0.0001, 'max_iter': 5000, 'penalty': 'l2', 'solver': 'liblinear'}
030,4,0,65,0.6866281032562256,{'C': 0.0001, 'max_iter': 5000, 'penalty': 'l2', 'solver': 'liblinear'}
060,0,0,67,1.5734412670135498,{'C': 0.0018329807108324356, 'max_iter': 5000, 'penalty': 'l2', 'solver': 'liblinear'}
060,1,0,74,0.37356019020080566,{'C': 0.23357214690901212, 'max_iter': 5000, 'penalty': 'l1', 'solver': 'liblinear'}
060,2,0,67,0.30699801445007324,{'C': 0.0018329807108324356, 'max_iter': 5000, 'penalty': 'l2', 'solver': 'liblinear'}
060,3,0,72,0.2914133071899414,{'C': 0.004832930238571752, 'max_iter': 5000, 'penalty': 'l2', 'solver': 'liblinear'}
060,4,0,68,0.3250691890716553,{'C': 0.0018329807108324356, 'max_iter': 5000, 'penalty': 'l2', 'solver': 'liblinear'}
100,0,0,72,1.7126493453979492,{'C': 0.004832930238571752, 'max_iter': 5000, 'penalty': 'l2', 'solver': 'liblinear'}
100,1,0,68,2.760059356689453,{'C': 0.0001, 'max_iter': 5000, 'penalty': 'l2', 'solver': 'liblinear'}
100,2,0,72,2.7836365699768066,{'C': 0.004832930238571752, 'max_iter': 5000, 'penalty': 'l2', 'solver': 'liblinear'}
100,3,0,70,3.216566562652588,{'C': 0.0018329807108324356, 'max_iter': 5000, 'penalty': 'l2', 'solver': 'liblinear'}
100,4,0,71,3.3190770149230957,{'C': 0.615848211066026, 'max_iter': 5000, 'penalty': 'l1', 'solver': 'liblinear'}
005,0,0,61,3.1076290607452393,{'C': 4.281332398719396, 'max_iter': 5000, 'penalty': 'l1', 'solver': 'liblinear'}
005,1,0,66,0.6419470310211182,{'C': 4.281332398719396, 'max_iter': 5000, 'penalty': 'l2', 'solver': 'liblinear'}
005,2,0,60,0.4303252696990967,{'C': 4.281332398719396, 'max_iter': 5000, 'penalty': 'l1', 'solver': 'liblinear'}
005,3,0,50,0.4191710948944092,{'C': 0.0001, 'max_iter': 5000, 'penalty': 'l1', 'solver': 'liblinear'}
005,4,0,68,0.5498776435852051,{'C': 0.0001, 'max_iter': 5000, 'penalty': 'l2', 'solver': 'liblinear'}
010,0,0,66,0.41269516944885254,{'C': 0.03359818286283781, 'max_iter': 5000, 'penalty': 'l2', 'solver': 'liblinear'}
010,1,0,70,0.5276594161987305,{'C': 0.615848211066026, 'max_iter': 5000, 'penalty': 'l1', 'solver': 'liblinear'}
010,2,0,67,0.519561767578125,{'C': 0.615848211066026, 'max_iter': 5000, 'penalty': 'l2', 'solver': 'liblinear'}
010,3,0,71,0.5863866806030273,{'C': 1.623776739188721, 'max_iter': 5000, 'penalty': 'l1', 'solver': 'liblinear'}
010,4,0,65,0.428189754486084,{'C': 0.615848211066026, 'max_iter': 5000, 'penalty': 'l1', 'solver': 'liblinear'}
015,0,0,66,0.583427906036377,{'C': 0.23357214690901212, 'max_iter': 5000, 'penalty': 'l2', 'solver': 'liblinear'}
015,1,0,70,0.48501157760620117,{'C': 0.23357214690901212, 'max_iter': 5000, 'penalty': 'l1', 'solver': 'liblinear'}
015,2,0,62,0.43010735511779785,{'C': 0.0001, 'max_iter': 5000, 'penalty': 'l2', 'solver': 'liblinear'}
015,3,0,67,0.42595434188842773,{'C': 0.23357214690901212, 'max_iter': 5000, 'penalty': 'l2', 'solver': 'liblinear'}
015,4,0,64,0.4374668598175049,{'C': 0.23357214690901212, 'max_iter': 5000, 'penalty': 'l1', 'solver': 'liblinear'}
020,0,0,67,0.5301928520202637,{'C': 0.00026366508987303583, 'max_iter': 5000, 'penalty': 'l2', 'solver': 'liblinear'}
020,1,0,70,0.9232208728790283,{'C': 0.08858667904100823, 'max_iter': 5000, 'penalty': 'l2', 'solver': 'liblinear'}
020,2,0,66,0.83807373046875,{'C': 0.004832930238571752, 'max_iter': 5000, 'penalty': 'l2', 'solver': 'liblinear'}
020,3,0,70,0.6448743343353271,{'C': 0.23357214690901212, 'max_iter': 5000, 'penalty': 'l1', 'solver': 'liblinear'}
020,4,0,68,0.41562891006469727,{'C': 0.23357214690901212, 'max_iter': 5000, 'penalty': 'l1', 'solver': 'liblinear'}
030,0,0,69,0.6598668098449707,{'C': 0.23357214690901212, 'max_iter': 5000, 'penalty': 'l1', 'solver': 'liblinear'}
030,1,0,66,0.72550368309021,{'C': 1438.44988828766, 'max_iter': 10000, 'penalty': 'l1', 'solver': 'liblinear'}
030,2,0,71,0.7335247993469238,{'C': 0.23357214690901212, 'max_iter': 5000, 'penalty': 'l2', 'solver': 'liblinear'}
030,3,0,65,0.5071325302124023,{'C': 1438.44988828766, 'max_iter': 5000, 'penalty': 'l1', 'solver': 'liblinear'}
030,4,0,65,0.6309113502502441,{'C': 0.0001, 'max_iter': 5000, 'penalty': 'l2', 'solver': 'liblinear'}
060,0,0,67,1.0694267749786377,{'C': 0.0018329807108324356, 'max_iter': 5000, 'penalty': 'l2', 'solver': 'liblinear'}
060,1,0,72,1.5827012062072754,{'C': 0.03359818286283781, 'max_iter': 5000, 'penalty': 'l2', 'solver': 'liblinear'}
060,2,0,70,1.0908851623535156,{'C': 0.03359818286283781, 'max_iter': 5000, 'penalty': 'l2', 'solver': 'liblinear'}
060,3,0,70,1.618286371231079,{'C': 0.0018329807108324356, 'max_iter': 5000, 'penalty': 'l2', 'solver': 'liblinear'}
060,4,0,72,1.2803525924682617,{'C': 0.012742749857031334, 'max_iter': 5000, 'penalty': 'l2', 'solver': 'liblinear'}
100,0,0,70,3.235297679901123,{'C': 0.0018329807108324356, 'max_iter': 5000, 'penalty': 'l2', 'solver': 'liblinear'}
100,1,0,73,1.6313927173614502,{'C': 0.03359818286283781, 'max_iter': 5000, 'penalty': 'l2', 'solver': 'liblinear'}
100,2,0,70,1.7202937602996826,{'C': 0.0018329807108324356, 'max_iter': 5000, 'penalty': 'l2', 'solver': 'liblinear'}
100,3,0,72,2.4308254718780518,{'C': 0.004832930238571752, 'max_iter': 5000, 'penalty': 'l2', 'solver': 'liblinear'}
100,4,0,72,3.0595896244049072,{'C': 0.08858667904100823, 'max_iter': 5000, 'penalty': 'l1', 'solver': 'liblinear'}
005,0,0,62,3.062624216079712,{'C': 78.47599703514607, 'max_iter': 5000, 'penalty': 'l1', 'solver': 'liblinear'}
005,1,0,70,0.24005770683288574,{'C': 0.08858667904100823, 'max_iter': 5000, 'penalty': 'l2', 'solver': 'liblinear'}
005,2,0,50,0.5285346508026123,{'C': 0.0001, 'max_iter': 5000, 'penalty': 'l1', 'solver': 'liblinear'}
005,3,0,68,0.31369757652282715,{'C': 0.615848211066026, 'max_iter': 5000, 'penalty': 'l1', 'solver': 'liblinear'}
005,4,0,50,0.45952534675598145,{'C': 0.0001, 'max_iter': 5000, 'penalty': 'l1', 'solver': 'liblinear'}
010,0,0,66,0.6829540729522705,{'C': 10000.0, 'max_iter': 5000, 'penalty': 'l1', 'solver': 'liblinear'}
010,1,0,70,0.6362185478210449,{'C': 0.615848211066026, 'max_iter': 5000, 'penalty': 'l1', 'solver': 'liblinear'}
010,2,0,65,0.43042922019958496,{'C': 29.763514416313132, 'max_iter': 5000, 'penalty': 'l1', 'solver': 'liblinear'}
010,3,0,71,0.45308613777160645,{'C': 1.623776739188721, 'max_iter': 5000, 'penalty': 'l1', 'solver': 'liblinear'}
010,4,0,64,0.3997528553009033,{'C': 0.0001, 'max_iter': 5000, 'penalty': 'l2', 'solver': 'liblinear'}
015,0,0,61,0.44083380699157715,{'C': 29.763514416313132, 'max_iter': 10000, 'penalty': 'l1', 'solver': 'liblinear'}
015,1,0,64,0.4296073913574219,{'C': 4.281332398719396, 'max_iter': 5000, 'penalty': 'l1', 'solver': 'liblinear'}
015,2,0,62,0.37931036949157715,{'C': 0.0001, 'max_iter': 5000, 'penalty': 'l2', 'solver': 'liblinear'}
015,3,0,62,0.48961448669433594,{'C': 0.0018329807108324356, 'max_iter': 5000, 'penalty': 'l2', 'solver': 'liblinear'}
015,4,0,68,0.41324901580810547,{'C': 1.623776739188721, 'max_iter': 5000, 'penalty': 'l1', 'solver': 'liblinear'}
020,0,0,68,0.4342339038848877,{'C': 0.23357214690901212, 'max_iter': 5000, 'penalty': 'l1', 'solver': 'liblinear'}
020,1,0,68,0.6746258735656738,{'C': 0.012742749857031334, 'max_iter': 5000, 'penalty': 'l2', 'solver': 'liblinear'}
020,2,0,65,0.48341822624206543,{'C': 0.23357214690901212, 'max_iter': 5000, 'penalty': 'l1', 'solver': 'liblinear'}
020,3,0,72,0.6569929122924805,{'C': 0.615848211066026, 'max_iter': 5000, 'penalty': 'l1', 'solver': 'liblinear'}
020,4,0,64,0.6357357501983643,{'C': 78.47599703514607, 'max_iter': 10000, 'penalty': 'l1', 'solver': 'liblinear'}
030,0,0,70,0.7320365905761719,{'C': 0.08858667904100823, 'max_iter': 5000, 'penalty': 'l2', 'solver': 'liblinear'}
030,1,0,70,0.7962477207183838,{'C': 0.004832930238571752, 'max_iter': 5000, 'penalty': 'l2', 'solver': 'liblinear'}
030,2,0,73,0.6052548885345459,{'C': 0.004832930238571752, 'max_iter': 5000, 'penalty': 'l2', 'solver': 'liblinear'}
030,3,0,74,0.6322188377380371,{'C': 0.08858667904100823, 'max_iter': 5000, 'penalty': 'l2', 'solver': 'liblinear'}
030,4,0,64,0.5624079704284668,{'C': 0.00026366508987303583, 'max_iter': 5000, 'penalty': 'l2', 'solver': 'liblinear'}
060,0,0,67,1.2278218269348145,{'C': 0.0006951927961775605, 'max_iter': 5000, 'penalty': 'l2', 'solver': 'liblinear'}
060,1,0,71,1.5626540184020996,{'C': 0.08858667904100823, 'max_iter': 5000, 'penalty': 'l1', 'solver': 'liblinear'}
060,2,0,70,1.2166271209716797,{'C': 0.012742749857031334, 'max_iter': 5000, 'penalty': 'l2', 'solver': 'liblinear'}
060,3,0,70,1.208963394165039,{'C': 0.012742749857031334, 'max_iter': 5000, 'penalty': 'l2', 'solver': 'liblinear'}
060,4,0,68,1.311453104019165,{'C': 0.004832930238571752, 'max_iter': 5000, 'penalty': 'l2', 'solver': 'liblinear'}
100,0,0,68,2.7554049491882324,{'C': 0.0006951927961775605, 'max_iter': 5000, 'penalty': 'l2', 'solver': 'liblinear'}
100,1,0,71,2.646770715713501,{'C': 0.615848211066026, 'max_iter': 5000, 'penalty': 'l1', 'solver': 'liblinear'}
100,2,0,72,3.354485273361206,{'C': 0.08858667904100823, 'max_iter': 5000, 'penalty': 'l1', 'solver': 'liblinear'}
100,3,0,70,3.0141966342926025,{'C': 0.0018329807108324356, 'max_iter': 5000, 'penalty': 'l2', 'solver': 'liblinear'}
100,4,0,72,2.940073013305664,{'C': 0.08858667904100823, 'max_iter': 5000, 'penalty': 'l2', 'solver': 'liblinear'}
005,0,0,61,2.603632688522339,{'C': 4.281332398719396, 'max_iter': 5000, 'penalty': 'l1', 'solver': 'liblinear'}
005,1,0,67,0.38416051864624023,{'C': 1.623776739188721, 'max_iter': 5000, 'penalty': 'l2', 'solver': 'liblinear'}
005,2,0,50,0.6483571529388428,{'C': 0.0001, 'max_iter': 5000, 'penalty': 'l1', 'solver': 'liblinear'}
005,3,0,50,0.57708740234375,{'C': 0.0001, 'max_iter': 5000, 'penalty': 'l1', 'solver': 'liblinear'}
005,4,0,50,0.46372485160827637,{'C': 0.0001, 'max_iter': 5000, 'penalty': 'l1', 'solver': 'liblinear'}
010,0,0,64,0.6585104465484619,{'C': 11.288378916846883, 'max_iter': 5000, 'penalty': 'l1', 'solver': 'liblinear'}
010,1,0,63,0.8837661743164062,{'C': 0.23357214690901212, 'max_iter': 5000, 'penalty': 'l1', 'solver': 'liblinear'}
010,2,0,70,0.5909404754638672,{'C': 0.615848211066026, 'max_iter': 5000, 'penalty': 'l1', 'solver': 'liblinear'}
010,3,0,50,0.5337703227996826,{'C': 0.0001, 'max_iter': 5000, 'penalty': 'l1', 'solver': 'liblinear'}
010,4,0,64,0.7133533954620361,{'C': 0.0001, 'max_iter': 5000, 'penalty': 'l2', 'solver': 'liblinear'}
015,0,0,66,0.42119669914245605,{'C': 0.23357214690901212, 'max_iter': 5000, 'penalty': 'l2', 'solver': 'liblinear'}
015,1,0,70,0.40216517448425293,{'C': 0.23357214690901212, 'max_iter': 5000, 'penalty': 'l1', 'solver': 'liblinear'}
015,2,0,65,0.46822667121887207,{'C': 11.288378916846883, 'max_iter': 5000, 'penalty': 'l1', 'solver': 'liblinear'}
015,3,0,61,0.5199723243713379,{'C': 0.0001, 'max_iter': 5000, 'penalty': 'l2', 'solver': 'liblinear'}
015,4,0,64,0.4445841312408447,{'C': 0.23357214690901212, 'max_iter': 5000, 'penalty': 'l1', 'solver': 'liblinear'}
020,0,0,68,0.6877901554107666,{'C': 29.763514416313132, 'max_iter': 10000, 'penalty': 'l1', 'solver': 'liblinear'}
020,1,0,68,0.7502436637878418,{'C': 0.615848211066026, 'max_iter': 5000, 'penalty': 'l1', 'solver': 'liblinear'}
020,2,0,66,0.5278398990631104,{'C': 0.0001, 'max_iter': 5000, 'penalty': 'l2', 'solver': 'liblinear'}
020,3,0,70,0.5245780944824219,{'C': 0.23357214690901212, 'max_iter': 5000, 'penalty': 'l1', 'solver': 'liblinear'}
020,4,0,64,0.43337368965148926,{'C': 4.281332398719396, 'max_iter': 5000, 'penalty': 'l1', 'solver': 'liblinear'}
030,0,0,68,0.5200464725494385,{'C': 0.615848211066026, 'max_iter': 5000, 'penalty': 'l1', 'solver': 'liblinear'}
030,1,0,71,0.5304219722747803,{'C': 0.012742749857031334, 'max_iter': 5000, 'penalty': 'l2', 'solver': 'liblinear'}
030,2,0,70,0.5204169750213623,{'C': 0.0006951927961775605, 'max_iter': 5000, 'penalty': 'l2', 'solver': 'liblinear'}
030,3,0,73,0.4265587329864502,{'C': 0.004832930238571752, 'max_iter': 5000, 'penalty': 'l2', 'solver': 'liblinear'}
030,4,0,65,0.5360317230224609,{'C': 0.0001, 'max_iter': 5000, 'penalty': 'l2', 'solver': 'liblinear'}
060,0,0,67,1.0287506580352783,{'C': 0.0018329807108324356, 'max_iter': 5000, 'penalty': 'l2', 'solver': 'liblinear'}
060,1,0,74,1.1676087379455566,{'C': 0.23357214690901212, 'max_iter': 5000, 'penalty': 'l1', 'solver': 'liblinear'}
060,2,0,71,1.4312760829925537,{'C': 0.08858667904100823, 'max_iter': 5000, 'penalty': 'l2', 'solver': 'liblinear'}
060,3,0,68,1.5701956748962402,{'C': 0.0001, 'max_iter': 5000, 'penalty': 'l2', 'solver': 'liblinear'}
060,4,0,68,1.346632480621338,{'C': 0.004832930238571752, 'max_iter': 5000, 'penalty': 'l2', 'solver': 'liblinear'}
100,0,0,73,2.87863826751709,{'C': 0.012742749857031334, 'max_iter': 5000, 'penalty': 'l2', 'solver': 'liblinear'}
100,1,0,71,2.6611571311950684,{'C': 0.615848211066026, 'max_iter': 5000, 'penalty': 'l1', 'solver': 'liblinear'}
100,2,0,72,2.9385671615600586,{'C': 0.08858667904100823, 'max_iter': 5000, 'penalty': 'l1', 'solver': 'liblinear'}
100,3,0,72,3.0468811988830566,{'C': 0.08858667904100823, 'max_iter': 5000, 'penalty': 'l1', 'solver': 'liblinear'}
100,4,0,73,3.6791164875030518,{'C': 0.012742749857031334, 'max_iter': 5000, 'penalty': 'l2', 'solver': 'liblinear'}
005,0,0,62,2.8519060611724854,{'C': 78.47599703514607, 'max_iter': 5000, 'penalty': 'l1', 'solver': 'liblinear'}
005,1,0,67,0.2891268730163574,{'C': 29.763514416313132, 'max_iter': 5000, 'penalty': 'l2', 'solver': 'liblinear'}
005,2,0,60,0.4922060966491699,{'C': 4.281332398719396, 'max_iter': 5000, 'penalty': 'l1', 'solver': 'liblinear'}
005,3,0,68,0.3395073413848877,{'C': 0.615848211066026, 'max_iter': 5000, 'penalty': 'l1', 'solver': 'liblinear'}
005,4,0,68,0.5595760345458984,{'C': 0.08858667904100823, 'max_iter': 5000, 'penalty': 'l2', 'solver': 'liblinear'}
010,0,0,65,0.4628903865814209,{'C': 10000.0, 'max_iter': 10000, 'penalty': 'l1', 'solver': 'liblinear'}
010,1,0,70,0.40088796615600586,{'C': 0.615848211066026, 'max_iter': 5000, 'penalty': 'l1', 'solver': 'liblinear'}
010,2,0,70,0.5071337223052979,{'C': 0.615848211066026, 'max_iter': 5000, 'penalty': 'l1', 'solver': 'liblinear'}
010,3,0,67,0.7489805221557617,{'C': 3792.690190732246, 'max_iter': 5000, 'penalty': 'l2', 'solver': 'liblinear'}
010,4,0,65,0.615119457244873,{'C': 0.615848211066026, 'max_iter': 5000, 'penalty': 'l1', 'solver': 'liblinear'}
015,0,0,61,0.44304680824279785,{'C': 3792.690190732246, 'max_iter': 5000, 'penalty': 'l1', 'solver': 'liblinear'}
015,1,0,70,0.4360389709472656,{'C': 0.23357214690901212, 'max_iter': 5000, 'penalty': 'l1', 'solver': 'liblinear'}
015,2,0,62,0.30702805519104004,{'C': 0.0001, 'max_iter': 5000, 'penalty': 'l2', 'solver': 'liblinear'}
015,3,0,62,0.1957242488861084,{'C': 0.0018329807108324356, 'max_iter': 5000, 'penalty': 'l2', 'solver': 'liblinear'}
015,4,0,64,0.17983174324035645,{'C': 10000.0, 'max_iter': 10000, 'penalty': 'l1', 'solver': 'liblinear'}
020,0,0,66,0.19214940071105957,{'C': 0.0001, 'max_iter': 5000, 'penalty': 'l2', 'solver': 'liblinear'}
020,1,0,68,0.19654154777526855,{'C': 0.615848211066026, 'max_iter': 5000, 'penalty': 'l1', 'solver': 'liblinear'}
020,2,0,65,0.1791989803314209,{'C': 0.23357214690901212, 'max_iter': 5000, 'penalty': 'l1', 'solver': 'liblinear'}
020,3,0,72,0.18114972114562988,{'C': 0.615848211066026, 'max_iter': 5000, 'penalty': 'l1', 'solver': 'liblinear'}
020,4,0,64,0.18589496612548828,{'C': 206.913808111479, 'max_iter': 5000, 'penalty': 'l1', 'solver': 'liblinear'}
030,0,0,70,0.18958687782287598,{'C': 0.08858667904100823, 'max_iter': 5000, 'penalty': 'l2', 'solver': 'liblinear'}
030,1,0,68,0.23544645309448242,{'C': 0.0018329807108324356, 'max_iter': 5000, 'penalty': 'l2', 'solver': 'liblinear'}
030,2,0,65,0.21437406539916992,{'C': 206.913808111479, 'max_iter': 10000, 'penalty': 'l1', 'solver': 'liblinear'}
030,3,0,72,0.2959175109863281,{'C': 0.23357214690901212, 'max_iter': 5000, 'penalty': 'l1', 'solver': 'liblinear'}
030,4,0,64,0.38063597679138184,{'C': 0.00026366508987303583, 'max_iter': 5000, 'penalty': 'l2', 'solver': 'liblinear'}
060,0,0,69,0.7492320537567139,{'C': 0.004832930238571752, 'max_iter': 5000, 'penalty': 'l2', 'solver': 'liblinear'}
060,1,0,74,0.8066263198852539,{'C': 0.23357214690901212, 'max_iter': 5000, 'penalty': 'l1', 'solver': 'liblinear'}
060,2,0,70,0.7137203216552734,{'C': 0.012742749857031334, 'max_iter': 5000, 'penalty': 'l2', 'solver': 'liblinear'}
060,3,0,72,0.8851044178009033,{'C': 0.004832930238571752, 'max_iter': 5000, 'penalty': 'l2', 'solver': 'liblinear'}
060,4,0,72,0.9143600463867188,{'C': 0.012742749857031334, 'max_iter': 5000, 'penalty': 'l2', 'solver': 'liblinear'}
100,0,0,72,2.480740785598755,{'C': 0.004832930238571752, 'max_iter': 5000, 'penalty': 'l2', 'solver': 'liblinear'}
100,1,0,73,2.8640825748443604,{'C': 0.012742749857031334, 'max_iter': 5000, 'penalty': 'l2', 'solver': 'liblinear'}
100,2,0,72,2.824418544769287,{'C': 0.004832930238571752, 'max_iter': 5000, 'penalty': 'l2', 'solver': 'liblinear'}
100,3,0,73,2.6846299171447754,{'C': 0.012742749857031334, 'max_iter': 5000, 'penalty': 'l2', 'solver': 'liblinear'}
100,4,0,73,2.9038259983062744,{'C': 0.012742749857031334, 'max_iter': 5000, 'penalty': 'l2', 'solver': 'liblinear'}
005,0,0,62,2.738274574279785,{'C': 29.763514416313132, 'max_iter': 5000, 'penalty': 'l1', 'solver': 'liblinear'}
005,1,0,67,0.3963053226470947,{'C': 29.763514416313132, 'max_iter': 5000, 'penalty': 'l2', 'solver': 'liblinear'}
005,2,0,58,0.5235967636108398,{'C': 1.623776739188721, 'max_iter': 5000, 'penalty': 'l1', 'solver': 'liblinear'}
005,3,0,50,0.6088318824768066,{'C': 0.0001, 'max_iter': 5000, 'penalty': 'l1', 'solver': 'liblinear'}
005,4,0,50,0.7797572612762451,{'C': 0.0001, 'max_iter': 5000, 'penalty': 'l1', 'solver': 'liblinear'}
010,0,0,66,0.4100339412689209,{'C': 1438.44988828766, 'max_iter': 5000, 'penalty': 'l1', 'solver': 'liblinear'}
010,1,0,70,0.548316240310669,{'C': 0.615848211066026, 'max_iter': 5000, 'penalty': 'l1', 'solver': 'liblinear'}
010,2,0,62,0.4889249801635742,{'C': 10000.0, 'max_iter': 5000, 'penalty': 'l1', 'solver': 'liblinear'}
010,3,0,50,0.5615668296813965,{'C': 0.0001, 'max_iter': 5000, 'penalty': 'l1', 'solver': 'liblinear'}
010,4,0,64,0.3321046829223633,{'C': 0.0001, 'max_iter': 5000, 'penalty': 'l2', 'solver': 'liblinear'}
015,0,0,62,0.654139518737793,{'C': 78.47599703514607, 'max_iter': 5000, 'penalty': 'l1', 'solver': 'liblinear'}
015,1,0,66,1.0072300434112549,{'C': 0.23357214690901212, 'max_iter': 5000, 'penalty': 'l2', 'solver': 'liblinear'}
015,2,0,62,0.3563730716705322,{'C': 0.0001, 'max_iter': 5000, 'penalty': 'l2', 'solver': 'liblinear'}
015,3,0,72,0.4259047508239746,{'C': 0.615848211066026, 'max_iter': 5000, 'penalty': 'l1', 'solver': 'liblinear'}
015,4,0,67,0.41666460037231445,{'C': 0.004832930238571752, 'max_iter': 5000, 'penalty': 'l2', 'solver': 'liblinear'}
020,0,0,66,0.47119808197021484,{'C': 0.0001, 'max_iter': 5000, 'penalty': 'l2', 'solver': 'liblinear'}
020,1,0,68,0.7840754985809326,{'C': 0.012742749857031334, 'max_iter': 5000, 'penalty': 'l2', 'solver': 'liblinear'}
020,2,0,66,0.6920192241668701,{'C': 0.0001, 'max_iter': 5000, 'penalty': 'l2', 'solver': 'liblinear'}
020,3,0,72,0.3997914791107178,{'C': 0.615848211066026, 'max_iter': 5000, 'penalty': 'l1', 'solver': 'liblinear'}
020,4,0,64,0.43292927742004395,{'C': 4.281332398719396, 'max_iter': 5000, 'penalty': 'l1', 'solver': 'liblinear'}
030,0,0,69,0.47940492630004883,{'C': 0.23357214690901212, 'max_iter': 5000, 'penalty': 'l1', 'solver': 'liblinear'}
030,1,0,69,0.532433032989502,{'C': 0.23357214690901212, 'max_iter': 5000, 'penalty': 'l1', 'solver': 'liblinear'}
030,2,0,71,0.6165692806243896,{'C': 0.0018329807108324356, 'max_iter': 5000, 'penalty': 'l2', 'solver': 'liblinear'}
030,3,0,68,0.44306349754333496,{'C': 1.623776739188721, 'max_iter': 5000, 'penalty': 'l2', 'solver': 'liblinear'}
030,4,0,66,0.5862491130828857,{'C': 0.004832930238571752, 'max_iter': 5000, 'penalty': 'l2', 'solver': 'liblinear'}
060,0,0,67,1.4877090454101562,{'C': 0.0018329807108324356, 'max_iter': 5000, 'penalty': 'l2', 'solver': 'liblinear'}
060,1,0,72,1.47273588180542,{'C': 0.03359818286283781, 'max_iter': 5000, 'penalty': 'l2', 'solver': 'liblinear'}
060,2,0,70,1.2865231037139893,{'C': 0.03359818286283781, 'max_iter': 5000, 'penalty': 'l2', 'solver': 'liblinear'}
060,3,0,72,1.5078375339508057,{'C': 0.004832930238571752, 'max_iter': 5000, 'penalty': 'l2', 'solver': 'liblinear'}
060,4,0,73,1.0768795013427734,{'C': 0.23357214690901212, 'max_iter': 5000, 'penalty': 'l1', 'solver': 'liblinear'}
100,0,0,72,2.948721170425415,{'C': 0.08858667904100823, 'max_iter': 5000, 'penalty': 'l2', 'solver': 'liblinear'}
100,1,0,70,3.2423083782196045,{'C': 0.0018329807108324356, 'max_iter': 5000, 'penalty': 'l2', 'solver': 'liblinear'}
100,2,0,72,3.495950222015381,{'C': 0.004832930238571752, 'max_iter': 5000, 'penalty': 'l2', 'solver': 'liblinear'}
100,3,0,73,2.7393221855163574,{'C': 0.012742749857031334, 'max_iter': 5000, 'penalty': 'l2', 'solver': 'liblinear'}
100,4,0,72,2.408604621887207,{'C': 0.004832930238571752, 'max_iter': 5000, 'penalty': 'l2', 'solver': 'liblinear'}
005,0,0,57,1.6985952854156494,{'C': 0.615848211066026, 'max_iter': 5000, 'penalty': 'l1', 'solver': 'liblinear'}
005,1,0,70,0.40048646926879883,{'C': 0.08858667904100823, 'max_iter': 5000, 'penalty': 'l2', 'solver': 'liblinear'}
005,2,0,50,0.5170032978057861,{'C': 0.0001, 'max_iter': 5000, 'penalty': 'l1', 'solver': 'liblinear'}
005,3,0,68,0.6100723743438721,{'C': 0.615848211066026, 'max_iter': 5000, 'penalty': 'l1', 'solver': 'liblinear'}
005,4,0,59,0.6537983417510986,{'C': 1438.44988828766, 'max_iter': 10000, 'penalty': 'l1', 'solver': 'liblinear'}
010,0,0,66,0.5686843395233154,{'C': 11.288378916846883, 'max_iter': 5000, 'penalty': 'l2', 'solver': 'liblinear'}
010,1,0,70,0.535592794418335,{'C': 0.615848211066026, 'max_iter': 5000, 'penalty': 'l1', 'solver': 'liblinear'}
010,2,0,62,0.34636640548706055,{'C': 1438.44988828766, 'max_iter': 5000, 'penalty': 'l1', 'solver': 'liblinear'}
010,3,0,50,0.45015883445739746,{'C': 0.0001, 'max_iter': 5000, 'penalty': 'l1', 'solver': 'liblinear'}
010,4,0,65,0.33513379096984863,{'C': 0.615848211066026, 'max_iter': 5000, 'penalty': 'l1', 'solver': 'liblinear'}
015,0,0,62,0.4658803939819336,{'C': 545.5594781168514, 'max_iter': 5000, 'penalty': 'l1', 'solver': 'liblinear'}
015,1,0,70,0.5634546279907227,{'C': 0.23357214690901212, 'max_iter': 5000, 'penalty': 'l1', 'solver': 'liblinear'}
015,2,0,64,0.49505066871643066,{'C': 0.004832930238571752, 'max_iter': 5000, 'penalty': 'l2', 'solver': 'liblinear'}
015,3,0,62,0.43692469596862793,{'C': 0.0018329807108324356, 'max_iter': 5000, 'penalty': 'l2', 'solver': 'liblinear'}
015,4,0,68,0.3987858295440674,{'C': 3792.690190732246, 'max_iter': 5000, 'penalty': 'l2', 'solver': 'liblinear'}
020,0,0,66,0.8827810287475586,{'C': 0.0001, 'max_iter': 5000, 'penalty': 'l2', 'solver': 'liblinear'}
020,1,0,68,0.47199392318725586,{'C': 0.012742749857031334, 'max_iter': 5000, 'penalty': 'l2', 'solver': 'liblinear'}
020,2,0,65,0.6963372230529785,{'C': 0.23357214690901212, 'max_iter': 5000, 'penalty': 'l1', 'solver': 'liblinear'}
020,3,0,69,0.6093029975891113,{'C': 1.623776739188721, 'max_iter': 5000, 'penalty': 'l1', 'solver': 'liblinear'}
020,4,0,69,0.641777515411377,{'C': 0.615848211066026, 'max_iter': 5000, 'penalty': 'l1', 'solver': 'liblinear'}
030,0,0,69,0.7059535980224609,{'C': 0.23357214690901212, 'max_iter': 5000, 'penalty': 'l2', 'solver': 'liblinear'}
030,1,0,68,0.4804656505584717,{'C': 0.0018329807108324356, 'max_iter': 5000, 'penalty': 'l2', 'solver': 'liblinear'}
030,2,0,72,0.6733369827270508,{'C': 0.615848211066026, 'max_iter': 5000, 'penalty': 'l1', 'solver': 'liblinear'}
030,3,0,72,0.8264098167419434,{'C': 0.23357214690901212, 'max_iter': 5000, 'penalty': 'l1', 'solver': 'liblinear'}
030,4,0,66,0.6394617557525635,{'C': 1.623776739188721, 'max_iter': 5000, 'penalty': 'l1', 'solver': 'liblinear'}
060,0,0,66,1.287778615951538,{'C': 4.281332398719396, 'max_iter': 5000, 'penalty': 'l2', 'solver': 'liblinear'}
060,1,0,72,1.6711845397949219,{'C': 0.03359818286283781, 'max_iter': 5000, 'penalty': 'l2', 'solver': 'liblinear'}
060,2,0,68,1.7130217552185059,{'C': 0.08858667904100823, 'max_iter': 5000, 'penalty': 'l1', 'solver': 'liblinear'}
060,3,0,70,1.063427209854126,{'C': 0.012742749857031334, 'max_iter': 5000, 'penalty': 'l2', 'solver': 'liblinear'}
060,4,0,72,1.2424845695495605,{'C': 0.012742749857031334, 'max_iter': 5000, 'penalty': 'l2', 'solver': 'liblinear'}
100,0,0,72,3.1668472290039062,{'C': 0.004832930238571752, 'max_iter': 5000, 'penalty': 'l2', 'solver': 'liblinear'}
100,1,0,72,4.005155801773071,{'C': 0.08858667904100823, 'max_iter': 5000, 'penalty': 'l1', 'solver': 'liblinear'}
100,2,0,71,2.7724671363830566,{'C': 0.615848211066026, 'max_iter': 5000, 'penalty': 'l1', 'solver': 'liblinear'}
100,3,0,73,2.74104905128479,{'C': 0.012742749857031334, 'max_iter': 5000, 'penalty': 'l2', 'solver': 'liblinear'}
100,4,0,72,3.025148630142212,{'C': 0.08858667904100823, 'max_iter': 5000, 'penalty': 'l2', 'solver': 'liblinear'}
005,0,0,61,2.7884867191314697,{'C': 78.47599703514607, 'max_iter': 5000, 'penalty': 'l1', 'solver': 'liblinear'}
005,1,0,67,0.5511810779571533,{'C': 29.763514416313132, 'max_iter': 5000, 'penalty': 'l2', 'solver': 'liblinear'}
005,2,0,60,0.5013344287872314,{'C': 4.281332398719396, 'max_iter': 5000, 'penalty': 'l1', 'solver': 'liblinear'}
005,3,0,50,0.37560462951660156,{'C': 0.0001, 'max_iter': 5000, 'penalty': 'l1', 'solver': 'liblinear'}
005,4,0,62,0.5489113330841064,{'C': 1.623776739188721, 'max_iter': 5000, 'penalty': 'l2', 'solver': 'liblinear'}
010,0,0,66,0.6831834316253662,{'C': 1.623776739188721, 'max_iter': 5000, 'penalty': 'l1', 'solver': 'liblinear'}
010,1,0,70,0.3668789863586426,{'C': 0.615848211066026, 'max_iter': 5000, 'penalty': 'l1', 'solver': 'liblinear'}
010,2,0,66,0.22809100151062012,{'C': 0.23357214690901212, 'max_iter': 5000, 'penalty': 'l2', 'solver': 'liblinear'}
010,3,0,64,0.19440937042236328,{'C': 3792.690190732246, 'max_iter': 10000, 'penalty': 'l1', 'solver': 'liblinear'}
010,4,0,64,0.2045581340789795,{'C': 0.08858667904100823, 'max_iter': 5000, 'penalty': 'l2', 'solver': 'liblinear'}
015,0,0,61,0.19136619567871094,{'C': 78.47599703514607, 'max_iter': 5000, 'penalty': 'l1', 'solver': 'liblinear'}
015,1,0,70,0.17383623123168945,{'C': 0.23357214690901212, 'max_iter': 5000, 'penalty': 'l1', 'solver': 'liblinear'}
015,2,0,66,0.20289325714111328,{'C': 1.623776739188721, 'max_iter': 10000, 'penalty': 'l1', 'solver': 'liblinear'}
015,3,0,62,0.18598031997680664,{'C': 0.004832930238571752, 'max_iter': 5000, 'penalty': 'l2', 'solver': 'liblinear'}
015,4,0,70,0.18512248992919922,{'C': 0.08858667904100823, 'max_iter': 5000, 'penalty': 'l2', 'solver': 'liblinear'}
020,0,0,70,0.18701887130737305,{'C': 0.615848211066026, 'max_iter': 5000, 'penalty': 'l1', 'solver': 'liblinear'}
020,1,0,68,0.18358659744262695,{'C': 1.623776739188721, 'max_iter': 5000, 'penalty': 'l1', 'solver': 'liblinear'}
020,2,0,65,0.18919086456298828,{'C': 0.23357214690901212, 'max_iter': 5000, 'penalty': 'l1', 'solver': 'liblinear'}
020,3,0,72,0.1844930648803711,{'C': 0.615848211066026, 'max_iter': 5000, 'penalty': 'l1', 'solver': 'liblinear'}
020,4,0,64,0.18950939178466797,{'C': 78.47599703514607, 'max_iter': 5000, 'penalty': 'l1', 'solver': 'liblinear'}
030,0,0,69,0.4801473617553711,{'C': 0.23357214690901212, 'max_iter': 5000, 'penalty': 'l1', 'solver': 'liblinear'}
030,1,0,69,0.33158302307128906,{'C': 0.23357214690901212, 'max_iter': 5000, 'penalty': 'l1', 'solver': 'liblinear'}
030,2,0,70,0.4911844730377197,{'C': 0.0006951927961775605, 'max_iter': 5000, 'penalty': 'l2', 'solver': 'liblinear'}
030,3,0,72,0.3553471565246582,{'C': 0.23357214690901212, 'max_iter': 5000, 'penalty': 'l1', 'solver': 'liblinear'}
030,4,0,67,0.42273449897766113,{'C': 0.012742749857031334, 'max_iter': 5000, 'penalty': 'l2', 'solver': 'liblinear'}
060,0,0,70,1.142984390258789,{'C': 0.23357214690901212, 'max_iter': 5000, 'penalty': 'l1', 'solver': 'liblinear'}
060,1,0,67,1.1454811096191406,{'C': 0.0001, 'max_iter': 5000, 'penalty': 'l2', 'solver': 'liblinear'}
060,2,0,70,1.042163372039795,{'C': 0.03359818286283781, 'max_iter': 5000, 'penalty': 'l2', 'solver': 'liblinear'}
060,3,0,71,1.558635950088501,{'C': 0.08858667904100823, 'max_iter': 5000, 'penalty': 'l1', 'solver': 'liblinear'}
060,4,0,72,1.1071362495422363,{'C': 0.012742749857031334, 'max_iter': 5000, 'penalty': 'l2', 'solver': 'liblinear'}
100,0,0,72,2.9569928646087646,{'C': 0.08858667904100823, 'max_iter': 5000, 'penalty': 'l2', 'solver': 'liblinear'}
100,1,0,72,2.455095052719116,{'C': 0.08858667904100823, 'max_iter': 5000, 'penalty': 'l1', 'solver': 'liblinear'}
100,2,0,73,3.5518436431884766,{'C': 0.012742749857031334, 'max_iter': 5000, 'penalty': 'l2', 'solver': 'liblinear'}
100,3,0,72,3.0549044609069824,{'C': 0.08858667904100823, 'max_iter': 5000, 'penalty': 'l1', 'solver': 'liblinear'}
100,4,0,72,2.527740716934204,{'C': 0.08858667904100823, 'max_iter': 5000, 'penalty': 'l1', 'solver': 'liblinear'}
005,0,0,63,2.8501923084259033,{'C': 3792.690190732246, 'max_iter': 10000, 'penalty': 'l1', 'solver': 'liblinear'}
005,1,0,65,0.4038701057434082,{'C': 1.623776739188721, 'max_iter': 5000, 'penalty': 'l1', 'solver': 'liblinear'}
005,2,0,60,0.5946414470672607,{'C': 4.281332398719396, 'max_iter': 5000, 'penalty': 'l1', 'solver': 'liblinear'}
005,3,0,50,0.27372169494628906,{'C': 0.0001, 'max_iter': 5000, 'penalty': 'l1', 'solver': 'liblinear'}
005,4,0,50,0.4560534954071045,{'C': 0.0001, 'max_iter': 5000, 'penalty': 'l1', 'solver': 'liblinear'}
010,0,0,65,0.526984453201294,{'C': 1.623776739188721, 'max_iter': 5000, 'penalty': 'l2', 'solver': 'liblinear'}
010,1,0,70,0.5293047428131104,{'C': 0.615848211066026, 'max_iter': 5000, 'penalty': 'l1', 'solver': 'liblinear'}
010,2,0,62,0.6763508319854736,{'C': 0.23357214690901212, 'max_iter': 5000, 'penalty': 'l1', 'solver': 'liblinear'}
010,3,0,50,0.5268523693084717,{'C': 0.0001, 'max_iter': 5000, 'penalty': 'l1', 'solver': 'liblinear'}
010,4,0,65,0.4326035976409912,{'C': 0.615848211066026, 'max_iter': 5000, 'penalty': 'l1', 'solver': 'liblinear'}
015,0,0,63,0.41927194595336914,{'C': 1.623776739188721, 'max_iter': 5000, 'penalty': 'l1', 'solver': 'liblinear'}
015,1,0,67,0.5180373191833496,{'C': 1.623776739188721, 'max_iter': 5000, 'penalty': 'l1', 'solver': 'liblinear'}
015,2,0,64,0.5159420967102051,{'C': 78.47599703514607, 'max_iter': 5000, 'penalty': 'l1', 'solver': 'liblinear'}
015,3,0,66,0.3733038902282715,{'C': 0.03359818286283781, 'max_iter': 5000, 'penalty': 'l2', 'solver': 'liblinear'}
015,4,0,63,0.5298910140991211,{'C': 3792.690190732246, 'max_iter': 5000, 'penalty': 'l1', 'solver': 'liblinear'}
020,0,0,70,0.6573801040649414,{'C': 0.615848211066026, 'max_iter': 5000, 'penalty': 'l1', 'solver': 'liblinear'}
020,1,0,68,0.45232605934143066,{'C': 0.004832930238571752, 'max_iter': 5000, 'penalty': 'l2', 'solver': 'liblinear'}
020,2,0,65,0.488628625869751,{'C': 0.23357214690901212, 'max_iter': 5000, 'penalty': 'l1', 'solver': 'liblinear'}
020,3,0,70,0.495546817779541,{'C': 0.23357214690901212, 'max_iter': 5000, 'penalty': 'l1', 'solver': 'liblinear'}
020,4,0,64,0.5540406703948975,{'C': 78.47599703514607, 'max_iter': 5000, 'penalty': 'l1', 'solver': 'liblinear'}
030,0,0,69,0.4375016689300537,{'C': 0.012742749857031334, 'max_iter': 5000, 'penalty': 'l2', 'solver': 'liblinear'}
030,1,0,70,0.5398707389831543,{'C': 0.004832930238571752, 'max_iter': 5000, 'penalty': 'l2', 'solver': 'liblinear'}
030,2,0,66,0.5393209457397461,{'C': 10000.0, 'max_iter': 5000, 'penalty': 'l1', 'solver': 'liblinear'}
030,3,0,72,0.4335658550262451,{'C': 0.23357214690901212, 'max_iter': 5000, 'penalty': 'l1', 'solver': 'liblinear'}
030,4,0,66,0.5330612659454346,{'C': 0.23357214690901212, 'max_iter': 5000, 'penalty': 'l2', 'solver': 'liblinear'}
060,0,0,69,1.089989423751831,{'C': 0.004832930238571752, 'max_iter': 5000, 'penalty': 'l2', 'solver': 'liblinear'}
060,1,0,71,1.1336450576782227,{'C': 0.08858667904100823, 'max_iter': 5000, 'penalty': 'l1', 'solver': 'liblinear'}
060,2,0,70,0.3183481693267822,{'C': 0.012742749857031334, 'max_iter': 5000, 'penalty': 'l2', 'solver': 'liblinear'}
060,3,0,70,0.5514223575592041,{'C': 0.012742749857031334, 'max_iter': 5000, 'penalty': 'l2', 'solver': 'liblinear'}
060,4,0,72,0.3782951831817627,{'C': 0.012742749857031334, 'max_iter': 5000, 'penalty': 'l2', 'solver': 'liblinear'}
100,0,0,72,1.438652753829956,{'C': 0.004832930238571752, 'max_iter': 5000, 'penalty': 'l2', 'solver': 'liblinear'}
100,1,0,68,2.4849486351013184,{'C': 0.0001, 'max_iter': 5000, 'penalty': 'l2', 'solver': 'liblinear'}
100,2,0,70,2.566681385040283,{'C': 0.0018329807108324356, 'max_iter': 5000, 'penalty': 'l2', 'solver': 'liblinear'}
100,3,0,70,2.817617177963257,{'C': 0.0018329807108324356, 'max_iter': 5000, 'penalty': 'l2', 'solver': 'liblinear'}
100,4,0,71,2.7921833992004395,{'C': 0.615848211066026, 'max_iter': 5000, 'penalty': 'l1', 'solver': 'liblinear'}
005,0,0,61,2.962315559387207,{'C': 4.281332398719396, 'max_iter': 5000, 'penalty': 'l1', 'solver': 'liblinear'}
005,1,0,67,0.43019771575927734,{'C': 0.23357214690901212, 'max_iter': 5000, 'penalty': 'l2', 'solver': 'liblinear'}
005,2,0,60,0.37183523178100586,{'C': 11.288378916846883, 'max_iter': 5000, 'penalty': 'l1', 'solver': 'liblinear'}
005,3,0,68,0.33412790298461914,{'C': 0.615848211066026, 'max_iter': 5000, 'penalty': 'l1', 'solver': 'liblinear'}
005,4,0,68,0.5467684268951416,{'C': 0.012742749857031334, 'max_iter': 5000, 'penalty': 'l2', 'solver': 'liblinear'}
010,0,0,64,0.47635769844055176,{'C': 206.913808111479, 'max_iter': 5000, 'penalty': 'l1', 'solver': 'liblinear'}
010,1,0,70,0.4512484073638916,{'C': 0.615848211066026, 'max_iter': 5000, 'penalty': 'l1', 'solver': 'liblinear'}
010,2,0,62,0.324404239654541,{'C': 0.23357214690901212, 'max_iter': 5000, 'penalty': 'l1', 'solver': 'liblinear'}
010,3,0,50,0.5454609394073486,{'C': 0.0001, 'max_iter': 5000, 'penalty': 'l1', 'solver': 'liblinear'}
010,4,0,62,0.5496358871459961,{'C': 0.23357214690901212, 'max_iter': 5000, 'penalty': 'l1', 'solver': 'liblinear'}
015,0,0,68,0.8555281162261963,{'C': 0.08858667904100823, 'max_iter': 5000, 'penalty': 'l2', 'solver': 'liblinear'}
015,1,0,67,0.5363225936889648,{'C': 1.623776739188721, 'max_iter': 5000, 'penalty': 'l1', 'solver': 'liblinear'}
015,2,0,65,0.5725164413452148,{'C': 0.615848211066026, 'max_iter': 5000, 'penalty': 'l1', 'solver': 'liblinear'}
015,3,0,67,0.5332989692687988,{'C': 0.23357214690901212, 'max_iter': 5000, 'penalty': 'l2', 'solver': 'liblinear'}
015,4,0,70,0.5603630542755127,{'C': 0.03359818286283781, 'max_iter': 5000, 'penalty': 'l2', 'solver': 'liblinear'}
020,0,0,66,0.6987497806549072,{'C': 0.0001, 'max_iter': 5000, 'penalty': 'l2', 'solver': 'liblinear'}
020,1,0,66,0.7446653842926025,{'C': 0.23357214690901212, 'max_iter': 5000, 'penalty': 'l1', 'solver': 'liblinear'}
020,2,0,65,0.46826910972595215,{'C': 0.23357214690901212, 'max_iter': 5000, 'penalty': 'l1', 'solver': 'liblinear'}
020,3,0,69,0.6827003955841064,{'C': 1.623776739188721, 'max_iter': 5000, 'penalty': 'l1', 'solver': 'liblinear'}
020,4,0,65,0.8546745777130127,{'C': 4.281332398719396, 'max_iter': 5000, 'penalty': 'l2', 'solver': 'liblinear'}
030,0,0,68,0.8149170875549316,{'C': 0.615848211066026, 'max_iter': 5000, 'penalty': 'l1', 'solver': 'liblinear'}
030,1,0,67,0.7437620162963867,{'C': 0.0006951927961775605, 'max_iter': 5000, 'penalty': 'l2', 'solver': 'liblinear'}
030,2,0,72,0.6396369934082031,{'C': 0.23357214690901212, 'max_iter': 5000, 'penalty': 'l1', 'solver': 'liblinear'}
030,3,0,72,0.7597503662109375,{'C': 0.23357214690901212, 'max_iter': 5000, 'penalty': 'l1', 'solver': 'liblinear'}
030,4,0,64,0.5887491703033447,{'C': 0.615848211066026, 'max_iter': 5000, 'penalty': 'l2', 'solver': 'liblinear'}
060,0,0,71,1.369863748550415,{'C': 0.012742749857031334, 'max_iter': 5000, 'penalty': 'l2', 'solver': 'liblinear'}
060,1,0,68,1.0237858295440674,{'C': 0.0018329807108324356, 'max_iter': 5000, 'penalty': 'l2', 'solver': 'liblinear'}
060,2,0,70,1.4844694137573242,{'C': 0.012742749857031334, 'max_iter': 5000, 'penalty': 'l2', 'solver': 'liblinear'}
060,3,0,68,1.127073049545288,{'C': 0.0001, 'max_iter': 5000, 'penalty': 'l2', 'solver': 'liblinear'}
060,4,0,68,1.178194284439087,{'C': 0.004832930238571752, 'max_iter': 5000, 'penalty': 'l2', 'solver': 'liblinear'}
100,0,0,68,3.5356462001800537,{'C': 0.00026366508987303583, 'max_iter': 5000, 'penalty': 'l2', 'solver': 'liblinear'}
100,1,0,73,3.8446314334869385,{'C': 0.012742749857031334, 'max_iter': 5000, 'penalty': 'l2', 'solver': 'liblinear'}
100,2,0,72,3.0555684566497803,{'C': 0.08858667904100823, 'max_iter': 5000, 'penalty': 'l2', 'solver': 'liblinear'}
100,3,0,68,2.2768735885620117,{'C': 0.0006951927961775605, 'max_iter': 5000, 'penalty': 'l2', 'solver': 'liblinear'}
100,4,0,70,2.6468496322631836,{'C': 0.0018329807108324356, 'max_iter': 5000, 'penalty': 'l2', 'solver': 'liblinear'}
