5,0,0,66,0.752534866,{'C': 10, 'gamma': 0.01, 'kernel': 'sigmoid'}
5,1,0,57,0.63451004,{'C': 10, 'gamma': 0.1, 'kernel': 'sigmoid'}
5,2,0,52,0.820401192,{'C': 0.1, 'gamma': 1, 'kernel': 'sigmoid'}
5,3,0,52,0.768285751,{'C': 10, 'gamma': 0.1, 'kernel': 'sigmoid'}
5,4,0,65,0.769004583,{'C': 0.1, 'gamma': 0.01, 'kernel': 'sigmoid'}
10,0,0,52,0.824090958,{'C': 1, 'gamma': 1, 'kernel': 'sigmoid'}
10,1,0,64,0.747181416,{'C': 0.1, 'gamma': 0.001, 'kernel': 'rbf'}
10,2,0,65,0.804559231,{'C': 0.1, 'gamma': 0.01, 'kernel': 'rbf'}
10,3,0,51,0.567802906,{'C': 0.1, 'gamma': 1, 'kernel': 'sigmoid'}
10,4,0,64,0.736214638,{'C': 0.1, 'gamma': 0.01, 'kernel': 'sigmoid'}
15,0,0,66,0.750308752,{'C': 100, 'gamma': 0.01, 'kernel': 'sigmoid'}
15,1,0,56,0.847743034,{'C': 0.1, 'gamma': 0.1, 'kernel': 'sigmoid'}
15,2,0,63,0.824785471,{'C': 10, 'gamma': 0.01, 'kernel': 'sigmoid'}
15,3,0,56,0.790888548,{'C': 100, 'gamma': 0.1, 'kernel': 'sigmoid'}
15,4,0,57,0.819566727,{'C': 100, 'gamma': 0.1, 'kernel': 'sigmoid'}
20,0,0,67,0.899588823,{'C': 1, 'gamma': 0.01, 'kernel': 'sigmoid'}
20,1,0,74,0.798468351,{'C': 100, 'gamma': 0.01, 'kernel': 'rbf'}
20,2,0,65,0.875721455,{'C': 100, 'gamma': 0.001, 'kernel': 'sigmoid'}
20,3,0,72,0.941119432,{'C': 100, 'gamma': 0.001, 'kernel': 'sigmoid'}
20,4,0,65,0.851509094,{'C': 0.1, 'gamma': 0.01, 'kernel': 'poly'}
30,0,0,70,0.968321562,{'C': 1, 'gamma': 0.01, 'kernel': 'sigmoid'}
30,1,0,68,0.91373539,{'C': 0.1, 'gamma': 0.01, 'kernel': 'poly'}
30,2,0,69,0.906963587,{'C': 0.1, 'gamma': 0.001, 'kernel': 'rbf'}
30,3,0,56,0.591933727,{'C': 0.1, 'gamma': 0.1, 'kernel': 'sigmoid'}
30,4,0,61,0.387278795,{'C': 100, 'gamma': 0.01, 'kernel': 'sigmoid'}
60,0,0,68,1.080304623,{'C': 1, 'gamma': 0.001, 'kernel': 'rbf'}
60,1,0,72,1.116268396,{'C': 1, 'gamma': 0.01, 'kernel': 'sigmoid'}
60,2,0,72,1.0820539,{'C': 1, 'gamma': 0.01, 'kernel': 'poly'}
60,3,0,72,1.096567392,{'C': 1, 'gamma': 0.01, 'kernel': 'rbf'}
60,4,0,72,1.09032917,{'C': 1, 'gamma': 0.01, 'kernel': 'poly'}
100,0,0,68,1.929565191,{'C': 0.1, 'gamma': 0.001, 'kernel': 'rbf'}
100,1,0,74,1.926621914,{'C': 1, 'gamma': 0.01, 'kernel': 'poly'}
100,2,0,74,1.444161892,{'C': 1, 'gamma': 0.01, 'kernel': 'rbf'}
100,3,0,68,0.923300028,{'C': 0.1, 'gamma': 0.001, 'kernel': 'rbf'}
100,4,0,72,1.186999798,{'C': 10, 'gamma': 0.01, 'kernel': 'rbf'}
5,0,0,66,0.519386768,{'C': 10, 'gamma': 0.01, 'kernel': 'sigmoid'}
5,1,0,57,0.508453846,{'C': 10, 'gamma': 0.1, 'kernel': 'sigmoid'}
5,2,0,52,0.668751478,{'C': 0.1, 'gamma': 1, 'kernel': 'sigmoid'}
5,3,0,64,0.35657692,{'C': 10, 'gamma': 0.01, 'kernel': 'sigmoid'}
5,4,0,58,0.715008497,{'C': 10, 'gamma': 0.1, 'kernel': 'sigmoid'}
10,0,0,66,0.4324224,{'C': 0.1, 'gamma': 1, 'kernel': 'poly'}
10,1,0,70,0.27955699,{'C': 10, 'gamma': 0.01, 'kernel': 'sigmoid'}
10,2,0,48,0.496042013,{'C': 100, 'gamma': 0.1, 'kernel': 'sigmoid'}
10,3,0,66,0.749706268,{'C': 0.1, 'gamma': 1, 'kernel': 'poly'}
10,4,0,64,0.754249096,{'C': 0.1, 'gamma': 0.01, 'kernel': 'rbf'}
15,0,0,66,0.78119874,{'C': 100, 'gamma': 0.01, 'kernel': 'sigmoid'}
15,1,0,60,0.69824481,{'C': 100, 'gamma': 0.01, 'kernel': 'sigmoid'}
15,2,0,65,0.804461241,{'C': 0.1, 'gamma': 0.01, 'kernel': 'rbf'}
15,3,0,56,0.74883461,{'C': 10, 'gamma': 0.1, 'kernel': 'sigmoid'}
15,4,0,68,0.793731689,{'C': 0.1, 'gamma': 0.01, 'kernel': 'rbf'}
20,0,0,67,0.897174358,{'C': 1, 'gamma': 0.01, 'kernel': 'rbf'}
20,1,0,73,0.815330744,{'C': 0.1, 'gamma': 1, 'kernel': 'poly'}
20,2,0,66,0.744732141,{'C': 0.1, 'gamma': 0.01, 'kernel': 'rbf'}
20,3,0,55,0.797711372,{'C': 0.1, 'gamma': 0.1, 'kernel': 'sigmoid'}
20,4,0,65,0.789446354,{'C': 0.1, 'gamma': 0.01, 'kernel': 'poly'}
30,0,0,67,0.953356266,{'C': 0.1, 'gamma': 0.001, 'kernel': 'sigmoid'}
30,1,0,70,0.868106127,{'C': 100, 'gamma': 0.001, 'kernel': 'rbf'}
30,2,0,70,0.912203789,{'C': 0.1, 'gamma': 0.001, 'kernel': 'sigmoid'}
30,3,0,70,0.688582897,{'C': 100, 'gamma': 0.001, 'kernel': 'rbf'}
30,4,0,65,0.881394386,{'C': 0.1, 'gamma': 0.01, 'kernel': 'sigmoid'}
60,0,0,67,1.352179527,{'C': 0.1, 'gamma': 0.001, 'kernel': 'rbf'}
60,1,0,72,1.125599623,{'C': 1, 'gamma': 0.01, 'kernel': 'sigmoid'}
60,2,0,68,1.114988565,{'C': 100, 'gamma': 0.001, 'kernel': 'rbf'}
60,3,0,68,1.106995106,{'C': 1, 'gamma': 0.001, 'kernel': 'rbf'}
60,4,0,72,1.13586545,{'C': 1, 'gamma': 0.01, 'kernel': 'poly'}
100,0,0,72,1.918534994,{'C': 100, 'gamma': 0.001, 'kernel': 'rbf'}
100,1,0,74,1.895602703,{'C': 1, 'gamma': 0.01, 'kernel': 'poly'}
100,2,0,74,1.873408079,{'C': 1, 'gamma': 0.01, 'kernel': 'poly'}
100,3,0,74,1.85444355,{'C': 1, 'gamma': 0.01, 'kernel': 'poly'}
100,4,0,74,1.889677286,{'C': 1, 'gamma': 0.01, 'kernel': 'rbf'}
5,0,0,65,0.713213921,{'C': 10, 'gamma': 0.01, 'kernel': 'rbf'}
5,1,0,68,0.713202715,{'C': 0.1, 'gamma': 0.01, 'kernel': 'rbf'}
5,2,0,52,0.717381239,{'C': 0.1, 'gamma': 1, 'kernel': 'sigmoid'}
5,3,0,56,0.493114233,{'C': 1, 'gamma': 1, 'kernel': 'sigmoid'}
5,4,0,61,0.731031895,{'C': 0.1, 'gamma': 0.1, 'kernel': 'sigmoid'}
10,0,0,64,0.79890275,{'C': 0.1, 'gamma': 0.01, 'kernel': 'sigmoid'}
10,1,0,66,0.876363516,{'C': 100, 'gamma': 0.01, 'kernel': 'sigmoid'}
10,2,0,65,0.832013369,{'C': 0.1, 'gamma': 0.01, 'kernel': 'rbf'}
10,3,0,51,0.653571844,{'C': 0.1, 'gamma': 1, 'kernel': 'sigmoid'}
10,4,0,60,0.733980417,{'C': 100, 'gamma': 0.01, 'kernel': 'sigmoid'}
15,0,0,56,0.762992144,{'C': 10, 'gamma': 1, 'kernel': 'sigmoid'}
15,1,0,60,0.859455824,{'C': 1, 'gamma': 1, 'kernel': 'sigmoid'}
15,2,0,60,0.828395128,{'C': 10, 'gamma': 0.1, 'kernel': 'sigmoid'}
15,3,0,56,0.772235394,{'C': 10, 'gamma': 0.1, 'kernel': 'sigmoid'}
15,4,0,57,0.792066574,{'C': 100, 'gamma': 0.1, 'kernel': 'sigmoid'}
20,0,0,67,0.860266685,{'C': 1, 'gamma': 0.01, 'kernel': 'rbf'}
20,1,0,66,0.880693913,{'C': 0.1, 'gamma': 0.001, 'kernel': 'rbf'}
20,2,0,60,0.865952015,{'C': 1, 'gamma': 0.1, 'kernel': 'rbf'}
20,3,0,72,0.915873766,{'C': 100, 'gamma': 0.001, 'kernel': 'sigmoid'}
20,4,0,65,0.884496689,{'C': 100, 'gamma': 0.001, 'kernel': 'sigmoid'}
30,0,0,69,0.91216445,{'C': 10, 'gamma': 0.001, 'kernel': 'sigmoid'}
30,1,0,66,0.910021544,{'C': 0.1, 'gamma': 0.01, 'kernel': 'rbf'}
30,2,0,65,0.988890648,{'C': 10, 'gamma': 0.01, 'kernel': 'sigmoid'}
30,3,0,69,0.623121023,{'C': 10, 'gamma': 0.01, 'kernel': 'sigmoid'}
30,4,0,68,0.432287216,{'C': 0.1, 'gamma': 0.01, 'kernel': 'rbf'}
60,0,0,67,0.535848379,{'C': 0.1, 'gamma': 0.001, 'kernel': 'rbf'}
60,1,0,72,0.551376104,{'C': 1, 'gamma': 0.01, 'kernel': 'sigmoid'}
60,2,0,72,1.078644037,{'C': 1, 'gamma': 0.01, 'kernel': 'poly'}
60,3,0,74,1.096639633,{'C': 1, 'gamma': 0.01, 'kernel': 'poly'}
60,4,0,72,1.087960243,{'C': 1, 'gamma': 0.01, 'kernel': 'poly'}
100,0,0,68,1.179020882,{'C': 0.1, 'gamma': 0.01, 'kernel': 'rbf'}
100,1,0,74,1.964618683,{'C': 1, 'gamma': 0.01, 'kernel': 'poly'}
100,2,0,69,0.915120125,{'C': 1, 'gamma': 0.001, 'kernel': 'rbf'}
100,3,0,74,1.474093437,{'C': 1, 'gamma': 0.01, 'kernel': 'poly'}
100,4,0,74,1.505691767,{'C': 1, 'gamma': 0.01, 'kernel': 'rbf'}
5,0,0,66,0.771295309,{'C': 0.1, 'gamma': 0.01, 'kernel': 'rbf'}
5,1,0,57,0.694861412,{'C': 10, 'gamma': 0.1, 'kernel': 'sigmoid'}
5,2,0,52,0.736941099,{'C': 0.1, 'gamma': 1, 'kernel': 'sigmoid'}
5,3,0,57,0.71489501,{'C': 0.1, 'gamma': 0.1, 'kernel': 'rbf'}
5,4,0,53,0.478302002,{'C': 0.1, 'gamma': 1, 'kernel': 'rbf'}
10,0,0,64,0.345082521,{'C': 0.1, 'gamma': 0.01, 'kernel': 'sigmoid'}
10,1,0,66,0.280402184,{'C': 100, 'gamma': 0.01, 'kernel': 'sigmoid'}
10,2,0,64,0.528925896,{'C': 0.1, 'gamma': 0.01, 'kernel': 'poly'}
10,3,0,67,0.659819365,{'C': 100, 'gamma': 0.001, 'kernel': 'rbf'}
10,4,0,57,0.717405558,{'C': 0.1, 'gamma': 0.1, 'kernel': 'sigmoid'}
15,0,0,67,0.837019682,{'C': 10, 'gamma': 0.001, 'kernel': 'sigmoid'}
15,1,0,56,0.787388325,{'C': 0.1, 'gamma': 0.1, 'kernel': 'sigmoid'}
15,2,0,63,0.764687777,{'C': 0.1, 'gamma': 0.01, 'kernel': 'poly'}
15,3,0,56,0.800621986,{'C': 10, 'gamma': 0.1, 'kernel': 'sigmoid'}
15,4,0,70,0.943531036,{'C': 10, 'gamma': 0.01, 'kernel': 'sigmoid'}
20,0,0,65,0.901267529,{'C': 0.1, 'gamma': 0.01, 'kernel': 'sigmoid'}
20,1,0,65,0.879487991,{'C': 10, 'gamma': 0.01, 'kernel': 'sigmoid'}
20,2,0,65,0.943002939,{'C': 0.1, 'gamma': 0.01, 'kernel': 'poly'}
20,3,0,53,0.903005838,{'C': 1, 'gamma': 1, 'kernel': 'sigmoid'}
20,4,0,64,0.868384123,{'C': 100, 'gamma': 0.001, 'kernel': 'rbf'}
30,0,0,70,0.932032347,{'C': 1, 'gamma': 0.01, 'kernel': 'sigmoid'}
30,1,0,52,0.967087746,{'C': 10, 'gamma': 0.1, 'kernel': 'sigmoid'}
30,2,0,58,0.881531,{'C': 10, 'gamma': 0.1, 'kernel': 'sigmoid'}
30,3,0,64,1.315818787,{'C': 100, 'gamma': 0.01, 'kernel': 'sigmoid'}
30,4,0,68,1.04343605,{'C': 1, 'gamma': 0.01, 'kernel': 'poly'}
60,0,0,67,1.465595961,{'C': 0.1, 'gamma': 0.001, 'kernel': 'rbf'}
60,1,0,72,1.427359343,{'C': 10, 'gamma': 0.001, 'kernel': 'rbf'}
60,2,0,70,1.510982037,{'C': 1, 'gamma': 0.01, 'kernel': 'rbf'}
60,3,0,72,1.362419128,{'C': 1, 'gamma': 0.01, 'kernel': 'rbf'}
60,4,0,66,1.452975512,{'C': 0.1, 'gamma': 0.001, 'kernel': 'rbf'}
100,0,0,68,2.314409256,{'C': 0.1, 'gamma': 0.01, 'kernel': 'rbf'}
100,1,0,74,2.191242695,{'C': 1, 'gamma': 0.01, 'kernel': 'rbf'}
100,2,0,73,2.439009428,{'C': 10, 'gamma': 0.001, 'kernel': 'sigmoid'}
100,3,0,74,2.387348652,{'C': 1, 'gamma': 0.01, 'kernel': 'poly'}
100,4,0,74,1.379053831,{'C': 1, 'gamma': 0.01, 'kernel': 'poly'}
5,0,0,52,0.804985762,{'C': 0.1, 'gamma': 1, 'kernel': 'sigmoid'}
5,1,0,57,0.729870796,{'C': 10, 'gamma': 0.1, 'kernel': 'sigmoid'}
5,2,0,52,0.696575165,{'C': 0.1, 'gamma': 1, 'kernel': 'sigmoid'}
5,3,0,57,0.686130762,{'C': 0.1, 'gamma': 1, 'kernel': 'sigmoid'}
5,4,0,61,0.729603052,{'C': 0.1, 'gamma': 0.1, 'kernel': 'sigmoid'}
10,0,0,49,0.771099329,{'C': 10, 'gamma': 1, 'kernel': 'sigmoid'}
10,1,0,51,0.69436264,{'C': 0.1, 'gamma': 1, 'kernel': 'sigmoid'}
10,2,0,64,0.626038313,{'C': 1, 'gamma': 0.01, 'kernel': 'rbf'}
10,3,0,69,0.443952084,{'C': 100, 'gamma': 0.001, 'kernel': 'sigmoid'}
10,4,0,52,0.794705629,{'C': 10, 'gamma': 1, 'kernel': 'sigmoid'}
15,0,0,66,0.748383999,{'C': 100, 'gamma': 0.01, 'kernel': 'sigmoid'}
15,1,0,64,0.824240208,{'C': 10, 'gamma': 0.01, 'kernel': 'sigmoid'}
15,2,0,65,0.76132369,{'C': 0.1, 'gamma': 0.01, 'kernel': 'rbf'}
15,3,0,56,0.809384584,{'C': 10, 'gamma': 0.1, 'kernel': 'sigmoid'}
15,4,0,68,0.714217424,{'C': 0.1, 'gamma': 0.01, 'kernel': 'rbf'}
20,0,0,66,0.996007919,{'C': 1, 'gamma': 0.01, 'kernel': 'poly'}
20,1,0,64,0.773624182,{'C': 0.1, 'gamma': 0.01, 'kernel': 'sigmoid'}
20,2,0,46,0.930280209,{'C': 100, 'gamma': 1, 'kernel': 'sigmoid'}
20,3,0,57,0.842034578,{'C': 0.1, 'gamma': 1, 'kernel': 'sigmoid'}
20,4,0,50,0.879535675,{'C': 100, 'gamma': 0.1, 'kernel': 'sigmoid'}
30,0,0,66,0.981960773,{'C': 100, 'gamma': 0.001, 'kernel': 'sigmoid'}
30,1,0,66,1.044865608,{'C': 0.1, 'gamma': 0.001, 'kernel': 'rbf'}
30,2,0,73,0.983362675,{'C': 10, 'gamma': 0.001, 'kernel': 'rbf'}
30,3,0,66,0.45279789,{'C': 100, 'gamma': 0.01, 'kernel': 'sigmoid'}
30,4,0,65,0.417760611,{'C': 0.1, 'gamma': 0.01, 'kernel': 'sigmoid'}
60,0,0,66,0.548757315,{'C': 0.1, 'gamma': 0.01, 'kernel': 'rbf'}
60,1,0,68,0.537233114,{'C': 0.1, 'gamma': 0.01, 'kernel': 'poly'}
60,2,0,70,0.546732664,{'C': 1, 'gamma': 0.01, 'kernel': 'rbf'}
60,3,0,68,1.114018679,{'C': 0.1, 'gamma': 0.001, 'kernel': 'sigmoid'}
60,4,0,72,0.543607712,{'C': 1, 'gamma': 0.01, 'kernel': 'poly'}
100,0,0,74,1.923716307,{'C': 1, 'gamma': 0.01, 'kernel': 'rbf'}
100,1,0,74,1.904769897,{'C': 1, 'gamma': 0.01, 'kernel': 'poly'}
100,2,0,68,1.930166721,{'C': 0.1, 'gamma': 0.01, 'kernel': 'sigmoid'}
100,3,0,74,1.913137913,{'C': 1, 'gamma': 0.01, 'kernel': 'poly'}
100,4,0,74,1.91552496,{'C': 1, 'gamma': 0.01, 'kernel': 'poly'}
5,0,0,63,0.751081467,{'C': 100, 'gamma': 0.01, 'kernel': 'sigmoid'}
5,1,0,57,0.744415522,{'C': 10, 'gamma': 0.1, 'kernel': 'sigmoid'}
5,2,0,52,0.808477163,{'C': 0.1, 'gamma': 1, 'kernel': 'sigmoid'}
5,3,0,62,0.823551655,{'C': 0.1, 'gamma': 1, 'kernel': 'poly'}
5,4,0,52,0.692756653,{'C': 10, 'gamma': 1, 'kernel': 'rbf'}
10,0,0,66,0.826027155,{'C': 0.1, 'gamma': 0.01, 'kernel': 'rbf'}
10,1,0,51,0.695020914,{'C': 0.1, 'gamma': 1, 'kernel': 'sigmoid'}
10,2,0,64,0.808929205,{'C': 0.1, 'gamma': 0.01, 'kernel': 'poly'}
10,3,0,50,0.802464008,{'C': 10, 'gamma': 1, 'kernel': 'rbf'}
10,4,0,63,0.833370686,{'C': 10, 'gamma': 0.01, 'kernel': 'sigmoid'}
15,0,0,58,0.747716427,{'C': 0.1, 'gamma': 1, 'kernel': 'sigmoid'}
15,1,0,57,0.844700098,{'C': 0.1, 'gamma': 1, 'kernel': 'sigmoid'}
15,2,0,64,0.849321604,{'C': 0.1, 'gamma': 0.01, 'kernel': 'sigmoid'}
15,3,0,62,0.776134491,{'C': 0.1, 'gamma': 0.001, 'kernel': 'sigmoid'}
15,4,0,66,0.733783245,{'C': 10, 'gamma': 0.01, 'kernel': 'rbf'}
20,0,0,65,0.79039669,{'C': 0.1, 'gamma': 0.01, 'kernel': 'sigmoid'}
20,1,0,56,0.878556013,{'C': 0.1, 'gamma': 0.1, 'kernel': 'sigmoid'}
20,2,0,64,0.735487461,{'C': 0.1, 'gamma': 0.001, 'kernel': 'rbf'}
20,3,0,70,0.916106224,{'C': 10, 'gamma': 0.001, 'kernel': 'rbf'}
20,4,0,59,0.949745893,{'C': 0.1, 'gamma': 0.1, 'kernel': 'rbf'}
30,0,0,70,0.909483433,{'C': 1, 'gamma': 0.01, 'kernel': 'sigmoid'}
30,1,0,65,0.838664055,{'C': 0.1, 'gamma': 0.01, 'kernel': 'sigmoid'}
30,2,0,70,0.990262747,{'C': 0.1, 'gamma': 0.01, 'kernel': 'rbf'}
30,3,0,69,0.768068075,{'C': 100, 'gamma': 0.001, 'kernel': 'sigmoid'}
30,4,0,65,0.754840136,{'C': 0.1, 'gamma': 0.01, 'kernel': 'sigmoid'}
60,0,0,71,1.094961882,{'C': 1, 'gamma': 0.01, 'kernel': 'sigmoid'}
60,1,0,72,1.100621462,{'C': 10, 'gamma': 0.001, 'kernel': 'rbf'}
60,2,0,72,1.103888273,{'C': 1, 'gamma': 0.01, 'kernel': 'poly'}
60,3,0,74,1.117344618,{'C': 1, 'gamma': 0.01, 'kernel': 'poly'}
60,4,0,72,1.104583025,{'C': 1, 'gamma': 0.01, 'kernel': 'poly'}
100,0,0,74,1.875114202,{'C': 1, 'gamma': 0.01, 'kernel': 'poly'}
100,1,0,74,1.908699989,{'C': 1, 'gamma': 0.01, 'kernel': 'rbf'}
100,2,0,68,1.939115763,{'C': 0.1, 'gamma': 0.01, 'kernel': 'rbf'}
100,3,0,74,1.899404764,{'C': 1, 'gamma': 0.01, 'kernel': 'poly'}
100,4,0,74,1.587633133,{'C': 1, 'gamma': 0.01, 'kernel': 'poly'}
5,0,0,65,0.960369825,{'C': 10, 'gamma': 0.01, 'kernel': 'rbf'}
5,1,0,57,0.71663332,{'C': 10, 'gamma': 0.1, 'kernel': 'sigmoid'}
5,2,0,52,0.827650785,{'C': 0.1, 'gamma': 1, 'kernel': 'sigmoid'}
5,3,0,64,0.735122204,{'C': 10, 'gamma': 0.01, 'kernel': 'sigmoid'}
5,4,0,65,0.70599246,{'C': 0.1, 'gamma': 0.01, 'kernel': 'sigmoid'}
10,0,0,67,0.808062077,{'C': 1, 'gamma': 0.01, 'kernel': 'poly'}
10,1,0,56,0.858787298,{'C': 0.1, 'gamma': 0.1, 'kernel': 'sigmoid'}
10,2,0,64,0.740315676,{'C': 0.1, 'gamma': 0.01, 'kernel': 'sigmoid'}
10,3,0,67,0.840630531,{'C': 100, 'gamma': 0.001, 'kernel': 'rbf'}
10,4,0,64,0.779019594,{'C': 1, 'gamma': 0.01, 'kernel': 'sigmoid'}
15,0,0,46,0.913700581,{'C': 10, 'gamma': 0.1, 'kernel': 'sigmoid'}
15,1,0,59,0.929606438,{'C': 100, 'gamma': 0.01, 'kernel': 'sigmoid'}
15,2,0,60,0.879502058,{'C': 100, 'gamma': 0.1, 'kernel': 'sigmoid'}
15,3,0,56,0.834180832,{'C': 10, 'gamma': 0.1, 'kernel': 'sigmoid'}
15,4,0,69,0.890171766,{'C': 10, 'gamma': 0.001, 'kernel': 'rbf'}
20,0,0,67,0.900203705,{'C': 1, 'gamma': 0.01, 'kernel': 'sigmoid'}
20,1,0,58,0.907145739,{'C': 100, 'gamma': 0.01, 'kernel': 'sigmoid'}
20,2,0,64,0.644582987,{'C': 0.1, 'gamma': 0.01, 'kernel': 'sigmoid'}
20,3,0,72,0.827757835,{'C': 100, 'gamma': 0.001, 'kernel': 'rbf'}
20,4,0,65,0.922332048,{'C': 100, 'gamma': 0.001, 'kernel': 'sigmoid'}
30,0,0,70,0.544147968,{'C': 1, 'gamma': 0.01, 'kernel': 'sigmoid'}
30,1,0,66,0.363430262,{'C': 0.1, 'gamma': 0.01, 'kernel': 'rbf'}
30,2,0,50,0.528760433,{'C': 100, 'gamma': 1, 'kernel': 'sigmoid'}
30,3,0,69,0.362333536,{'C': 10, 'gamma': 0.01, 'kernel': 'sigmoid'}
30,4,0,65,0.629308701,{'C': 0.1, 'gamma': 0.01, 'kernel': 'sigmoid'}
60,0,0,66,1.094423771,{'C': 0.1, 'gamma': 0.01, 'kernel': 'rbf'}
60,1,0,72,1.102017879,{'C': 1, 'gamma': 0.01, 'kernel': 'sigmoid'}
60,2,0,70,0.693645954,{'C': 1, 'gamma': 0.01, 'kernel': 'rbf'}
60,3,0,71,0.54159379,{'C': 10, 'gamma': 0.001, 'kernel': 'rbf'}
60,4,0,67,0.70168376,{'C': 0.1, 'gamma': 0.01, 'kernel': 'poly'}
100,0,0,74,1.871119499,{'C': 1, 'gamma': 0.01, 'kernel': 'poly'}
100,1,0,74,1.876258135,{'C': 1, 'gamma': 0.01, 'kernel': 'poly'}
100,2,0,74,1.917046785,{'C': 1, 'gamma': 0.01, 'kernel': 'rbf'}
100,3,0,73,1.924194098,{'C': 1, 'gamma': 0.01, 'kernel': 'sigmoid'}
100,4,0,69,1.909023046,{'C': 1, 'gamma': 0.001, 'kernel': 'rbf'}
5,0,0,52,0.811251879,{'C': 0.1, 'gamma': 1, 'kernel': 'sigmoid'}
5,1,0,57,0.771657944,{'C': 10, 'gamma': 0.1, 'kernel': 'sigmoid'}
5,2,0,52,0.651465178,{'C': 0.1, 'gamma': 1, 'kernel': 'sigmoid'}
5,3,0,68,0.720370054,{'C': 0.1, 'gamma': 0.01, 'kernel': 'rbf'}
5,4,0,62,0.630053043,{'C': 100, 'gamma': 0.001, 'kernel': 'rbf'}
10,0,0,66,0.730466366,{'C': 0.1, 'gamma': 0.01, 'kernel': 'poly'}
10,1,0,66,0.734323263,{'C': 100, 'gamma': 0.01, 'kernel': 'sigmoid'}
10,2,0,65,0.806683064,{'C': 0.1, 'gamma': 0.01, 'kernel': 'rbf'}
10,3,0,50,0.940208912,{'C': 0.1, 'gamma': 1, 'kernel': 'rbf'}
10,4,0,64,0.621333122,{'C': 0.1, 'gamma': 0.01, 'kernel': 'sigmoid'}
15,0,0,52,0.637009144,{'C': 100, 'gamma': 0.1, 'kernel': 'sigmoid'}
15,1,0,60,0.82393074,{'C': 1, 'gamma': 1, 'kernel': 'sigmoid'}
15,2,0,64,0.920998812,{'C': 0.1, 'gamma': 0.01, 'kernel': 'sigmoid'}
15,3,0,56,0.748729229,{'C': 100, 'gamma': 0.1, 'kernel': 'sigmoid'}
15,4,0,70,0.837080956,{'C': 10, 'gamma': 0.01, 'kernel': 'sigmoid'}
20,0,0,64,0.789433002,{'C': 0.1, 'gamma': 0.001, 'kernel': 'rbf'}
20,1,0,70,0.870457172,{'C': 100, 'gamma': 0.001, 'kernel': 'sigmoid'}
20,2,0,64,0.837260962,{'C': 0.1, 'gamma': 0.001, 'kernel': 'rbf'}
20,3,0,53,0.691402674,{'C': 1, 'gamma': 1, 'kernel': 'sigmoid'}
20,4,0,68,0.840171576,{'C': 0.1, 'gamma': 0.01, 'kernel': 'rbf'}
30,0,0,58,0.928687811,{'C': 100, 'gamma': 0.1, 'kernel': 'sigmoid'}
30,1,0,66,0.961681604,{'C': 0.1, 'gamma': 0.001, 'kernel': 'sigmoid'}
30,2,0,70,0.939825535,{'C': 0.1, 'gamma': 0.01, 'kernel': 'rbf'}
30,3,0,74,0.992774248,{'C': 10, 'gamma': 0.001, 'kernel': 'rbf'}
30,4,0,65,0.874316692,{'C': 0.1, 'gamma': 0.01, 'kernel': 'sigmoid'}
60,0,0,73,1.258340597,{'C': 1, 'gamma': 0.01, 'kernel': 'poly'}
60,1,0,72,1.417769432,{'C': 1, 'gamma': 0.01, 'kernel': 'sigmoid'}
60,2,0,68,1.238554478,{'C': 100, 'gamma': 0.001, 'kernel': 'rbf'}
60,3,0,68,1.415931702,{'C': 0.1, 'gamma': 0.01, 'kernel': 'sigmoid'}
60,4,0,73,1.128336906,{'C': 1, 'gamma': 0.01, 'kernel': 'rbf'}
100,0,0,74,1.88764286,{'C': 1, 'gamma': 0.01, 'kernel': 'poly'}
100,1,0,74,1.948296309,{'C': 1, 'gamma': 0.01, 'kernel': 'rbf'}
100,2,0,74,1.931671143,{'C': 1, 'gamma': 0.01, 'kernel': 'poly'}
100,3,0,74,1.910235882,{'C': 1, 'gamma': 0.01, 'kernel': 'poly'}
100,4,0,74,0.920186996,{'C': 1, 'gamma': 0.01, 'kernel': 'rbf'}
5,0,0,66,0.583285093,{'C': 0.1, 'gamma': 1, 'kernel': 'rbf'}
5,1,0,66,0.686478853,{'C': 0.1, 'gamma': 1, 'kernel': 'poly'}
5,2,0,52,0.665465355,{'C': 0.1, 'gamma': 1, 'kernel': 'sigmoid'}
5,3,0,57,0.700628519,{'C': 0.1, 'gamma': 1, 'kernel': 'sigmoid'}
5,4,0,61,0.758272409,{'C': 0.1, 'gamma': 0.1, 'kernel': 'sigmoid'}
10,0,0,57,0.829979897,{'C': 100, 'gamma': 1, 'kernel': 'sigmoid'}
10,1,0,53,0.742432594,{'C': 1, 'gamma': 0.1, 'kernel': 'sigmoid'}
10,2,0,64,0.646086693,{'C': 1, 'gamma': 0.01, 'kernel': 'rbf'}
10,3,0,53,0.490027189,{'C': 1, 'gamma': 0.1, 'kernel': 'sigmoid'}
10,4,0,63,0.276208401,{'C': 100, 'gamma': 0.01, 'kernel': 'sigmoid'}
15,0,0,66,0.301651478,{'C': 100, 'gamma': 0.01, 'kernel': 'sigmoid'}
15,1,0,68,0.313320398,{'C': 0.1, 'gamma': 0.01, 'kernel': 'sigmoid'}
15,2,0,63,0.384531498,{'C': 10, 'gamma': 0.01, 'kernel': 'sigmoid'}
15,3,0,62,0.305078506,{'C': 1, 'gamma': 0.01, 'kernel': 'sigmoid'}
15,4,0,58,0.918179989,{'C': 100, 'gamma': 0.1, 'kernel': 'sigmoid'}
20,0,0,65,0.819792509,{'C': 0.1, 'gamma': 0.01, 'kernel': 'sigmoid'}
20,1,0,58,0.797747374,{'C': 100, 'gamma': 0.01, 'kernel': 'sigmoid'}
20,2,0,66,0.903323412,{'C': 0.1, 'gamma': 0.01, 'kernel': 'rbf'}
20,3,0,70,0.844664574,{'C': 10, 'gamma': 0.001, 'kernel': 'rbf'}
20,4,0,64,0.797422886,{'C': 100, 'gamma': 0.001, 'kernel': 'rbf'}
30,0,0,58,1.002314568,{'C': 100, 'gamma': 0.1, 'kernel': 'sigmoid'}
30,1,0,66,1.080239058,{'C': 0.1, 'gamma': 0.001, 'kernel': 'rbf'}
30,2,0,70,0.953984261,{'C': 0.1, 'gamma': 0.001, 'kernel': 'sigmoid'}
30,3,0,73,1.198901892,{'C': 1, 'gamma': 0.01, 'kernel': 'sigmoid'}
30,4,0,65,0.732373476,{'C': 0.1, 'gamma': 0.001, 'kernel': 'rbf'}
60,0,0,73,1.080872536,{'C': 10, 'gamma': 0.001, 'kernel': 'rbf'}
60,1,0,72,1.077011585,{'C': 1, 'gamma': 0.01, 'kernel': 'sigmoid'}
60,2,0,68,1.086255789,{'C': 100, 'gamma': 0.001, 'kernel': 'rbf'}
60,3,0,72,1.095701694,{'C': 1, 'gamma': 0.01, 'kernel': 'rbf'}
60,4,0,72,1.086128473,{'C': 1, 'gamma': 0.01, 'kernel': 'poly'}
100,0,0,69,1.861786842,{'C': 1, 'gamma': 0.001, 'kernel': 'rbf'}
100,1,0,72,1.831290007,{'C': 1, 'gamma': 0.01, 'kernel': 'sigmoid'}
100,2,0,74,1.840223312,{'C': 1, 'gamma': 0.01, 'kernel': 'rbf'}
100,3,0,69,1.874615669,{'C': 1, 'gamma': 0.001, 'kernel': 'rbf'}
100,4,0,69,1.894013405,{'C': 1, 'gamma': 0.001, 'kernel': 'rbf'}
5,0,0,52,0.77912879,{'C': 0.1, 'gamma': 1, 'kernel': 'sigmoid'}
5,1,0,57,0.772789478,{'C': 10, 'gamma': 0.1, 'kernel': 'sigmoid'}
5,2,0,52,0.697822571,{'C': 0.1, 'gamma': 1, 'kernel': 'sigmoid'}
5,3,0,68,0.682797909,{'C': 0.1, 'gamma': 0.01, 'kernel': 'rbf'}
5,4,0,53,0.695504904,{'C': 0.1, 'gamma': 1, 'kernel': 'rbf'}
10,0,0,66,0.687277555,{'C': 0.1, 'gamma': 1, 'kernel': 'poly'}
10,1,0,70,0.768582106,{'C': 10, 'gamma': 0.01, 'kernel': 'sigmoid'}
10,2,0,64,0.687433481,{'C': 0.1, 'gamma': 0.01, 'kernel': 'poly'}
10,3,0,67,0.487707615,{'C': 100, 'gamma': 0.001, 'kernel': 'rbf'}
10,4,0,63,0.280668736,{'C': 100, 'gamma': 0.01, 'kernel': 'sigmoid'}
15,0,0,66,0.787269354,{'C': 10, 'gamma': 0.01, 'kernel': 'sigmoid'}
15,1,0,60,1.02199173,{'C': 1, 'gamma': 1, 'kernel': 'sigmoid'}
15,2,0,64,0.725643158,{'C': 0.1, 'gamma': 0.01, 'kernel': 'sigmoid'}
15,3,0,62,0.724625587,{'C': 0.1, 'gamma': 0.01, 'kernel': 'sigmoid'}
15,4,0,69,0.684391737,{'C': 10, 'gamma': 0.001, 'kernel': 'rbf'}
20,0,0,65,0.517758369,{'C': 0.1, 'gamma': 0.01, 'kernel': 'rbf'}
20,1,0,64,0.817942142,{'C': 0.1, 'gamma': 0.01, 'kernel': 'sigmoid'}
20,2,0,64,0.883445501,{'C': 0.1, 'gamma': 0.001, 'kernel': 'rbf'}
20,3,0,68,0.952060461,{'C': 0.1, 'gamma': 0.001, 'kernel': 'rbf'}
20,4,0,64,0.823750734,{'C': 100, 'gamma': 0.001, 'kernel': 'rbf'}
30,0,0,67,0.980862141,{'C': 0.1, 'gamma': 0.01, 'kernel': 'sigmoid'}
30,1,0,66,0.984674215,{'C': 0.1, 'gamma': 0.001, 'kernel': 'rbf'}
30,2,0,58,0.875284195,{'C': 100, 'gamma': 0.1, 'kernel': 'sigmoid'}
30,3,0,68,0.95069313,{'C': 0.1, 'gamma': 0.01, 'kernel': 'sigmoid'}
30,4,0,65,0.897887945,{'C': 0.1, 'gamma': 0.01, 'kernel': 'sigmoid'}
60,0,0,67,1.432037115,{'C': 0.1, 'gamma': 0.01, 'kernel': 'poly'}
60,1,0,72,1.532752991,{'C': 10, 'gamma': 0.001, 'kernel': 'rbf'}
60,2,0,70,1.586894274,{'C': 1, 'gamma': 0.01, 'kernel': 'rbf'}
60,3,0,68,1.621099234,{'C': 0.1, 'gamma': 0.01, 'kernel': 'sigmoid'}
60,4,0,66,1.452786922,{'C': 0.1, 'gamma': 0.001, 'kernel': 'sigmoid'}
100,0,0,74,1.516537428,{'C': 1, 'gamma': 0.01, 'kernel': 'poly'}
100,1,0,68,0.942059517,{'C': 0.1, 'gamma': 0.01, 'kernel': 'sigmoid'}
100,2,0,68,0.919612885,{'C': 0.1, 'gamma': 0.01, 'kernel': 'rbf'}
100,3,0,74,0.913508892,{'C': 1, 'gamma': 0.01, 'kernel': 'rbf'}
100,4,0,68,1.023980379,{'C': 0.1, 'gamma': 0.001, 'kernel': 'rbf'}
