005,0,0,60,3.5528717041015625,{'C': 1.623776739188721, 'max_iter': 5000, 'penalty': 'l1', 'solver': 'liblinear'}
005,1,0,50,0.34616899490356445,{'C': 0.0001, 'max_iter': 5000, 'penalty': 'l1', 'solver': 'liblinear'}
005,2,0,50,0.3892374038696289,{'C': 0.0001, 'max_iter': 5000, 'penalty': 'l1', 'solver': 'liblinear'}
005,3,0,64,0.350053071975708,{'C': 0.615848211066026, 'max_iter': 5000, 'penalty': 'l1', 'solver': 'liblinear'}
005,4,0,50,0.4730551242828369,{'C': 0.0001, 'max_iter': 5000, 'penalty': 'l1', 'solver': 'liblinear'}
010,0,0,67,0.35275888442993164,{'C': 1.623776739188721, 'max_iter': 5000, 'penalty': 'l1', 'solver': 'liblinear'}
010,1,0,65,0.49369382858276367,{'C': 0.0001, 'max_iter': 5000, 'penalty': 'l2', 'solver': 'liblinear'}
010,2,0,66,0.36266112327575684,{'C': 0.03359818286283781, 'max_iter': 5000, 'penalty': 'l2', 'solver': 'liblinear'}
010,3,0,67,0.366741418838501,{'C': 0.0001, 'max_iter': 5000, 'penalty': 'l2', 'solver': 'liblinear'}
010,4,0,68,0.4556143283843994,{'C': 0.08858667904100823, 'max_iter': 5000, 'penalty': 'l2', 'solver': 'liblinear'}
015,0,0,68,0.5751781463623047,{'C': 0.615848211066026, 'max_iter': 5000, 'penalty': 'l1', 'solver': 'liblinear'}
015,1,0,68,0.8677868843078613,{'C': 0.615848211066026, 'max_iter': 5000, 'penalty': 'l2', 'solver': 'liblinear'}
015,2,0,64,0.5774171352386475,{'C': 0.615848211066026, 'max_iter': 5000, 'penalty': 'l1', 'solver': 'liblinear'}
015,3,0,64,0.6358358860015869,{'C': 4.281332398719396, 'max_iter': 5000, 'penalty': 'l1', 'solver': 'liblinear'}
015,4,0,64,0.4839057922363281,{'C': 1.623776739188721, 'max_iter': 5000, 'penalty': 'l1', 'solver': 'liblinear'}
020,0,0,61,0.46219778060913086,{'C': 1.623776739188721, 'max_iter': 5000, 'penalty': 'l1', 'solver': 'liblinear'}
020,1,0,66,0.4870169162750244,{'C': 0.03359818286283781, 'max_iter': 5000, 'penalty': 'l2', 'solver': 'liblinear'}
020,2,0,68,0.3608887195587158,{'C': 0.23357214690901212, 'max_iter': 5000, 'penalty': 'l2', 'solver': 'liblinear'}
020,3,0,68,0.4353921413421631,{'C': 0.23357214690901212, 'max_iter': 5000, 'penalty': 'l2', 'solver': 'liblinear'}
020,4,0,64,0.41730213165283203,{'C': 0.0001, 'max_iter': 5000, 'penalty': 'l2', 'solver': 'liblinear'}
030,0,0,68,0.5159060955047607,{'C': 1.623776739188721, 'max_iter': 5000, 'penalty': 'l1', 'solver': 'liblinear'}
030,1,0,68,0.609856367111206,{'C': 0.0001, 'max_iter': 5000, 'penalty': 'l2', 'solver': 'liblinear'}
030,2,0,66,0.5079073905944824,{'C': 0.615848211066026, 'max_iter': 5000, 'penalty': 'l1', 'solver': 'liblinear'}
030,3,0,67,0.6397693157196045,{'C': 4.281332398719396, 'max_iter': 5000, 'penalty': 'l2', 'solver': 'liblinear'}
030,4,0,68,0.5289275646209717,{'C': 0.615848211066026, 'max_iter': 5000, 'penalty': 'l1', 'solver': 'liblinear'}
060,0,0,67,0.6003148555755615,{'C': 0.0001, 'max_iter': 5000, 'penalty': 'l2', 'solver': 'liblinear'}
060,1,0,68,0.5086243152618408,{'C': 0.23357214690901212, 'max_iter': 5000, 'penalty': 'l1', 'solver': 'liblinear'}
060,2,0,67,0.6277666091918945,{'C': 1.623776739188721, 'max_iter': 5000, 'penalty': 'l1', 'solver': 'liblinear'}
060,3,0,67,0.5556788444519043,{'C': 0.08858667904100823, 'max_iter': 5000, 'penalty': 'l2', 'solver': 'liblinear'}
060,4,0,67,0.4846811294555664,{'C': 1.623776739188721, 'max_iter': 5000, 'penalty': 'l2', 'solver': 'liblinear'}
100,0,0,67,0.4965384006500244,{'C': 0.615848211066026, 'max_iter': 5000, 'penalty': 'l1', 'solver': 'liblinear'}
100,1,0,67,0.5094962120056152,{'C': 0.23357214690901212, 'max_iter': 5000, 'penalty': 'l2', 'solver': 'liblinear'}
100,2,0,67,0.640120267868042,{'C': 0.23357214690901212, 'max_iter': 5000, 'penalty': 'l2', 'solver': 'liblinear'}
100,3,0,68,0.4805333614349365,{'C': 0.08858667904100823, 'max_iter': 5000, 'penalty': 'l1', 'solver': 'liblinear'}
100,4,0,68,0.47584056854248047,{'C': 0.08858667904100823, 'max_iter': 5000, 'penalty': 'l2', 'solver': 'liblinear'}
005,0,0,60,2.9509544372558594,{'C': 1.623776739188721, 'max_iter': 5000, 'penalty': 'l1', 'solver': 'liblinear'}
005,1,0,67,0.31244587898254395,{'C': 0.615848211066026, 'max_iter': 5000, 'penalty': 'l2', 'solver': 'liblinear'}
005,2,0,55,0.41672563552856445,{'C': 4.281332398719396, 'max_iter': 5000, 'penalty': 'l2', 'solver': 'liblinear'}
005,3,0,50,0.4208505153656006,{'C': 0.0001, 'max_iter': 5000, 'penalty': 'l1', 'solver': 'liblinear'}
005,4,0,61,0.4592428207397461,{'C': 0.0001, 'max_iter': 5000, 'penalty': 'l2', 'solver': 'liblinear'}
010,0,0,64,0.43180274963378906,{'C': 0.615848211066026, 'max_iter': 5000, 'penalty': 'l1', 'solver': 'liblinear'}
010,1,0,65,0.4640841484069824,{'C': 4.281332398719396, 'max_iter': 5000, 'penalty': 'l2', 'solver': 'liblinear'}
010,2,0,66,0.7265896797180176,{'C': 0.0001, 'max_iter': 5000, 'penalty': 'l2', 'solver': 'liblinear'}
010,3,0,63,0.5078411102294922,{'C': 11.288378916846883, 'max_iter': 5000, 'penalty': 'l1', 'solver': 'liblinear'}
010,4,0,68,0.43249964714050293,{'C': 0.0001, 'max_iter': 5000, 'penalty': 'l2', 'solver': 'liblinear'}
015,0,0,67,0.487959623336792,{'C': 1.623776739188721, 'max_iter': 5000, 'penalty': 'l2', 'solver': 'liblinear'}
015,1,0,66,0.46669936180114746,{'C': 0.0001, 'max_iter': 5000, 'penalty': 'l2', 'solver': 'liblinear'}
015,2,0,68,0.3271050453186035,{'C': 0.23357214690901212, 'max_iter': 5000, 'penalty': 'l2', 'solver': 'liblinear'}
015,3,0,64,0.3903014659881592,{'C': 11.288378916846883, 'max_iter': 5000, 'penalty': 'l1', 'solver': 'liblinear'}
015,4,0,64,0.4492499828338623,{'C': 4.281332398719396, 'max_iter': 5000, 'penalty': 'l1', 'solver': 'liblinear'}
020,0,0,62,0.3659787178039551,{'C': 4.281332398719396, 'max_iter': 5000, 'penalty': 'l1', 'solver': 'liblinear'}
020,1,0,68,0.2583649158477783,{'C': 0.615848211066026, 'max_iter': 5000, 'penalty': 'l2', 'solver': 'liblinear'}
020,2,0,68,0.3446056842803955,{'C': 0.0001, 'max_iter': 5000, 'penalty': 'l2', 'solver': 'liblinear'}
020,3,0,68,0.29880309104919434,{'C': 0.615848211066026, 'max_iter': 5000, 'penalty': 'l2', 'solver': 'liblinear'}
020,4,0,66,0.3197193145751953,{'C': 1.623776739188721, 'max_iter': 5000, 'penalty': 'l2', 'solver': 'liblinear'}
030,0,0,68,0.30727601051330566,{'C': 1.623776739188721, 'max_iter': 5000, 'penalty': 'l2', 'solver': 'liblinear'}
030,1,0,68,0.2741971015930176,{'C': 0.0001, 'max_iter': 5000, 'penalty': 'l2', 'solver': 'liblinear'}
030,2,0,66,0.39527320861816406,{'C': 0.23357214690901212, 'max_iter': 5000, 'penalty': 'l2', 'solver': 'liblinear'}
030,3,0,68,0.41806983947753906,{'C': 0.012742749857031334, 'max_iter': 5000, 'penalty': 'l2', 'solver': 'liblinear'}
030,4,0,68,0.30518507957458496,{'C': 1.623776739188721, 'max_iter': 5000, 'penalty': 'l1', 'solver': 'liblinear'}
060,0,0,67,0.575054407119751,{'C': 0.03359818286283781, 'max_iter': 5000, 'penalty': 'l2', 'solver': 'liblinear'}
060,1,0,66,0.4400036334991455,{'C': 0.0001, 'max_iter': 5000, 'penalty': 'l2', 'solver': 'liblinear'}
060,2,0,68,0.5082097053527832,{'C': 0.23357214690901212, 'max_iter': 5000, 'penalty': 'l1', 'solver': 'liblinear'}
060,3,0,67,0.4646186828613281,{'C': 0.08858667904100823, 'max_iter': 5000, 'penalty': 'l2', 'solver': 'liblinear'}
060,4,0,66,0.3829977512359619,{'C': 0.0018329807108324356, 'max_iter': 5000, 'penalty': 'l2', 'solver': 'liblinear'}
100,0,0,67,0.5952367782592773,{'C': 0.23357214690901212, 'max_iter': 5000, 'penalty': 'l2', 'solver': 'liblinear'}
100,1,0,69,0.7805538177490234,{'C': 0.23357214690901212, 'max_iter': 5000, 'penalty': 'l1', 'solver': 'liblinear'}
100,2,0,69,0.7035536766052246,{'C': 0.23357214690901212, 'max_iter': 5000, 'penalty': 'l1', 'solver': 'liblinear'}
100,3,0,69,0.5200808048248291,{'C': 0.23357214690901212, 'max_iter': 5000, 'penalty': 'l1', 'solver': 'liblinear'}
100,4,0,67,0.6063306331634521,{'C': 0.23357214690901212, 'max_iter': 5000, 'penalty': 'l2', 'solver': 'liblinear'}
005,0,0,64,3.7196853160858154,{'C': 0.08858667904100823, 'max_iter': 5000, 'penalty': 'l2', 'solver': 'liblinear'}
005,1,0,66,0.4902355670928955,{'C': 0.08858667904100823, 'max_iter': 5000, 'penalty': 'l2', 'solver': 'liblinear'}
005,2,0,50,2.679285764694214,{'C': 0.0001, 'max_iter': 5000, 'penalty': 'l1', 'solver': 'liblinear'}
005,3,0,64,0.5461790561676025,{'C': 0.615848211066026, 'max_iter': 5000, 'penalty': 'l1', 'solver': 'liblinear'}
005,4,0,50,3.5365467071533203,{'C': 0.0001, 'max_iter': 5000, 'penalty': 'l1', 'solver': 'liblinear'}
010,0,0,67,0.4643995761871338,{'C': 0.08858667904100823, 'max_iter': 5000, 'penalty': 'l2', 'solver': 'liblinear'}
010,1,0,67,0.4362907409667969,{'C': 0.23357214690901212, 'max_iter': 5000, 'penalty': 'l2', 'solver': 'liblinear'}
010,2,0,66,0.6161630153656006,{'C': 0.0001, 'max_iter': 5000, 'penalty': 'l2', 'solver': 'liblinear'}
010,3,0,50,0.49606943130493164,{'C': 0.0001, 'max_iter': 5000, 'penalty': 'l1', 'solver': 'liblinear'}
010,4,0,64,0.6427364349365234,{'C': 0.615848211066026, 'max_iter': 5000, 'penalty': 'l1', 'solver': 'liblinear'}
015,0,0,66,0.536963939666748,{'C': 0.08858667904100823, 'max_iter': 5000, 'penalty': 'l2', 'solver': 'liblinear'}
015,1,0,66,0.37522149085998535,{'C': 0.0001, 'max_iter': 5000, 'penalty': 'l2', 'solver': 'liblinear'}
015,2,0,66,0.4605562686920166,{'C': 0.615848211066026, 'max_iter': 5000, 'penalty': 'l2', 'solver': 'liblinear'}
015,3,0,64,0.5311501026153564,{'C': 11.288378916846883, 'max_iter': 5000, 'penalty': 'l1', 'solver': 'liblinear'}
015,4,0,64,0.46948957443237305,{'C': 4.281332398719396, 'max_iter': 5000, 'penalty': 'l1', 'solver': 'liblinear'}
020,0,0,61,0.5081901550292969,{'C': 1.623776739188721, 'max_iter': 5000, 'penalty': 'l1', 'solver': 'liblinear'}
020,1,0,68,0.47783493995666504,{'C': 0.0001, 'max_iter': 5000, 'penalty': 'l2', 'solver': 'liblinear'}
020,2,0,68,0.45543813705444336,{'C': 0.615848211066026, 'max_iter': 5000, 'penalty': 'l1', 'solver': 'liblinear'}
020,3,0,68,0.49228692054748535,{'C': 0.0001, 'max_iter': 5000, 'penalty': 'l2', 'solver': 'liblinear'}
020,4,0,64,0.3909721374511719,{'C': 0.012742749857031334, 'max_iter': 5000, 'penalty': 'l2', 'solver': 'liblinear'}
030,0,0,68,0.5097565650939941,{'C': 1.623776739188721, 'max_iter': 5000, 'penalty': 'l1', 'solver': 'liblinear'}
030,1,0,68,0.4918406009674072,{'C': 0.0001, 'max_iter': 5000, 'penalty': 'l2', 'solver': 'liblinear'}
030,2,0,68,0.4981083869934082,{'C': 0.03359818286283781, 'max_iter': 5000, 'penalty': 'l2', 'solver': 'liblinear'}
030,3,0,68,0.40433454513549805,{'C': 0.08858667904100823, 'max_iter': 5000, 'penalty': 'l2', 'solver': 'liblinear'}
030,4,0,66,0.4036397933959961,{'C': 0.0001, 'max_iter': 5000, 'penalty': 'l2', 'solver': 'liblinear'}
060,0,0,66,0.46889781951904297,{'C': 0.004832930238571752, 'max_iter': 5000, 'penalty': 'l2', 'solver': 'liblinear'}
060,1,0,66,0.47446227073669434,{'C': 0.08858667904100823, 'max_iter': 5000, 'penalty': 'l1', 'solver': 'liblinear'}
060,2,0,68,0.5162529945373535,{'C': 0.23357214690901212, 'max_iter': 5000, 'penalty': 'l1', 'solver': 'liblinear'}
060,3,0,66,0.5910630226135254,{'C': 0.23357214690901212, 'max_iter': 5000, 'penalty': 'l2', 'solver': 'liblinear'}
060,4,0,68,0.5030479431152344,{'C': 0.23357214690901212, 'max_iter': 5000, 'penalty': 'l2', 'solver': 'liblinear'}
100,0,0,68,0.5225160121917725,{'C': 0.03359818286283781, 'max_iter': 5000, 'penalty': 'l2', 'solver': 'liblinear'}
100,1,0,68,0.582582950592041,{'C': 0.08858667904100823, 'max_iter': 5000, 'penalty': 'l2', 'solver': 'liblinear'}
100,2,0,68,0.5413799285888672,{'C': 0.615848211066026, 'max_iter': 5000, 'penalty': 'l2', 'solver': 'liblinear'}
100,3,0,67,0.5032405853271484,{'C': 0.004832930238571752, 'max_iter': 5000, 'penalty': 'l2', 'solver': 'liblinear'}
100,4,0,67,0.45772361755371094,{'C': 0.23357214690901212, 'max_iter': 5000, 'penalty': 'l2', 'solver': 'liblinear'}
005,0,0,64,3.4174439907073975,{'C': 0.08858667904100823, 'max_iter': 5000, 'penalty': 'l2', 'solver': 'liblinear'}
005,1,0,66,0.27126574516296387,{'C': 0.03359818286283781, 'max_iter': 5000, 'penalty': 'l2', 'solver': 'liblinear'}
005,2,0,50,0.317349910736084,{'C': 0.0001, 'max_iter': 5000, 'penalty': 'l1', 'solver': 'liblinear'}
005,3,0,50,0.30889344215393066,{'C': 0.0001, 'max_iter': 5000, 'penalty': 'l1', 'solver': 'liblinear'}
005,4,0,50,0.49550890922546387,{'C': 0.0001, 'max_iter': 5000, 'penalty': 'l1', 'solver': 'liblinear'}
010,0,0,64,0.39688825607299805,{'C': 0.0001, 'max_iter': 5000, 'penalty': 'l2', 'solver': 'liblinear'}
010,1,0,65,0.4831275939941406,{'C': 0.0001, 'max_iter': 5000, 'penalty': 'l2', 'solver': 'liblinear'}
010,2,0,68,0.3901090621948242,{'C': 11.288378916846883, 'max_iter': 5000, 'penalty': 'l2', 'solver': 'liblinear'}
010,3,0,64,0.3683950901031494,{'C': 4.281332398719396, 'max_iter': 5000, 'penalty': 'l2', 'solver': 'liblinear'}
010,4,0,68,0.448089599609375,{'C': 0.0001, 'max_iter': 5000, 'penalty': 'l2', 'solver': 'liblinear'}
015,0,0,67,0.44713878631591797,{'C': 11.288378916846883, 'max_iter': 5000, 'penalty': 'l1', 'solver': 'liblinear'}
015,1,0,68,0.5384995937347412,{'C': 0.615848211066026, 'max_iter': 5000, 'penalty': 'l1', 'solver': 'liblinear'}
015,2,0,64,0.5829765796661377,{'C': 1.623776739188721, 'max_iter': 5000, 'penalty': 'l2', 'solver': 'liblinear'}
015,3,0,50,0.4194326400756836,{'C': 0.0001, 'max_iter': 5000, 'penalty': 'l1', 'solver': 'liblinear'}
015,4,0,64,0.5889203548431396,{'C': 1.623776739188721, 'max_iter': 5000, 'penalty': 'l1', 'solver': 'liblinear'}
020,0,0,61,0.5020875930786133,{'C': 1.623776739188721, 'max_iter': 5000, 'penalty': 'l1', 'solver': 'liblinear'}
020,1,0,67,0.5998718738555908,{'C': 0.23357214690901212, 'max_iter': 5000, 'penalty': 'l2', 'solver': 'liblinear'}
020,2,0,67,0.5992636680603027,{'C': 11.288378916846883, 'max_iter': 5000, 'penalty': 'l1', 'solver': 'liblinear'}
020,3,0,68,0.41196298599243164,{'C': 0.0001, 'max_iter': 5000, 'penalty': 'l2', 'solver': 'liblinear'}
020,4,0,67,0.39584827423095703,{'C': 0.08858667904100823, 'max_iter': 5000, 'penalty': 'l2', 'solver': 'liblinear'}
030,0,0,68,0.30644893646240234,{'C': 1.623776739188721, 'max_iter': 5000, 'penalty': 'l1', 'solver': 'liblinear'}
030,1,0,68,0.2620251178741455,{'C': 0.0001, 'max_iter': 5000, 'penalty': 'l2', 'solver': 'liblinear'}
030,2,0,66,0.25792598724365234,{'C': 0.0001, 'max_iter': 5000, 'penalty': 'l2', 'solver': 'liblinear'}
030,3,0,67,0.24793434143066406,{'C': 0.0001, 'max_iter': 5000, 'penalty': 'l2', 'solver': 'liblinear'}
030,4,0,68,0.26746129989624023,{'C': 0.615848211066026, 'max_iter': 5000, 'penalty': 'l1', 'solver': 'liblinear'}
060,0,0,66,0.4784109592437744,{'C': 0.23357214690901212, 'max_iter': 5000, 'penalty': 'l1', 'solver': 'liblinear'}
060,1,0,67,0.5657014846801758,{'C': 0.23357214690901212, 'max_iter': 5000, 'penalty': 'l2', 'solver': 'liblinear'}
060,2,0,67,0.5029051303863525,{'C': 0.23357214690901212, 'max_iter': 5000, 'penalty': 'l2', 'solver': 'liblinear'}
060,3,0,66,0.49785280227661133,{'C': 0.23357214690901212, 'max_iter': 5000, 'penalty': 'l1', 'solver': 'liblinear'}
060,4,0,68,0.5260100364685059,{'C': 0.23357214690901212, 'max_iter': 5000, 'penalty': 'l2', 'solver': 'liblinear'}
100,0,0,68,0.5671441555023193,{'C': 0.615848211066026, 'max_iter': 5000, 'penalty': 'l2', 'solver': 'liblinear'}
100,1,0,68,0.6548900604248047,{'C': 0.03359818286283781, 'max_iter': 5000, 'penalty': 'l2', 'solver': 'liblinear'}
100,2,0,67,0.6617882251739502,{'C': 4.281332398719396, 'max_iter': 5000, 'penalty': 'l1', 'solver': 'liblinear'}
100,3,0,67,0.57755446434021,{'C': 0.012742749857031334, 'max_iter': 5000, 'penalty': 'l2', 'solver': 'liblinear'}
100,4,0,67,0.5559291839599609,{'C': 0.23357214690901212, 'max_iter': 5000, 'penalty': 'l2', 'solver': 'liblinear'}
005,0,0,60,3.359105348587036,{'C': 1.623776739188721, 'max_iter': 5000, 'penalty': 'l1', 'solver': 'liblinear'}
005,1,0,67,0.343900203704834,{'C': 29.763514416313132, 'max_iter': 5000, 'penalty': 'l1', 'solver': 'liblinear'}
005,2,0,50,2.0240182876586914,{'C': 0.0001, 'max_iter': 5000, 'penalty': 'l1', 'solver': 'liblinear'}
005,3,0,66,0.440629243850708,{'C': 0.0001, 'max_iter': 5000, 'penalty': 'l2', 'solver': 'liblinear'}
005,4,0,61,0.5670804977416992,{'C': 0.0001, 'max_iter': 5000, 'penalty': 'l2', 'solver': 'liblinear'}
010,0,0,64,0.49074697494506836,{'C': 0.615848211066026, 'max_iter': 5000, 'penalty': 'l1', 'solver': 'liblinear'}
010,1,0,67,0.3417842388153076,{'C': 0.08858667904100823, 'max_iter': 5000, 'penalty': 'l2', 'solver': 'liblinear'}
010,2,0,66,0.584496259689331,{'C': 0.0001, 'max_iter': 5000, 'penalty': 'l2', 'solver': 'liblinear'}
010,3,0,69,0.3739359378814697,{'C': 0.03359818286283781, 'max_iter': 5000, 'penalty': 'l2', 'solver': 'liblinear'}
010,4,0,64,0.5143258571624756,{'C': 11.288378916846883, 'max_iter': 5000, 'penalty': 'l2', 'solver': 'liblinear'}
015,0,0,66,0.3986201286315918,{'C': 0.03359818286283781, 'max_iter': 5000, 'penalty': 'l2', 'solver': 'liblinear'}
015,1,0,66,0.580904483795166,{'C': 0.012742749857031334, 'max_iter': 5000, 'penalty': 'l2', 'solver': 'liblinear'}
015,2,0,64,0.40926027297973633,{'C': 1.623776739188721, 'max_iter': 5000, 'penalty': 'l2', 'solver': 'liblinear'}
015,3,0,65,0.7513399124145508,{'C': 1.623776739188721, 'max_iter': 5000, 'penalty': 'l2', 'solver': 'liblinear'}
015,4,0,64,0.7184140682220459,{'C': 4.281332398719396, 'max_iter': 5000, 'penalty': 'l1', 'solver': 'liblinear'}
020,0,0,61,0.5182201862335205,{'C': 1.623776739188721, 'max_iter': 5000, 'penalty': 'l2', 'solver': 'liblinear'}
020,1,0,68,0.555487871170044,{'C': 0.0001, 'max_iter': 5000, 'penalty': 'l2', 'solver': 'liblinear'}
020,2,0,66,0.5288646221160889,{'C': 0.08858667904100823, 'max_iter': 5000, 'penalty': 'l2', 'solver': 'liblinear'}
020,3,0,66,0.5302464962005615,{'C': 11.288378916846883, 'max_iter': 5000, 'penalty': 'l2', 'solver': 'liblinear'}
020,4,0,64,0.5746569633483887,{'C': 0.0001, 'max_iter': 5000, 'penalty': 'l2', 'solver': 'liblinear'}
030,0,0,68,0.4424417018890381,{'C': 0.615848211066026, 'max_iter': 5000, 'penalty': 'l2', 'solver': 'liblinear'}
030,1,0,68,0.45927953720092773,{'C': 0.0001, 'max_iter': 5000, 'penalty': 'l2', 'solver': 'liblinear'}
030,2,0,66,0.5999608039855957,{'C': 11.288378916846883, 'max_iter': 5000, 'penalty': 'l1', 'solver': 'liblinear'}
030,3,0,68,0.5296909809112549,{'C': 0.23357214690901212, 'max_iter': 5000, 'penalty': 'l1', 'solver': 'liblinear'}
030,4,0,68,0.6210067272186279,{'C': 0.08858667904100823, 'max_iter': 5000, 'penalty': 'l2', 'solver': 'liblinear'}
060,0,0,67,0.7188582420349121,{'C': 0.0001, 'max_iter': 5000, 'penalty': 'l2', 'solver': 'liblinear'}
060,1,0,67,0.5545361042022705,{'C': 0.03359818286283781, 'max_iter': 5000, 'penalty': 'l2', 'solver': 'liblinear'}
060,2,0,68,0.6904134750366211,{'C': 0.615848211066026, 'max_iter': 5000, 'penalty': 'l2', 'solver': 'liblinear'}
060,3,0,66,0.8937251567840576,{'C': 0.23357214690901212, 'max_iter': 5000, 'penalty': 'l1', 'solver': 'liblinear'}
060,4,0,68,0.7387092113494873,{'C': 0.012742749857031334, 'max_iter': 5000, 'penalty': 'l2', 'solver': 'liblinear'}
100,0,0,67,0.8168256282806396,{'C': 0.012742749857031334, 'max_iter': 5000, 'penalty': 'l2', 'solver': 'liblinear'}
100,1,0,67,0.7187292575836182,{'C': 0.004832930238571752, 'max_iter': 5000, 'penalty': 'l2', 'solver': 'liblinear'}
100,2,0,68,0.6215074062347412,{'C': 0.08858667904100823, 'max_iter': 5000, 'penalty': 'l2', 'solver': 'liblinear'}
100,3,0,68,0.6135761737823486,{'C': 0.08858667904100823, 'max_iter': 5000, 'penalty': 'l2', 'solver': 'liblinear'}
100,4,0,67,0.6246285438537598,{'C': 0.23357214690901212, 'max_iter': 5000, 'penalty': 'l2', 'solver': 'liblinear'}
005,0,0,60,3.4015471935272217,{'C': 1.623776739188721, 'max_iter': 5000, 'penalty': 'l1', 'solver': 'liblinear'}
005,1,0,67,0.30631589889526367,{'C': 0.615848211066026, 'max_iter': 5000, 'penalty': 'l2', 'solver': 'liblinear'}
005,2,0,50,0.413372278213501,{'C': 0.0001, 'max_iter': 5000, 'penalty': 'l1', 'solver': 'liblinear'}
005,3,0,64,0.36968398094177246,{'C': 0.615848211066026, 'max_iter': 5000, 'penalty': 'l1', 'solver': 'liblinear'}
005,4,0,61,0.4143495559692383,{'C': 0.0001, 'max_iter': 5000, 'penalty': 'l2', 'solver': 'liblinear'}
010,0,0,64,0.4219958782196045,{'C': 0.615848211066026, 'max_iter': 5000, 'penalty': 'l1', 'solver': 'liblinear'}
010,1,0,65,0.4230034351348877,{'C': 0.0001, 'max_iter': 5000, 'penalty': 'l2', 'solver': 'liblinear'}
010,2,0,66,0.4110867977142334,{'C': 0.615848211066026, 'max_iter': 5000, 'penalty': 'l1', 'solver': 'liblinear'}
010,3,0,68,0.3679537773132324,{'C': 0.615848211066026, 'max_iter': 5000, 'penalty': 'l2', 'solver': 'liblinear'}
010,4,0,50,0.3133504390716553,{'C': 0.0001, 'max_iter': 5000, 'penalty': 'l1', 'solver': 'liblinear'}
015,0,0,68,0.4395904541015625,{'C': 0.615848211066026, 'max_iter': 5000, 'penalty': 'l1', 'solver': 'liblinear'}
015,1,0,66,0.35149383544921875,{'C': 0.08858667904100823, 'max_iter': 5000, 'penalty': 'l2', 'solver': 'liblinear'}
015,2,0,68,0.43033909797668457,{'C': 0.0001, 'max_iter': 5000, 'penalty': 'l2', 'solver': 'liblinear'}
015,3,0,66,0.3801565170288086,{'C': 0.615848211066026, 'max_iter': 5000, 'penalty': 'l2', 'solver': 'liblinear'}
015,4,0,64,0.39266371726989746,{'C': 4.281332398719396, 'max_iter': 5000, 'penalty': 'l1', 'solver': 'liblinear'}
020,0,0,63,0.41188597679138184,{'C': 4.281332398719396, 'max_iter': 5000, 'penalty': 'l2', 'solver': 'liblinear'}
020,1,0,68,0.4533371925354004,{'C': 0.0001, 'max_iter': 5000, 'penalty': 'l2', 'solver': 'liblinear'}
020,2,0,67,0.37644243240356445,{'C': 1.623776739188721, 'max_iter': 5000, 'penalty': 'l2', 'solver': 'liblinear'}
020,3,0,66,0.4674656391143799,{'C': 11.288378916846883, 'max_iter': 5000, 'penalty': 'l2', 'solver': 'liblinear'}
020,4,0,66,0.4104487895965576,{'C': 0.23357214690901212, 'max_iter': 5000, 'penalty': 'l2', 'solver': 'liblinear'}
030,0,0,68,0.48445677757263184,{'C': 0.615848211066026, 'max_iter': 5000, 'penalty': 'l2', 'solver': 'liblinear'}
030,1,0,68,0.49182939529418945,{'C': 0.23357214690901212, 'max_iter': 5000, 'penalty': 'l2', 'solver': 'liblinear'}
030,2,0,68,0.5176408290863037,{'C': 0.03359818286283781, 'max_iter': 5000, 'penalty': 'l2', 'solver': 'liblinear'}
030,3,0,67,0.670386791229248,{'C': 0.0001, 'max_iter': 5000, 'penalty': 'l2', 'solver': 'liblinear'}
030,4,0,67,0.6038558483123779,{'C': 78.47599703514607, 'max_iter': 5000, 'penalty': 'l2', 'solver': 'liblinear'}
060,0,0,66,0.4793555736541748,{'C': 0.23357214690901212, 'max_iter': 5000, 'penalty': 'l1', 'solver': 'liblinear'}
060,1,0,66,0.5372052192687988,{'C': 0.08858667904100823, 'max_iter': 5000, 'penalty': 'l1', 'solver': 'liblinear'}
060,2,0,68,0.5275778770446777,{'C': 0.08858667904100823, 'max_iter': 5000, 'penalty': 'l2', 'solver': 'liblinear'}
060,3,0,66,0.49660539627075195,{'C': 0.03359818286283781, 'max_iter': 5000, 'penalty': 'l2', 'solver': 'liblinear'}
060,4,0,68,0.5549538135528564,{'C': 0.08858667904100823, 'max_iter': 5000, 'penalty': 'l2', 'solver': 'liblinear'}
100,0,0,67,0.5363907814025879,{'C': 0.23357214690901212, 'max_iter': 5000, 'penalty': 'l2', 'solver': 'liblinear'}
100,1,0,67,0.6070778369903564,{'C': 0.615848211066026, 'max_iter': 5000, 'penalty': 'l1', 'solver': 'liblinear'}
100,2,0,68,0.46885132789611816,{'C': 0.08858667904100823, 'max_iter': 5000, 'penalty': 'l2', 'solver': 'liblinear'}
100,3,0,68,0.6067240238189697,{'C': 0.03359818286283781, 'max_iter': 5000, 'penalty': 'l2', 'solver': 'liblinear'}
100,4,0,67,0.5797579288482666,{'C': 0.23357214690901212, 'max_iter': 5000, 'penalty': 'l2', 'solver': 'liblinear'}
005,0,0,60,3.9125823974609375,{'C': 0.615848211066026, 'max_iter': 5000, 'penalty': 'l1', 'solver': 'liblinear'}
005,1,0,67,0.3267064094543457,{'C': 0.615848211066026, 'max_iter': 5000, 'penalty': 'l2', 'solver': 'liblinear'}
005,2,0,46,0.4300973415374756,{'C': 1.623776739188721, 'max_iter': 5000, 'penalty': 'l1', 'solver': 'liblinear'}
005,3,0,66,0.39389991760253906,{'C': 0.0001, 'max_iter': 5000, 'penalty': 'l2', 'solver': 'liblinear'}
005,4,0,50,4.256895542144775,{'C': 0.0001, 'max_iter': 5000, 'penalty': 'l1', 'solver': 'liblinear'}
010,0,0,64,0.36388349533081055,{'C': 0.615848211066026, 'max_iter': 5000, 'penalty': 'l1', 'solver': 'liblinear'}
010,1,0,65,0.31227731704711914,{'C': 4.281332398719396, 'max_iter': 5000, 'penalty': 'l2', 'solver': 'liblinear'}
010,2,0,68,0.4589078426361084,{'C': 11.288378916846883, 'max_iter': 5000, 'penalty': 'l1', 'solver': 'liblinear'}
010,3,0,68,0.36931443214416504,{'C': 0.23357214690901212, 'max_iter': 5000, 'penalty': 'l2', 'solver': 'liblinear'}
010,4,0,68,0.40547990798950195,{'C': 0.0018329807108324356, 'max_iter': 5000, 'penalty': 'l2', 'solver': 'liblinear'}
015,0,0,67,0.42667078971862793,{'C': 0.0018329807108324356, 'max_iter': 5000, 'penalty': 'l2', 'solver': 'liblinear'}
015,1,0,68,0.3240358829498291,{'C': 1.623776739188721, 'max_iter': 5000, 'penalty': 'l1', 'solver': 'liblinear'}
015,2,0,64,0.2439429759979248,{'C': 4.281332398719396, 'max_iter': 5000, 'penalty': 'l2', 'solver': 'liblinear'}
015,3,0,64,0.21820998191833496,{'C': 11.288378916846883, 'max_iter': 5000, 'penalty': 'l1', 'solver': 'liblinear'}
015,4,0,64,0.19957304000854492,{'C': 4.281332398719396, 'max_iter': 5000, 'penalty': 'l1', 'solver': 'liblinear'}
020,0,0,63,0.2539551258087158,{'C': 4.281332398719396, 'max_iter': 5000, 'penalty': 'l2', 'solver': 'liblinear'}
020,1,0,68,0.2831885814666748,{'C': 0.0001, 'max_iter': 5000, 'penalty': 'l2', 'solver': 'liblinear'}
020,2,0,68,0.25997352600097656,{'C': 0.0001, 'max_iter': 5000, 'penalty': 'l2', 'solver': 'liblinear'}
020,3,0,67,0.19523119926452637,{'C': 1.623776739188721, 'max_iter': 5000, 'penalty': 'l2', 'solver': 'liblinear'}
020,4,0,64,0.25545668601989746,{'C': 0.0001, 'max_iter': 5000, 'penalty': 'l2', 'solver': 'liblinear'}
030,0,0,66,0.3513777256011963,{'C': 0.23357214690901212, 'max_iter': 5000, 'penalty': 'l2', 'solver': 'liblinear'}
030,1,0,68,0.3161139488220215,{'C': 0.23357214690901212, 'max_iter': 5000, 'penalty': 'l2', 'solver': 'liblinear'}
030,2,0,67,0.3498680591583252,{'C': 0.08858667904100823, 'max_iter': 5000, 'penalty': 'l2', 'solver': 'liblinear'}
030,3,0,67,0.509596586227417,{'C': 0.004832930238571752, 'max_iter': 5000, 'penalty': 'l2', 'solver': 'liblinear'}
030,4,0,66,0.6252388954162598,{'C': 0.004832930238571752, 'max_iter': 5000, 'penalty': 'l2', 'solver': 'liblinear'}
060,0,0,66,0.5603399276733398,{'C': 0.23357214690901212, 'max_iter': 5000, 'penalty': 'l1', 'solver': 'liblinear'}
060,1,0,66,0.4930613040924072,{'C': 0.0018329807108324356, 'max_iter': 5000, 'penalty': 'l2', 'solver': 'liblinear'}
060,2,0,68,0.4703049659729004,{'C': 0.08858667904100823, 'max_iter': 5000, 'penalty': 'l2', 'solver': 'liblinear'}
060,3,0,66,0.4398193359375,{'C': 0.03359818286283781, 'max_iter': 5000, 'penalty': 'l2', 'solver': 'liblinear'}
060,4,0,68,0.4669005870819092,{'C': 0.23357214690901212, 'max_iter': 5000, 'penalty': 'l2', 'solver': 'liblinear'}
100,0,0,67,0.536733865737915,{'C': 0.012742749857031334, 'max_iter': 5000, 'penalty': 'l2', 'solver': 'liblinear'}
100,1,0,67,0.6500146389007568,{'C': 0.615848211066026, 'max_iter': 5000, 'penalty': 'l1', 'solver': 'liblinear'}
100,2,0,69,0.7179996967315674,{'C': 0.23357214690901212, 'max_iter': 5000, 'penalty': 'l1', 'solver': 'liblinear'}
100,3,0,67,0.7056541442871094,{'C': 0.004832930238571752, 'max_iter': 5000, 'penalty': 'l2', 'solver': 'liblinear'}
100,4,0,66,0.5204887390136719,{'C': 0.0001, 'max_iter': 5000, 'penalty': 'l2', 'solver': 'liblinear'}
005,0,0,64,3.3294167518615723,{'C': 0.0001, 'max_iter': 5000, 'penalty': 'l2', 'solver': 'liblinear'}
005,1,0,67,0.2877042293548584,{'C': 29.763514416313132, 'max_iter': 5000, 'penalty': 'l1', 'solver': 'liblinear'}
005,2,0,50,0.3226590156555176,{'C': 0.0001, 'max_iter': 5000, 'penalty': 'l1', 'solver': 'liblinear'}
005,3,0,66,0.41639113426208496,{'C': 0.0001, 'max_iter': 5000, 'penalty': 'l2', 'solver': 'liblinear'}
005,4,0,50,3.3646557331085205,{'C': 0.0001, 'max_iter': 5000, 'penalty': 'l1', 'solver': 'liblinear'}
010,0,0,64,0.5366716384887695,{'C': 0.615848211066026, 'max_iter': 5000, 'penalty': 'l1', 'solver': 'liblinear'}
010,1,0,65,0.3874964714050293,{'C': 0.0001, 'max_iter': 5000, 'penalty': 'l2', 'solver': 'liblinear'}
010,2,0,66,0.49603939056396484,{'C': 0.0001, 'max_iter': 5000, 'penalty': 'l2', 'solver': 'liblinear'}
010,3,0,64,0.3483846187591553,{'C': 78.47599703514607, 'max_iter': 5000, 'penalty': 'l1', 'solver': 'liblinear'}
010,4,0,65,0.46280598640441895,{'C': 1.623776739188721, 'max_iter': 5000, 'penalty': 'l1', 'solver': 'liblinear'}
015,0,0,67,0.3630502223968506,{'C': 11.288378916846883, 'max_iter': 5000, 'penalty': 'l2', 'solver': 'liblinear'}
015,1,0,68,0.41136741638183594,{'C': 1.623776739188721, 'max_iter': 5000, 'penalty': 'l2', 'solver': 'liblinear'}
015,2,0,64,0.4479405879974365,{'C': 1.623776739188721, 'max_iter': 5000, 'penalty': 'l2', 'solver': 'liblinear'}
015,3,0,68,0.5109596252441406,{'C': 0.0001, 'max_iter': 5000, 'penalty': 'l2', 'solver': 'liblinear'}
015,4,0,63,0.38191795349121094,{'C': 11.288378916846883, 'max_iter': 5000, 'penalty': 'l1', 'solver': 'liblinear'}
020,0,0,63,0.4955129623413086,{'C': 4.281332398719396, 'max_iter': 5000, 'penalty': 'l2', 'solver': 'liblinear'}
020,1,0,68,0.38044047355651855,{'C': 0.0001, 'max_iter': 5000, 'penalty': 'l2', 'solver': 'liblinear'}
020,2,0,68,0.5025196075439453,{'C': 0.615848211066026, 'max_iter': 5000, 'penalty': 'l2', 'solver': 'liblinear'}
020,3,0,64,0.3610568046569824,{'C': 0.23357214690901212, 'max_iter': 5000, 'penalty': 'l1', 'solver': 'liblinear'}
020,4,0,64,0.4671194553375244,{'C': 0.0001, 'max_iter': 5000, 'penalty': 'l2', 'solver': 'liblinear'}
030,0,0,68,0.49873781204223633,{'C': 0.23357214690901212, 'max_iter': 5000, 'penalty': 'l1', 'solver': 'liblinear'}
030,1,0,66,0.5182938575744629,{'C': 0.012742749857031334, 'max_iter': 5000, 'penalty': 'l2', 'solver': 'liblinear'}
030,2,0,66,0.3440084457397461,{'C': 0.0001, 'max_iter': 5000, 'penalty': 'l2', 'solver': 'liblinear'}
030,3,0,68,0.47608089447021484,{'C': 0.08858667904100823, 'max_iter': 5000, 'penalty': 'l2', 'solver': 'liblinear'}
030,4,0,68,0.40406227111816406,{'C': 0.23357214690901212, 'max_iter': 5000, 'penalty': 'l2', 'solver': 'liblinear'}
060,0,0,66,0.504145622253418,{'C': 0.615848211066026, 'max_iter': 5000, 'penalty': 'l1', 'solver': 'liblinear'}
060,1,0,68,0.560539960861206,{'C': 0.08858667904100823, 'max_iter': 5000, 'penalty': 'l2', 'solver': 'liblinear'}
060,2,0,68,0.4261937141418457,{'C': 0.23357214690901212, 'max_iter': 5000, 'penalty': 'l1', 'solver': 'liblinear'}
060,3,0,66,0.5205934047698975,{'C': 0.03359818286283781, 'max_iter': 5000, 'penalty': 'l2', 'solver': 'liblinear'}
060,4,0,68,0.5914337635040283,{'C': 0.23357214690901212, 'max_iter': 5000, 'penalty': 'l2', 'solver': 'liblinear'}
100,0,0,68,0.6209678649902344,{'C': 0.08858667904100823, 'max_iter': 5000, 'penalty': 'l2', 'solver': 'liblinear'}
100,1,0,68,0.6398937702178955,{'C': 0.08858667904100823, 'max_iter': 5000, 'penalty': 'l1', 'solver': 'liblinear'}
100,2,0,68,0.59718918800354,{'C': 0.03359818286283781, 'max_iter': 5000, 'penalty': 'l2', 'solver': 'liblinear'}
100,3,0,67,0.7503793239593506,{'C': 0.23357214690901212, 'max_iter': 5000, 'penalty': 'l2', 'solver': 'liblinear'}
100,4,0,68,0.5443704128265381,{'C': 1.623776739188721, 'max_iter': 5000, 'penalty': 'l2', 'solver': 'liblinear'}
005,0,0,60,3.3024826049804688,{'C': 1.623776739188721, 'max_iter': 5000, 'penalty': 'l1', 'solver': 'liblinear'}
005,1,0,66,0.31263208389282227,{'C': 0.08858667904100823, 'max_iter': 5000, 'penalty': 'l2', 'solver': 'liblinear'}
005,2,0,50,0.3392817974090576,{'C': 0.0001, 'max_iter': 5000, 'penalty': 'l1', 'solver': 'liblinear'}
005,3,0,66,0.4050014019012451,{'C': 0.08858667904100823, 'max_iter': 5000, 'penalty': 'l2', 'solver': 'liblinear'}
005,4,0,50,3.927185297012329,{'C': 0.0001, 'max_iter': 5000, 'penalty': 'l1', 'solver': 'liblinear'}
010,0,0,64,0.5144999027252197,{'C': 0.615848211066026, 'max_iter': 5000, 'penalty': 'l1', 'solver': 'liblinear'}
010,1,0,65,0.2785496711730957,{'C': 4.281332398719396, 'max_iter': 5000, 'penalty': 'l2', 'solver': 'liblinear'}
010,2,0,66,0.4679226875305176,{'C': 0.615848211066026, 'max_iter': 5000, 'penalty': 'l1', 'solver': 'liblinear'}
010,3,0,68,0.36908674240112305,{'C': 0.23357214690901212, 'max_iter': 5000, 'penalty': 'l2', 'solver': 'liblinear'}
010,4,0,68,0.4602789878845215,{'C': 0.08858667904100823, 'max_iter': 5000, 'penalty': 'l2', 'solver': 'liblinear'}
015,0,0,68,0.4465456008911133,{'C': 1.623776739188721, 'max_iter': 5000, 'penalty': 'l1', 'solver': 'liblinear'}
015,1,0,66,0.5971658229827881,{'C': 0.0001, 'max_iter': 5000, 'penalty': 'l2', 'solver': 'liblinear'}
015,2,0,64,0.4161255359649658,{'C': 0.615848211066026, 'max_iter': 5000, 'penalty': 'l1', 'solver': 'liblinear'}
015,3,0,64,0.6194751262664795,{'C': 11.288378916846883, 'max_iter': 5000, 'penalty': 'l1', 'solver': 'liblinear'}
015,4,0,63,0.39240598678588867,{'C': 11.288378916846883, 'max_iter': 5000, 'penalty': 'l1', 'solver': 'liblinear'}
020,0,0,61,0.5371198654174805,{'C': 1.623776739188721, 'max_iter': 5000, 'penalty': 'l2', 'solver': 'liblinear'}
020,1,0,68,0.42610979080200195,{'C': 0.615848211066026, 'max_iter': 5000, 'penalty': 'l1', 'solver': 'liblinear'}
020,2,0,67,0.44865870475769043,{'C': 4.281332398719396, 'max_iter': 5000, 'penalty': 'l1', 'solver': 'liblinear'}
020,3,0,66,0.33994197845458984,{'C': 29.763514416313132, 'max_iter': 5000, 'penalty': 'l1', 'solver': 'liblinear'}
020,4,0,66,0.4072103500366211,{'C': 11.288378916846883, 'max_iter': 5000, 'penalty': 'l1', 'solver': 'liblinear'}
030,0,0,68,0.361844539642334,{'C': 0.615848211066026, 'max_iter': 5000, 'penalty': 'l2', 'solver': 'liblinear'}
030,1,0,67,0.40962743759155273,{'C': 0.08858667904100823, 'max_iter': 5000, 'penalty': 'l2', 'solver': 'liblinear'}
030,2,0,66,0.6781723499298096,{'C': 0.615848211066026, 'max_iter': 5000, 'penalty': 'l2', 'solver': 'liblinear'}
030,3,0,67,0.38134336471557617,{'C': 0.0001, 'max_iter': 5000, 'penalty': 'l2', 'solver': 'liblinear'}
030,4,0,68,0.5537457466125488,{'C': 0.615848211066026, 'max_iter': 5000, 'penalty': 'l1', 'solver': 'liblinear'}
060,0,0,67,0.33992671966552734,{'C': 0.615848211066026, 'max_iter': 5000, 'penalty': 'l2', 'solver': 'liblinear'}
060,1,0,68,0.40375733375549316,{'C': 0.23357214690901212, 'max_iter': 5000, 'penalty': 'l1', 'solver': 'liblinear'}
060,2,0,68,0.4590291976928711,{'C': 0.23357214690901212, 'max_iter': 5000, 'penalty': 'l1', 'solver': 'liblinear'}
060,3,0,66,0.4646468162536621,{'C': 0.03359818286283781, 'max_iter': 5000, 'penalty': 'l2', 'solver': 'liblinear'}
060,4,0,67,0.4691324234008789,{'C': 0.615848211066026, 'max_iter': 5000, 'penalty': 'l2', 'solver': 'liblinear'}
100,0,0,68,0.472226619720459,{'C': 0.08858667904100823, 'max_iter': 5000, 'penalty': 'l2', 'solver': 'liblinear'}
100,1,0,67,0.5230169296264648,{'C': 0.23357214690901212, 'max_iter': 5000, 'penalty': 'l2', 'solver': 'liblinear'}
100,2,0,68,0.4861149787902832,{'C': 0.03359818286283781, 'max_iter': 5000, 'penalty': 'l2', 'solver': 'liblinear'}
100,3,0,67,0.5641994476318359,{'C': 0.23357214690901212, 'max_iter': 5000, 'penalty': 'l2', 'solver': 'liblinear'}
100,4,0,67,0.5451130867004395,{'C': 0.23357214690901212, 'max_iter': 5000, 'penalty': 'l2', 'solver': 'liblinear'}
005,0,0,64,3.0819787979125977,{'C': 0.0001, 'max_iter': 5000, 'penalty': 'l2', 'solver': 'liblinear'}
005,1,0,67,0.33359479904174805,{'C': 0.615848211066026, 'max_iter': 5000, 'penalty': 'l2', 'solver': 'liblinear'}
005,2,0,55,0.3979675769805908,{'C': 4.281332398719396, 'max_iter': 5000, 'penalty': 'l1', 'solver': 'liblinear'}
005,3,0,64,0.4160916805267334,{'C': 0.615848211066026, 'max_iter': 5000, 'penalty': 'l1', 'solver': 'liblinear'}
005,4,0,50,3.133366346359253,{'C': 0.0001, 'max_iter': 5000, 'penalty': 'l1', 'solver': 'liblinear'}
010,0,0,64,0.4748106002807617,{'C': 0.615848211066026, 'max_iter': 5000, 'penalty': 'l1', 'solver': 'liblinear'}
010,1,0,67,0.3398411273956299,{'C': 0.08858667904100823, 'max_iter': 5000, 'penalty': 'l2', 'solver': 'liblinear'}
010,2,0,66,0.4516909122467041,{'C': 0.615848211066026, 'max_iter': 5000, 'penalty': 'l1', 'solver': 'liblinear'}
010,3,0,68,0.35636448860168457,{'C': 0.615848211066026, 'max_iter': 5000, 'penalty': 'l2', 'solver': 'liblinear'}
010,4,0,68,0.42612195014953613,{'C': 0.0001, 'max_iter': 5000, 'penalty': 'l2', 'solver': 'liblinear'}
015,0,0,67,0.5131916999816895,{'C': 4.281332398719396, 'max_iter': 5000, 'penalty': 'l1', 'solver': 'liblinear'}
015,1,0,66,0.3559112548828125,{'C': 0.08858667904100823, 'max_iter': 5000, 'penalty': 'l2', 'solver': 'liblinear'}
015,2,0,66,0.5505900382995605,{'C': 0.615848211066026, 'max_iter': 5000, 'penalty': 'l2', 'solver': 'liblinear'}
015,3,0,66,0.34750962257385254,{'C': 0.615848211066026, 'max_iter': 5000, 'penalty': 'l2', 'solver': 'liblinear'}
015,4,0,63,0.5100812911987305,{'C': 11.288378916846883, 'max_iter': 5000, 'penalty': 'l1', 'solver': 'liblinear'}
020,0,0,61,0.5238587856292725,{'C': 1.623776739188721, 'max_iter': 5000, 'penalty': 'l2', 'solver': 'liblinear'}
020,1,0,68,0.5190308094024658,{'C': 0.0001, 'max_iter': 5000, 'penalty': 'l2', 'solver': 'liblinear'}
020,2,0,67,0.3568418025970459,{'C': 1.623776739188721, 'max_iter': 5000, 'penalty': 'l2', 'solver': 'liblinear'}
020,3,0,68,0.4725809097290039,{'C': 0.0001, 'max_iter': 5000, 'penalty': 'l2', 'solver': 'liblinear'}
020,4,0,64,0.31495141983032227,{'C': 0.0001, 'max_iter': 5000, 'penalty': 'l2', 'solver': 'liblinear'}
030,0,0,68,0.47406005859375,{'C': 0.615848211066026, 'max_iter': 5000, 'penalty': 'l2', 'solver': 'liblinear'}
030,1,0,67,0.3181953430175781,{'C': 0.03359818286283781, 'max_iter': 5000, 'penalty': 'l2', 'solver': 'liblinear'}
030,2,0,65,0.4311203956604004,{'C': 0.23357214690901212, 'max_iter': 5000, 'penalty': 'l1', 'solver': 'liblinear'}
030,3,0,67,0.45389342308044434,{'C': 0.0001, 'max_iter': 5000, 'penalty': 'l2', 'solver': 'liblinear'}
030,4,0,68,0.6116418838500977,{'C': 0.615848211066026, 'max_iter': 5000, 'penalty': 'l1', 'solver': 'liblinear'}
060,0,0,66,0.6206941604614258,{'C': 0.615848211066026, 'max_iter': 5000, 'penalty': 'l1', 'solver': 'liblinear'}
060,1,0,66,0.4815239906311035,{'C': 0.0018329807108324356, 'max_iter': 5000, 'penalty': 'l2', 'solver': 'liblinear'}
060,2,0,68,0.4817359447479248,{'C': 0.012742749857031334, 'max_iter': 5000, 'penalty': 'l2', 'solver': 'liblinear'}
060,3,0,66,0.5004308223724365,{'C': 0.03359818286283781, 'max_iter': 5000, 'penalty': 'l2', 'solver': 'liblinear'}
060,4,0,68,0.3662281036376953,{'C': 0.08858667904100823, 'max_iter': 5000, 'penalty': 'l2', 'solver': 'liblinear'}
100,0,0,67,0.32453155517578125,{'C': 0.23357214690901212, 'max_iter': 5000, 'penalty': 'l2', 'solver': 'liblinear'}
100,1,0,66,0.26773858070373535,{'C': 0.0006951927961775605, 'max_iter': 5000, 'penalty': 'l2', 'solver': 'liblinear'}
100,2,0,68,0.3964345455169678,{'C': 0.08858667904100823, 'max_iter': 5000, 'penalty': 'l2', 'solver': 'liblinear'}
100,3,0,67,0.37008118629455566,{'C': 1.623776739188721, 'max_iter': 5000, 'penalty': 'l1', 'solver': 'liblinear'}
100,4,0,67,0.35840725898742676,{'C': 0.23357214690901212, 'max_iter': 5000, 'penalty': 'l2', 'solver': 'liblinear'}
