005,0,0,65,60.09004831314087,{'activation': 'tanh', 'alpha': 0.0001, 'hidden_layer_sizes': (25, 25), 'learning_rate': 'constant', 'max_iter': 20000, 'solver': 'sgd'}
005,1,0,57,53.51601433753967,{'activation': 'tanh', 'alpha': 0.0001, 'hidden_layer_sizes': (50, 50), 'learning_rate': 'invscaling', 'max_iter': 10000, 'solver': 'sgd'}
005,2,0,51,58.637519121170044,{'activation': 'logistic', 'alpha': 0.05, 'hidden_layer_sizes': (50, 50), 'learning_rate': 'adaptive', 'max_iter': 20000, 'solver': 'sgd'}
005,3,0,51,55.99523949623108,{'activation': 'tanh', 'alpha': 0.0001, 'hidden_layer_sizes': (50, 25, 50), 'learning_rate': 'invscaling', 'max_iter': 50000, 'solver': 'sgd'}
005,4,0,53,56.48817253112793,{'activation': 'tanh', 'alpha': 0.0001, 'hidden_layer_sizes': (50, 25, 50), 'learning_rate': 'invscaling', 'max_iter': 50000, 'solver': 'sgd'}
010,0,0,40,62.248512268066406,{'activation': 'tanh', 'alpha': 0.0001, 'hidden_layer_sizes': (25,), 'learning_rate': 'invscaling', 'max_iter': 50000, 'solver': 'sgd'}
010,1,0,42,65.38628554344177,{'activation': 'relu', 'alpha': 0.0001, 'hidden_layer_sizes': (50, 50), 'learning_rate': 'invscaling', 'max_iter': 20000, 'solver': 'sgd'}
010,2,0,54,60.747583866119385,{'activation': 'tanh', 'alpha': 0.0001, 'hidden_layer_sizes': (25,), 'learning_rate': 'invscaling', 'max_iter': 5000, 'solver': 'sgd'}
010,3,0,63,63.71443152427673,{'activation': 'relu', 'alpha': 0.05, 'hidden_layer_sizes': (50, 50), 'learning_rate': 'adaptive', 'max_iter': 10000, 'solver': 'sgd'}
010,4,0,48,62.76119327545166,{'activation': 'tanh', 'alpha': 0.0001, 'hidden_layer_sizes': (50, 25, 50), 'learning_rate': 'invscaling', 'max_iter': 50000, 'solver': 'sgd'}
015,0,0,48,70.13405084609985,{'activation': 'tanh', 'alpha': 0.05, 'hidden_layer_sizes': (50,), 'learning_rate': 'invscaling', 'max_iter': 10000, 'solver': 'sgd'}
015,1,0,53,69.55246376991272,{'activation': 'tanh', 'alpha': 0.0001, 'hidden_layer_sizes': (50, 50), 'learning_rate': 'invscaling', 'max_iter': 10000, 'solver': 'sgd'}
015,2,0,56,71.69909191131592,{'activation': 'tanh', 'alpha': 0.0001, 'hidden_layer_sizes': (25, 25), 'learning_rate': 'constant', 'max_iter': 10000, 'solver': 'sgd'}
015,3,0,52,72.9307713508606,{'activation': 'tanh', 'alpha': 0.05, 'hidden_layer_sizes': (50, 25, 50), 'learning_rate': 'invscaling', 'max_iter': 5000, 'solver': 'sgd'}
015,4,0,59,67.73003554344177,{'activation': 'tanh', 'alpha': 0.0001, 'hidden_layer_sizes': (50, 25, 50), 'learning_rate': 'constant', 'max_iter': 10000, 'solver': 'sgd'}
020,0,0,67,70.13760924339294,{'activation': 'tanh', 'alpha': 0.0001, 'hidden_layer_sizes': (25,), 'learning_rate': 'constant', 'max_iter': 20000, 'solver': 'sgd'}
020,1,0,65,79.0904278755188,{'activation': 'tanh', 'alpha': 0.0001, 'hidden_layer_sizes': (25,), 'learning_rate': 'constant', 'max_iter': 50000, 'solver': 'adam'}
020,2,0,61,77.15484976768494,{'activation': 'tanh', 'alpha': 0.05, 'hidden_layer_sizes': (25, 25), 'learning_rate': 'adaptive', 'max_iter': 10000, 'solver': 'sgd'}
020,3,0,63,77.95057082176208,{'activation': 'relu', 'alpha': 0.0001, 'hidden_layer_sizes': (50, 50), 'learning_rate': 'adaptive', 'max_iter': 10000, 'solver': 'sgd'}
020,4,0,64,75.23419237136841,{'activation': 'tanh', 'alpha': 0.0001, 'hidden_layer_sizes': (50,), 'learning_rate': 'constant', 'max_iter': 20000, 'solver': 'sgd'}
030,0,0,60,108.44873523712158,{'activation': 'relu', 'alpha': 0.0001, 'hidden_layer_sizes': (50,), 'learning_rate': 'constant', 'max_iter': 10000, 'solver': 'sgd'}
030,1,0,64,81.99508714675903,{'activation': 'relu', 'alpha': 0.0001, 'hidden_layer_sizes': (25,), 'learning_rate': 'invscaling', 'max_iter': 10000, 'solver': 'sgd'}
030,2,0,72,85.90692472457886,{'activation': 'logistic', 'alpha': 0.0001, 'hidden_layer_sizes': (25,), 'learning_rate': 'constant', 'max_iter': 10000, 'solver': 'sgd'}
030,3,0,66,99.20515275001526,{'activation': 'relu', 'alpha': 0.0001, 'hidden_layer_sizes': (50, 25, 50), 'learning_rate': 'constant', 'max_iter': 5000, 'solver': 'sgd'}
030,4,0,60,96.81553959846497,{'activation': 'tanh', 'alpha': 0.05, 'hidden_layer_sizes': (50, 25, 50), 'learning_rate': 'constant', 'max_iter': 50000, 'solver': 'sgd'}
060,0,0,62,141.49856567382812,{'activation': 'tanh', 'alpha': 0.05, 'hidden_layer_sizes': (50, 25, 50), 'learning_rate': 'constant', 'max_iter': 20000, 'solver': 'sgd'}
060,1,0,60,154.66015076637268,{'activation': 'tanh', 'alpha': 0.0001, 'hidden_layer_sizes': (50,), 'learning_rate': 'constant', 'max_iter': 20000, 'solver': 'sgd'}
060,2,0,63,123.92932271957397,{'activation': 'relu', 'alpha': 0.05, 'hidden_layer_sizes': (50, 50), 'learning_rate': 'adaptive', 'max_iter': 50000, 'solver': 'adam'}
060,3,0,65,129.05260157585144,{'activation': 'relu', 'alpha': 0.05, 'hidden_layer_sizes': (25, 25), 'learning_rate': 'constant', 'max_iter': 10000, 'solver': 'sgd'}
060,4,0,63,128.30399417877197,{'activation': 'logistic', 'alpha': 0.05, 'hidden_layer_sizes': (25,), 'learning_rate': 'constant', 'max_iter': 5000, 'solver': 'sgd'}
100,0,0,61,298.4952201843262,{'activation': 'tanh', 'alpha': 0.0001, 'hidden_layer_sizes': (25, 25), 'learning_rate': 'adaptive', 'max_iter': 10000, 'solver': 'sgd'}
100,1,0,66,181.80635046958923,{'activation': 'logistic', 'alpha': 0.05, 'hidden_layer_sizes': (25,), 'learning_rate': 'adaptive', 'max_iter': 20000, 'solver': 'sgd'}
100,2,0,68,184.2336618900299,{'activation': 'relu', 'alpha': 0.0001, 'hidden_layer_sizes': (25, 25), 'learning_rate': 'constant', 'max_iter': 20000, 'solver': 'adam'}
100,3,0,65,184.23162078857422,{'activation': 'logistic', 'alpha': 0.0001, 'hidden_layer_sizes': (25,), 'learning_rate': 'invscaling', 'max_iter': 10000, 'solver': 'adam'}
100,4,0,64,184.50227737426758,{'activation': 'logistic', 'alpha': 0.0001, 'hidden_layer_sizes': (25,), 'learning_rate': 'constant', 'max_iter': 20000, 'solver': 'sgd'}
005,0,0,48,59.07756280899048,{'activation': 'tanh', 'alpha': 0.0001, 'hidden_layer_sizes': (25, 25), 'learning_rate': 'invscaling', 'max_iter': 5000, 'solver': 'sgd'}
005,1,0,60,57.99808645248413,{'activation': 'tanh', 'alpha': 0.05, 'hidden_layer_sizes': (25, 25), 'learning_rate': 'invscaling', 'max_iter': 50000, 'solver': 'sgd'}
005,2,0,50,59.24447321891785,{'activation': 'logistic', 'alpha': 0.0001, 'hidden_layer_sizes': (25,), 'learning_rate': 'invscaling', 'max_iter': 5000, 'solver': 'sgd'}
005,3,0,53,52.9766526222229,{'activation': 'tanh', 'alpha': 0.0001, 'hidden_layer_sizes': (25, 25), 'learning_rate': 'invscaling', 'max_iter': 10000, 'solver': 'sgd'}
005,4,0,48,57.88240623474121,{'activation': 'tanh', 'alpha': 0.0001, 'hidden_layer_sizes': (25,), 'learning_rate': 'invscaling', 'max_iter': 20000, 'solver': 'sgd'}
010,0,0,60,65.67131185531616,{'activation': 'relu', 'alpha': 0.0001, 'hidden_layer_sizes': (25,), 'learning_rate': 'invscaling', 'max_iter': 20000, 'solver': 'adam'}
010,1,0,62,64.90921354293823,{'activation': 'relu', 'alpha': 0.0001, 'hidden_layer_sizes': (50,), 'learning_rate': 'invscaling', 'max_iter': 50000, 'solver': 'sgd'}
010,2,0,61,65.86129784584045,{'activation': 'logistic', 'alpha': 0.0001, 'hidden_layer_sizes': (50, 25, 50), 'learning_rate': 'constant', 'max_iter': 50000, 'solver': 'adam'}
010,3,0,43,64.0202853679657,{'activation': 'tanh', 'alpha': 0.0001, 'hidden_layer_sizes': (50, 50), 'learning_rate': 'invscaling', 'max_iter': 5000, 'solver': 'sgd'}
010,4,0,60,64.77050614356995,{'activation': 'tanh', 'alpha': 0.0001, 'hidden_layer_sizes': (50, 50), 'learning_rate': 'invscaling', 'max_iter': 5000, 'solver': 'sgd'}
015,0,0,53,70.44582033157349,{'activation': 'tanh', 'alpha': 0.05, 'hidden_layer_sizes': (25,), 'learning_rate': 'invscaling', 'max_iter': 10000, 'solver': 'sgd'}
015,1,0,45,71.4510407447815,{'activation': 'tanh', 'alpha': 0.05, 'hidden_layer_sizes': (50, 25, 50), 'learning_rate': 'invscaling', 'max_iter': 10000, 'solver': 'sgd'}
015,2,0,52,66.69858002662659,{'activation': 'relu', 'alpha': 0.05, 'hidden_layer_sizes': (25,), 'learning_rate': 'invscaling', 'max_iter': 20000, 'solver': 'sgd'}
015,3,0,60,76.82566142082214,{'activation': 'logistic', 'alpha': 0.0001, 'hidden_layer_sizes': (50, 50), 'learning_rate': 'adaptive', 'max_iter': 10000, 'solver': 'adam'}
015,4,0,56,68.66911196708679,{'activation': 'tanh', 'alpha': 0.0001, 'hidden_layer_sizes': (50,), 'learning_rate': 'invscaling', 'max_iter': 20000, 'solver': 'sgd'}
020,0,0,60,72.33117198944092,{'activation': 'relu', 'alpha': 0.05, 'hidden_layer_sizes': (50, 25, 50), 'learning_rate': 'constant', 'max_iter': 50000, 'solver': 'adam'}
020,1,0,50,76.48798489570618,{'activation': 'tanh', 'alpha': 0.05, 'hidden_layer_sizes': (50, 25, 50), 'learning_rate': 'invscaling', 'max_iter': 5000, 'solver': 'sgd'}
020,2,0,51,77.88669490814209,{'activation': 'logistic', 'alpha': 0.0001, 'hidden_layer_sizes': (50, 50), 'learning_rate': 'adaptive', 'max_iter': 50000, 'solver': 'sgd'}
020,3,0,65,76.62977647781372,{'activation': 'logistic', 'alpha': 0.05, 'hidden_layer_sizes': (25,), 'learning_rate': 'constant', 'max_iter': 20000, 'solver': 'sgd'}
020,4,0,61,72.30699515342712,{'activation': 'tanh', 'alpha': 0.0001, 'hidden_layer_sizes': (50, 25, 50), 'learning_rate': 'constant', 'max_iter': 10000, 'solver': 'sgd'}
030,0,0,62,87.46988558769226,{'activation': 'tanh', 'alpha': 0.05, 'hidden_layer_sizes': (25,), 'learning_rate': 'constant', 'max_iter': 5000, 'solver': 'sgd'}
030,1,0,67,83.64858603477478,{'activation': 'tanh', 'alpha': 0.05, 'hidden_layer_sizes': (25,), 'learning_rate': 'constant', 'max_iter': 10000, 'solver': 'adam'}
030,2,0,58,83.94606685638428,{'activation': 'tanh', 'alpha': 0.0001, 'hidden_layer_sizes': (50, 50), 'learning_rate': 'invscaling', 'max_iter': 50000, 'solver': 'sgd'}
030,3,0,70,86.20711374282837,{'activation': 'relu', 'alpha': 0.05, 'hidden_layer_sizes': (50, 50), 'learning_rate': 'adaptive', 'max_iter': 5000, 'solver': 'sgd'}
030,4,0,65,86.70975518226624,{'activation': 'logistic', 'alpha': 0.0001, 'hidden_layer_sizes': (25,), 'learning_rate': 'adaptive', 'max_iter': 50000, 'solver': 'sgd'}
060,0,0,68,213.39509463310242,{'activation': 'logistic', 'alpha': 0.05, 'hidden_layer_sizes': (50,), 'learning_rate': 'adaptive', 'max_iter': 10000, 'solver': 'sgd'}
060,1,0,66,132.02925515174866,{'activation': 'tanh', 'alpha': 0.05, 'hidden_layer_sizes': (50, 25, 50), 'learning_rate': 'adaptive', 'max_iter': 5000, 'solver': 'sgd'}
060,2,0,68,201.82466220855713,{'activation': 'logistic', 'alpha': 0.0001, 'hidden_layer_sizes': (25,), 'learning_rate': 'constant', 'max_iter': 20000, 'solver': 'sgd'}
060,3,0,68,165.86901950836182,{'activation': 'relu', 'alpha': 0.0001, 'hidden_layer_sizes': (50, 50), 'learning_rate': 'adaptive', 'max_iter': 20000, 'solver': 'sgd'}
060,4,0,68,127.21684622764587,{'activation': 'logistic', 'alpha': 0.0001, 'hidden_layer_sizes': (50,), 'learning_rate': 'adaptive', 'max_iter': 50000, 'solver': 'sgd'}
100,0,0,66,263.1677460670471,{'activation': 'logistic', 'alpha': 0.05, 'hidden_layer_sizes': (25,), 'learning_rate': 'adaptive', 'max_iter': 5000, 'solver': 'sgd'}
100,1,0,66,244.93377995491028,{'activation': 'relu', 'alpha': 0.05, 'hidden_layer_sizes': (25,), 'learning_rate': 'invscaling', 'max_iter': 50000, 'solver': 'adam'}
100,2,0,68,232.9107882976532,{'activation': 'relu', 'alpha': 0.0001, 'hidden_layer_sizes': (50, 50), 'learning_rate': 'invscaling', 'max_iter': 10000, 'solver': 'adam'}
100,3,0,68,186.73275446891785,{'activation': 'relu', 'alpha': 0.0001, 'hidden_layer_sizes': (25,), 'learning_rate': 'constant', 'max_iter': 20000, 'solver': 'sgd'}
100,4,0,68,347.44839429855347,{'activation': 'tanh', 'alpha': 0.05, 'hidden_layer_sizes': (50,), 'learning_rate': 'adaptive', 'max_iter': 50000, 'solver': 'sgd'}
005,0,0,50,51.705008029937744,{'activation': 'tanh', 'alpha': 0.0001, 'hidden_layer_sizes': (50, 25, 50), 'learning_rate': 'invscaling', 'max_iter': 5000, 'solver': 'sgd'}
005,1,0,49,58.94765639305115,{'activation': 'relu', 'alpha': 0.0001, 'hidden_layer_sizes': (25, 25), 'learning_rate': 'invscaling', 'max_iter': 50000, 'solver': 'sgd'}
005,2,0,59,59.278199911117554,{'activation': 'logistic', 'alpha': 0.0001, 'hidden_layer_sizes': (50,), 'learning_rate': 'invscaling', 'max_iter': 10000, 'solver': 'sgd'}
005,3,0,49,56.53890681266785,{'activation': 'relu', 'alpha': 0.0001, 'hidden_layer_sizes': (50, 25, 50), 'learning_rate': 'invscaling', 'max_iter': 20000, 'solver': 'sgd'}
005,4,0,55,56.01326870918274,{'activation': 'relu', 'alpha': 0.0001, 'hidden_layer_sizes': (25,), 'learning_rate': 'invscaling', 'max_iter': 50000, 'solver': 'sgd'}
010,0,0,54,64.03366947174072,{'activation': 'relu', 'alpha': 0.0001, 'hidden_layer_sizes': (25,), 'learning_rate': 'invscaling', 'max_iter': 20000, 'solver': 'sgd'}
010,1,0,67,66.48674869537354,{'activation': 'logistic', 'alpha': 0.05, 'hidden_layer_sizes': (50,), 'learning_rate': 'constant', 'max_iter': 5000, 'solver': 'sgd'}
010,2,0,54,65.78496265411377,{'activation': 'relu', 'alpha': 0.0001, 'hidden_layer_sizes': (25,), 'learning_rate': 'invscaling', 'max_iter': 5000, 'solver': 'sgd'}
010,3,0,50,64.41564321517944,{'activation': 'relu', 'alpha': 0.0001, 'hidden_layer_sizes': (25, 25), 'learning_rate': 'invscaling', 'max_iter': 50000, 'solver': 'sgd'}
010,4,0,64,60.88771462440491,{'activation': 'logistic', 'alpha': 0.0001, 'hidden_layer_sizes': (50, 50), 'learning_rate': 'adaptive', 'max_iter': 10000, 'solver': 'sgd'}
015,0,0,66,73.52891206741333,{'activation': 'logistic', 'alpha': 0.05, 'hidden_layer_sizes': (25,), 'learning_rate': 'adaptive', 'max_iter': 50000, 'solver': 'sgd'}
015,1,0,52,71.168447971344,{'activation': 'relu', 'alpha': 0.05, 'hidden_layer_sizes': (25,), 'learning_rate': 'invscaling', 'max_iter': 20000, 'solver': 'sgd'}
015,2,0,59,67.49127554893494,{'activation': 'tanh', 'alpha': 0.05, 'hidden_layer_sizes': (50,), 'learning_rate': 'invscaling', 'max_iter': 50000, 'solver': 'sgd'}
015,3,0,47,75.62725639343262,{'activation': 'relu', 'alpha': 0.05, 'hidden_layer_sizes': (50,), 'learning_rate': 'invscaling', 'max_iter': 20000, 'solver': 'sgd'}
015,4,0,60,65.12184166908264,{'activation': 'tanh', 'alpha': 0.0001, 'hidden_layer_sizes': (50, 50), 'learning_rate': 'invscaling', 'max_iter': 10000, 'solver': 'adam'}
020,0,0,63,71.2512617111206,{'activation': 'tanh', 'alpha': 0.0001, 'hidden_layer_sizes': (50, 25, 50), 'learning_rate': 'adaptive', 'max_iter': 20000, 'solver': 'adam'}
020,1,0,64,77.16321778297424,{'activation': 'relu', 'alpha': 0.0001, 'hidden_layer_sizes': (50, 50), 'learning_rate': 'adaptive', 'max_iter': 5000, 'solver': 'sgd'}
020,2,0,56,75.08562660217285,{'activation': 'tanh', 'alpha': 0.05, 'hidden_layer_sizes': (25,), 'learning_rate': 'constant', 'max_iter': 20000, 'solver': 'sgd'}
020,3,0,67,75.15317893028259,{'activation': 'tanh', 'alpha': 0.05, 'hidden_layer_sizes': (50, 50), 'learning_rate': 'constant', 'max_iter': 10000, 'solver': 'sgd'}
020,4,0,54,72.81020402908325,{'activation': 'relu', 'alpha': 0.0001, 'hidden_layer_sizes': (25,), 'learning_rate': 'invscaling', 'max_iter': 50000, 'solver': 'sgd'}
030,0,0,67,83.23291110992432,{'activation': 'tanh', 'alpha': 0.05, 'hidden_layer_sizes': (25,), 'learning_rate': 'adaptive', 'max_iter': 50000, 'solver': 'sgd'}
030,1,0,64,81.79522371292114,{'activation': 'relu', 'alpha': 0.05, 'hidden_layer_sizes': (25,), 'learning_rate': 'adaptive', 'max_iter': 5000, 'solver': 'sgd'}
030,2,0,65,175.71106576919556,{'activation': 'tanh', 'alpha': 0.0001, 'hidden_layer_sizes': (50, 25, 50), 'learning_rate': 'constant', 'max_iter': 50000, 'solver': 'sgd'}
030,3,0,69,81.34309411048889,{'activation': 'relu', 'alpha': 0.05, 'hidden_layer_sizes': (25,), 'learning_rate': 'invscaling', 'max_iter': 20000, 'solver': 'adam'}
030,4,0,66,87.63464331626892,{'activation': 'logistic', 'alpha': 0.05, 'hidden_layer_sizes': (25,), 'learning_rate': 'adaptive', 'max_iter': 5000, 'solver': 'sgd'}
060,0,0,65,210.67235112190247,{'activation': 'tanh', 'alpha': 0.0001, 'hidden_layer_sizes': (50,), 'learning_rate': 'adaptive', 'max_iter': 5000, 'solver': 'sgd'}
060,1,0,62,136.12345337867737,{'activation': 'relu', 'alpha': 0.0001, 'hidden_layer_sizes': (25,), 'learning_rate': 'adaptive', 'max_iter': 5000, 'solver': 'sgd'}
060,2,0,68,121.24218130111694,{'activation': 'logistic', 'alpha': 0.05, 'hidden_layer_sizes': (50,), 'learning_rate': 'constant', 'max_iter': 5000, 'solver': 'sgd'}
060,3,0,72,124.93945527076721,{'activation': 'relu', 'alpha': 0.0001, 'hidden_layer_sizes': (25, 25), 'learning_rate': 'adaptive', 'max_iter': 5000, 'solver': 'adam'}
060,4,0,61,179.08541893959045,{'activation': 'logistic', 'alpha': 0.05, 'hidden_layer_sizes': (50,), 'learning_rate': 'constant', 'max_iter': 5000, 'solver': 'sgd'}
100,0,0,66,181.24229097366333,{'activation': 'logistic', 'alpha': 0.0001, 'hidden_layer_sizes': (50,), 'learning_rate': 'constant', 'max_iter': 20000, 'solver': 'sgd'}
100,1,0,72,184.18058228492737,{'activation': 'tanh', 'alpha': 0.05, 'hidden_layer_sizes': (50,), 'learning_rate': 'adaptive', 'max_iter': 5000, 'solver': 'adam'}
100,2,0,66,327.8823492527008,{'activation': 'relu', 'alpha': 0.05, 'hidden_layer_sizes': (50, 50), 'learning_rate': 'adaptive', 'max_iter': 10000, 'solver': 'sgd'}
100,3,0,70,184.47037625312805,{'activation': 'tanh', 'alpha': 0.05, 'hidden_layer_sizes': (50,), 'learning_rate': 'constant', 'max_iter': 5000, 'solver': 'adam'}
100,4,0,66,185.23844981193542,{'activation': 'logistic', 'alpha': 0.05, 'hidden_layer_sizes': (50,), 'learning_rate': 'constant', 'max_iter': 10000, 'solver': 'sgd'}
005,0,0,54,60.118534326553345,{'activation': 'tanh', 'alpha': 0.05, 'hidden_layer_sizes': (25,), 'learning_rate': 'invscaling', 'max_iter': 20000, 'solver': 'sgd'}
005,1,0,56,57.374910831451416,{'activation': 'tanh', 'alpha': 0.0001, 'hidden_layer_sizes': (25, 25), 'learning_rate': 'invscaling', 'max_iter': 5000, 'solver': 'sgd'}
005,2,0,55,58.643791913986206,{'activation': 'tanh', 'alpha': 0.0001, 'hidden_layer_sizes': (50, 50), 'learning_rate': 'invscaling', 'max_iter': 5000, 'solver': 'sgd'}
005,3,0,55,53.447057485580444,{'activation': 'logistic', 'alpha': 0.05, 'hidden_layer_sizes': (50, 50), 'learning_rate': 'adaptive', 'max_iter': 50000, 'solver': 'sgd'}
005,4,0,58,58.83063220977783,{'activation': 'tanh', 'alpha': 0.05, 'hidden_layer_sizes': (50, 50), 'learning_rate': 'invscaling', 'max_iter': 10000, 'solver': 'sgd'}
010,0,0,52,64.62193846702576,{'activation': 'tanh', 'alpha': 0.05, 'hidden_layer_sizes': (25,), 'learning_rate': 'invscaling', 'max_iter': 5000, 'solver': 'sgd'}
010,1,0,70,66.514963388443,{'activation': 'tanh', 'alpha': 0.0001, 'hidden_layer_sizes': (25,), 'learning_rate': 'adaptive', 'max_iter': 5000, 'solver': 'sgd'}
010,2,0,56,63.869192123413086,{'activation': 'tanh', 'alpha': 0.05, 'hidden_layer_sizes': (50,), 'learning_rate': 'invscaling', 'max_iter': 20000, 'solver': 'sgd'}
010,3,0,54,63.993849992752075,{'activation': 'tanh', 'alpha': 0.0001, 'hidden_layer_sizes': (50,), 'learning_rate': 'invscaling', 'max_iter': 50000, 'solver': 'sgd'}
010,4,0,51,62.686330795288086,{'activation': 'tanh', 'alpha': 0.05, 'hidden_layer_sizes': (50, 25, 50), 'learning_rate': 'invscaling', 'max_iter': 20000, 'solver': 'sgd'}
015,0,0,48,72.4828519821167,{'activation': 'relu', 'alpha': 0.0001, 'hidden_layer_sizes': (50,), 'learning_rate': 'invscaling', 'max_iter': 50000, 'solver': 'sgd'}
015,1,0,48,73.0314552783966,{'activation': 'tanh', 'alpha': 0.0001, 'hidden_layer_sizes': (50, 50), 'learning_rate': 'invscaling', 'max_iter': 20000, 'solver': 'sgd'}
015,2,0,58,70.02476096153259,{'activation': 'relu', 'alpha': 0.05, 'hidden_layer_sizes': (50,), 'learning_rate': 'invscaling', 'max_iter': 10000, 'solver': 'sgd'}
015,3,0,50,72.65422916412354,{'activation': 'relu', 'alpha': 0.05, 'hidden_layer_sizes': (50, 25, 50), 'learning_rate': 'invscaling', 'max_iter': 10000, 'solver': 'sgd'}
015,4,0,66,69.84133982658386,{'activation': 'tanh', 'alpha': 0.0001, 'hidden_layer_sizes': (25,), 'learning_rate': 'adaptive', 'max_iter': 5000, 'solver': 'sgd'}
020,0,0,57,72.81826829910278,{'activation': 'relu', 'alpha': 0.0001, 'hidden_layer_sizes': (50, 25, 50), 'learning_rate': 'constant', 'max_iter': 5000, 'solver': 'sgd'}
020,1,0,64,77.04432487487793,{'activation': 'relu', 'alpha': 0.0001, 'hidden_layer_sizes': (25, 25), 'learning_rate': 'adaptive', 'max_iter': 50000, 'solver': 'sgd'}
020,2,0,51,79.55617570877075,{'activation': 'tanh', 'alpha': 0.0001, 'hidden_layer_sizes': (50,), 'learning_rate': 'invscaling', 'max_iter': 10000, 'solver': 'sgd'}
020,3,0,65,77.62466764450073,{'activation': 'tanh', 'alpha': 0.0001, 'hidden_layer_sizes': (50, 50), 'learning_rate': 'adaptive', 'max_iter': 5000, 'solver': 'sgd'}
020,4,0,68,73.903395652771,{'activation': 'tanh', 'alpha': 0.05, 'hidden_layer_sizes': (25,), 'learning_rate': 'adaptive', 'max_iter': 10000, 'solver': 'sgd'}
030,0,0,67,117.05948305130005,{'activation': 'relu', 'alpha': 0.05, 'hidden_layer_sizes': (50, 25, 50), 'learning_rate': 'adaptive', 'max_iter': 10000, 'solver': 'sgd'}
030,1,0,68,83.64318537712097,{'activation': 'relu', 'alpha': 0.0001, 'hidden_layer_sizes': (25,), 'learning_rate': 'constant', 'max_iter': 10000, 'solver': 'sgd'}
030,2,0,67,86.17886304855347,{'activation': 'logistic', 'alpha': 0.05, 'hidden_layer_sizes': (25,), 'learning_rate': 'adaptive', 'max_iter': 10000, 'solver': 'sgd'}
030,3,0,70,101.85779428482056,{'activation': 'relu', 'alpha': 0.0001, 'hidden_layer_sizes': (50, 50), 'learning_rate': 'adaptive', 'max_iter': 20000, 'solver': 'adam'}
030,4,0,55,159.60870742797852,{'activation': 'tanh', 'alpha': 0.0001, 'hidden_layer_sizes': (50, 25, 50), 'learning_rate': 'adaptive', 'max_iter': 20000, 'solver': 'sgd'}
060,0,0,61,176.95029401779175,{'activation': 'tanh', 'alpha': 0.05, 'hidden_layer_sizes': (25,), 'learning_rate': 'invscaling', 'max_iter': 20000, 'solver': 'adam'}
060,1,0,48,162.83606910705566,{'activation': 'logistic', 'alpha': 0.05, 'hidden_layer_sizes': (25,), 'learning_rate': 'constant', 'max_iter': 50000, 'solver': 'sgd'}
060,2,0,64,123.70588517189026,{'activation': 'relu', 'alpha': 0.0001, 'hidden_layer_sizes': (50, 50), 'learning_rate': 'constant', 'max_iter': 5000, 'solver': 'adam'}
060,3,0,65,130.11659121513367,{'activation': 'relu', 'alpha': 0.0001, 'hidden_layer_sizes': (25,), 'learning_rate': 'constant', 'max_iter': 10000, 'solver': 'sgd'}
060,4,0,54,136.40255069732666,{'activation': 'relu', 'alpha': 0.05, 'hidden_layer_sizes': (50, 50), 'learning_rate': 'adaptive', 'max_iter': 5000, 'solver': 'sgd'}
100,0,0,66,351.5723271369934,{'activation': 'relu', 'alpha': 0.05, 'hidden_layer_sizes': (50,), 'learning_rate': 'adaptive', 'max_iter': 10000, 'solver': 'sgd'}
100,1,0,68,261.8999421596527,{'activation': 'logistic', 'alpha': 0.05, 'hidden_layer_sizes': (50,), 'learning_rate': 'constant', 'max_iter': 5000, 'solver': 'sgd'}
100,2,0,65,185.85993075370789,{'activation': 'tanh', 'alpha': 0.05, 'hidden_layer_sizes': (25,), 'learning_rate': 'invscaling', 'max_iter': 50000, 'solver': 'adam'}
100,3,0,65,277.2866907119751,{'activation': 'logistic', 'alpha': 0.0001, 'hidden_layer_sizes': (50,), 'learning_rate': 'adaptive', 'max_iter': 10000, 'solver': 'sgd'}
100,4,0,70,185.48577046394348,{'activation': 'relu', 'alpha': 0.0001, 'hidden_layer_sizes': (50, 25, 50), 'learning_rate': 'constant', 'max_iter': 10000, 'solver': 'adam'}
005,0,0,58,54.634462118148804,{'activation': 'relu', 'alpha': 0.0001, 'hidden_layer_sizes': (25, 25), 'learning_rate': 'adaptive', 'max_iter': 10000, 'solver': 'sgd'}
005,1,0,48,58.10281419754028,{'activation': 'relu', 'alpha': 0.0001, 'hidden_layer_sizes': (50,), 'learning_rate': 'invscaling', 'max_iter': 5000, 'solver': 'sgd'}
005,2,0,54,58.10433101654053,{'activation': 'tanh', 'alpha': 0.05, 'hidden_layer_sizes': (50, 50), 'learning_rate': 'invscaling', 'max_iter': 10000, 'solver': 'sgd'}
005,3,0,65,54.592055559158325,{'activation': 'logistic', 'alpha': 0.0001, 'hidden_layer_sizes': (50,), 'learning_rate': 'invscaling', 'max_iter': 5000, 'solver': 'sgd'}
005,4,0,51,57.61412787437439,{'activation': 'relu', 'alpha': 0.0001, 'hidden_layer_sizes': (50, 50), 'learning_rate': 'invscaling', 'max_iter': 5000, 'solver': 'sgd'}
010,0,0,56,61.21512818336487,{'activation': 'tanh', 'alpha': 0.05, 'hidden_layer_sizes': (25,), 'learning_rate': 'invscaling', 'max_iter': 5000, 'solver': 'sgd'}
010,1,0,69,65.86533451080322,{'activation': 'logistic', 'alpha': 0.0001, 'hidden_layer_sizes': (25,), 'learning_rate': 'constant', 'max_iter': 20000, 'solver': 'adam'}
010,2,0,42,63.44871211051941,{'activation': 'tanh', 'alpha': 0.05, 'hidden_layer_sizes': (50,), 'learning_rate': 'invscaling', 'max_iter': 10000, 'solver': 'sgd'}
010,3,0,43,64.24655985832214,{'activation': 'tanh', 'alpha': 0.0001, 'hidden_layer_sizes': (25, 25), 'learning_rate': 'invscaling', 'max_iter': 5000, 'solver': 'sgd'}
010,4,0,50,61.16220474243164,{'activation': 'tanh', 'alpha': 0.0001, 'hidden_layer_sizes': (25,), 'learning_rate': 'invscaling', 'max_iter': 10000, 'solver': 'sgd'}
015,0,0,60,72.04334092140198,{'activation': 'relu', 'alpha': 0.05, 'hidden_layer_sizes': (50, 50), 'learning_rate': 'constant', 'max_iter': 50000, 'solver': 'sgd'}
015,1,0,57,72.302330493927,{'activation': 'relu', 'alpha': 0.05, 'hidden_layer_sizes': (25, 25), 'learning_rate': 'constant', 'max_iter': 20000, 'solver': 'sgd'}
015,2,0,66,71.6863226890564,{'activation': 'tanh', 'alpha': 0.0001, 'hidden_layer_sizes': (50,), 'learning_rate': 'adaptive', 'max_iter': 5000, 'solver': 'sgd'}
015,3,0,63,76.00426840782166,{'activation': 'tanh', 'alpha': 0.05, 'hidden_layer_sizes': (25, 25), 'learning_rate': 'adaptive', 'max_iter': 50000, 'solver': 'sgd'}
015,4,0,61,64.51457858085632,{'activation': 'logistic', 'alpha': 0.0001, 'hidden_layer_sizes': (25,), 'learning_rate': 'constant', 'max_iter': 10000, 'solver': 'adam'}
020,0,0,64,70.66920447349548,{'activation': 'tanh', 'alpha': 0.0001, 'hidden_layer_sizes': (25, 25), 'learning_rate': 'adaptive', 'max_iter': 20000, 'solver': 'sgd'}
020,1,0,56,78.0891273021698,{'activation': 'relu', 'alpha': 0.0001, 'hidden_layer_sizes': (50, 50), 'learning_rate': 'invscaling', 'max_iter': 50000, 'solver': 'sgd'}
020,2,0,54,74.06517267227173,{'activation': 'tanh', 'alpha': 0.0001, 'hidden_layer_sizes': (25,), 'learning_rate': 'invscaling', 'max_iter': 10000, 'solver': 'sgd'}
020,3,0,60,76.90107774734497,{'activation': 'relu', 'alpha': 0.05, 'hidden_layer_sizes': (50, 25, 50), 'learning_rate': 'adaptive', 'max_iter': 10000, 'solver': 'sgd'}
020,4,0,59,71.81250858306885,{'activation': 'tanh', 'alpha': 0.05, 'hidden_layer_sizes': (25,), 'learning_rate': 'invscaling', 'max_iter': 20000, 'solver': 'adam'}
030,0,0,60,84.70225310325623,{'activation': 'tanh', 'alpha': 0.0001, 'hidden_layer_sizes': (25, 25), 'learning_rate': 'constant', 'max_iter': 20000, 'solver': 'sgd'}
030,1,0,68,108.62702059745789,{'activation': 'logistic', 'alpha': 0.0001, 'hidden_layer_sizes': (50,), 'learning_rate': 'constant', 'max_iter': 20000, 'solver': 'sgd'}
030,2,0,64,106.03790283203125,{'activation': 'logistic', 'alpha': 0.0001, 'hidden_layer_sizes': (50, 50), 'learning_rate': 'constant', 'max_iter': 5000, 'solver': 'adam'}
030,3,0,71,87.01256966590881,{'activation': 'tanh', 'alpha': 0.0001, 'hidden_layer_sizes': (50,), 'learning_rate': 'adaptive', 'max_iter': 50000, 'solver': 'sgd'}
030,4,0,67,88.5282883644104,{'activation': 'tanh', 'alpha': 0.0001, 'hidden_layer_sizes': (25,), 'learning_rate': 'adaptive', 'max_iter': 20000, 'solver': 'sgd'}
060,0,0,61,173.7583498954773,{'activation': 'logistic', 'alpha': 0.0001, 'hidden_layer_sizes': (25, 25), 'learning_rate': 'invscaling', 'max_iter': 10000, 'solver': 'adam'}
060,1,0,65,124.1053421497345,{'activation': 'logistic', 'alpha': 0.0001, 'hidden_layer_sizes': (25,), 'learning_rate': 'adaptive', 'max_iter': 20000, 'solver': 'sgd'}
060,2,0,69,121.57412338256836,{'activation': 'relu', 'alpha': 0.0001, 'hidden_layer_sizes': (25, 25), 'learning_rate': 'invscaling', 'max_iter': 5000, 'solver': 'adam'}
060,3,0,70,177.02523922920227,{'activation': 'logistic', 'alpha': 0.0001, 'hidden_layer_sizes': (50,), 'learning_rate': 'constant', 'max_iter': 20000, 'solver': 'sgd'}
060,4,0,66,133.23075914382935,{'activation': 'logistic', 'alpha': 0.05, 'hidden_layer_sizes': (25,), 'learning_rate': 'constant', 'max_iter': 10000, 'solver': 'sgd'}
100,0,0,62,213.7760989665985,{'activation': 'relu', 'alpha': 0.0001, 'hidden_layer_sizes': (50, 25, 50), 'learning_rate': 'constant', 'max_iter': 50000, 'solver': 'sgd'}
100,1,0,63,282.5188536643982,{'activation': 'tanh', 'alpha': 0.05, 'hidden_layer_sizes': (25, 25), 'learning_rate': 'constant', 'max_iter': 5000, 'solver': 'sgd'}
100,2,0,58,225.25333499908447,{'activation': 'relu', 'alpha': 0.0001, 'hidden_layer_sizes': (25,), 'learning_rate': 'constant', 'max_iter': 50000, 'solver': 'sgd'}
100,3,0,60,321.29376006126404,{'activation': 'tanh', 'alpha': 0.0001, 'hidden_layer_sizes': (25, 25), 'learning_rate': 'constant', 'max_iter': 10000, 'solver': 'sgd'}
100,4,0,71,187.63395047187805,{'activation': 'relu', 'alpha': 0.05, 'hidden_layer_sizes': (25, 25), 'learning_rate': 'adaptive', 'max_iter': 20000, 'solver': 'sgd'}
005,0,0,54,60.57717275619507,{'activation': 'relu', 'alpha': 0.0001, 'hidden_layer_sizes': (50, 50), 'learning_rate': 'invscaling', 'max_iter': 5000, 'solver': 'sgd'}
005,1,0,53,56.77247071266174,{'activation': 'tanh', 'alpha': 0.0001, 'hidden_layer_sizes': (50, 50), 'learning_rate': 'invscaling', 'max_iter': 50000, 'solver': 'sgd'}
005,2,0,48,57.00664043426514,{'activation': 'tanh', 'alpha': 0.0001, 'hidden_layer_sizes': (25,), 'learning_rate': 'invscaling', 'max_iter': 10000, 'solver': 'sgd'}
005,3,0,51,57.946324586868286,{'activation': 'relu', 'alpha': 0.05, 'hidden_layer_sizes': (50, 50), 'learning_rate': 'invscaling', 'max_iter': 10000, 'solver': 'sgd'}
005,4,0,49,58.43089318275452,{'activation': 'logistic', 'alpha': 0.05, 'hidden_layer_sizes': (50, 50), 'learning_rate': 'adaptive', 'max_iter': 20000, 'solver': 'sgd'}
010,0,0,46,62.77236270904541,{'activation': 'tanh', 'alpha': 0.05, 'hidden_layer_sizes': (50, 25, 50), 'learning_rate': 'invscaling', 'max_iter': 50000, 'solver': 'sgd'}
010,1,0,52,63.38382053375244,{'activation': 'relu', 'alpha': 0.0001, 'hidden_layer_sizes': (25, 25), 'learning_rate': 'invscaling', 'max_iter': 50000, 'solver': 'sgd'}
010,2,0,61,67.8912250995636,{'activation': 'tanh', 'alpha': 0.0001, 'hidden_layer_sizes': (25, 25), 'learning_rate': 'adaptive', 'max_iter': 10000, 'solver': 'sgd'}
010,3,0,51,64.07925152778625,{'activation': 'relu', 'alpha': 0.05, 'hidden_layer_sizes': (25,), 'learning_rate': 'invscaling', 'max_iter': 20000, 'solver': 'sgd'}
010,4,0,47,62.26468801498413,{'activation': 'relu', 'alpha': 0.0001, 'hidden_layer_sizes': (25,), 'learning_rate': 'invscaling', 'max_iter': 50000, 'solver': 'sgd'}
015,0,0,64,72.79385280609131,{'activation': 'tanh', 'alpha': 0.0001, 'hidden_layer_sizes': (50, 50), 'learning_rate': 'adaptive', 'max_iter': 50000, 'solver': 'adam'}
015,1,0,48,73.02929496765137,{'activation': 'relu', 'alpha': 0.0001, 'hidden_layer_sizes': (50,), 'learning_rate': 'invscaling', 'max_iter': 5000, 'solver': 'sgd'}
015,2,0,63,71.01053929328918,{'activation': 'relu', 'alpha': 0.05, 'hidden_layer_sizes': (25, 25), 'learning_rate': 'adaptive', 'max_iter': 20000, 'solver': 'adam'}
015,3,0,56,71.92805671691895,{'activation': 'tanh', 'alpha': 0.0001, 'hidden_layer_sizes': (50,), 'learning_rate': 'invscaling', 'max_iter': 10000, 'solver': 'sgd'}
015,4,0,60,68.31015706062317,{'activation': 'relu', 'alpha': 0.0001, 'hidden_layer_sizes': (50, 50), 'learning_rate': 'invscaling', 'max_iter': 10000, 'solver': 'adam'}
020,0,0,64,73.34408068656921,{'activation': 'tanh', 'alpha': 0.0001, 'hidden_layer_sizes': (50, 50), 'learning_rate': 'constant', 'max_iter': 20000, 'solver': 'sgd'}
020,1,0,68,77.16944980621338,{'activation': 'tanh', 'alpha': 0.0001, 'hidden_layer_sizes': (25,), 'learning_rate': 'adaptive', 'max_iter': 50000, 'solver': 'sgd'}
020,2,0,46,76.10202050209045,{'activation': 'relu', 'alpha': 0.05, 'hidden_layer_sizes': (50, 50), 'learning_rate': 'invscaling', 'max_iter': 20000, 'solver': 'sgd'}
020,3,0,68,79.39297246932983,{'activation': 'tanh', 'alpha': 0.0001, 'hidden_layer_sizes': (50, 25, 50), 'learning_rate': 'constant', 'max_iter': 5000, 'solver': 'sgd'}
020,4,0,55,73.32819557189941,{'activation': 'tanh', 'alpha': 0.0001, 'hidden_layer_sizes': (50, 50), 'learning_rate': 'invscaling', 'max_iter': 10000, 'solver': 'sgd'}
030,0,0,56,190.52569460868835,{'activation': 'relu', 'alpha': 0.0001, 'hidden_layer_sizes': (50, 25, 50), 'learning_rate': 'adaptive', 'max_iter': 20000, 'solver': 'sgd'}
030,1,0,69,218.90197229385376,{'activation': 'relu', 'alpha': 0.05, 'hidden_layer_sizes': (50, 50), 'learning_rate': 'adaptive', 'max_iter': 10000, 'solver': 'sgd'}
030,2,0,67,89.13318729400635,{'activation': 'tanh', 'alpha': 0.05, 'hidden_layer_sizes': (25, 25), 'learning_rate': 'constant', 'max_iter': 10000, 'solver': 'sgd'}
030,3,0,68,84.41812515258789,{'activation': 'tanh', 'alpha': 0.05, 'hidden_layer_sizes': (25,), 'learning_rate': 'constant', 'max_iter': 20000, 'solver': 'sgd'}
030,4,0,67,87.04157042503357,{'activation': 'logistic', 'alpha': 0.05, 'hidden_layer_sizes': (25,), 'learning_rate': 'adaptive', 'max_iter': 20000, 'solver': 'sgd'}
060,0,0,70,273.82067036628723,{'activation': 'relu', 'alpha': 0.05, 'hidden_layer_sizes': (25, 25), 'learning_rate': 'constant', 'max_iter': 5000, 'solver': 'sgd'}
060,1,0,59,125.91520595550537,{'activation': 'logistic', 'alpha': 0.05, 'hidden_layer_sizes': (25, 25), 'learning_rate': 'constant', 'max_iter': 50000, 'solver': 'adam'}
060,2,0,63,147.55534958839417,{'activation': 'relu', 'alpha': 0.05, 'hidden_layer_sizes': (25, 25), 'learning_rate': 'constant', 'max_iter': 5000, 'solver': 'adam'}
060,3,0,64,263.26910948753357,{'activation': 'tanh', 'alpha': 0.05, 'hidden_layer_sizes': (25,), 'learning_rate': 'adaptive', 'max_iter': 10000, 'solver': 'sgd'}
060,4,0,68,188.6754982471466,{'activation': 'logistic', 'alpha': 0.0001, 'hidden_layer_sizes': (50,), 'learning_rate': 'adaptive', 'max_iter': 10000, 'solver': 'sgd'}
100,0,0,66,249.22290134429932,{'activation': 'logistic', 'alpha': 0.0001, 'hidden_layer_sizes': (50,), 'learning_rate': 'adaptive', 'max_iter': 5000, 'solver': 'sgd'}
100,1,0,66,264.9640529155731,{'activation': 'logistic', 'alpha': 0.05, 'hidden_layer_sizes': (50,), 'learning_rate': 'adaptive', 'max_iter': 5000, 'solver': 'sgd'}
100,2,0,68,187.31137943267822,{'activation': 'logistic', 'alpha': 0.05, 'hidden_layer_sizes': (50,), 'learning_rate': 'adaptive', 'max_iter': 5000, 'solver': 'sgd'}
100,3,0,55,247.2873978614807,{'activation': 'relu', 'alpha': 0.05, 'hidden_layer_sizes': (50, 25, 50), 'learning_rate': 'constant', 'max_iter': 10000, 'solver': 'sgd'}
100,4,0,66,211.78685569763184,{'activation': 'tanh', 'alpha': 0.0001, 'hidden_layer_sizes': (25,), 'learning_rate': 'constant', 'max_iter': 20000, 'solver': 'adam'}
005,0,0,60,59.43386387825012,{'activation': 'relu', 'alpha': 0.05, 'hidden_layer_sizes': (50, 25, 50), 'learning_rate': 'constant', 'max_iter': 5000, 'solver': 'sgd'}
005,1,0,68,57.58552408218384,{'activation': 'logistic', 'alpha': 0.0001, 'hidden_layer_sizes': (25,), 'learning_rate': 'constant', 'max_iter': 5000, 'solver': 'sgd'}
005,2,0,52,57.34851121902466,{'activation': 'tanh', 'alpha': 0.05, 'hidden_layer_sizes': (25, 25), 'learning_rate': 'invscaling', 'max_iter': 50000, 'solver': 'sgd'}
005,3,0,52,57.30215930938721,{'activation': 'tanh', 'alpha': 0.0001, 'hidden_layer_sizes': (25, 25), 'learning_rate': 'invscaling', 'max_iter': 20000, 'solver': 'sgd'}
005,4,0,48,57.09211254119873,{'activation': 'relu', 'alpha': 0.0001, 'hidden_layer_sizes': (25,), 'learning_rate': 'invscaling', 'max_iter': 10000, 'solver': 'sgd'}
010,0,0,53,61.68280625343323,{'activation': 'relu', 'alpha': 0.05, 'hidden_layer_sizes': (25, 25), 'learning_rate': 'invscaling', 'max_iter': 50000, 'solver': 'sgd'}
010,1,0,50,65.18552803993225,{'activation': 'tanh', 'alpha': 0.0001, 'hidden_layer_sizes': (25, 25), 'learning_rate': 'invscaling', 'max_iter': 10000, 'solver': 'sgd'}
010,2,0,53,63.63124227523804,{'activation': 'relu', 'alpha': 0.0001, 'hidden_layer_sizes': (50, 25, 50), 'learning_rate': 'invscaling', 'max_iter': 10000, 'solver': 'sgd'}
010,3,0,66,61.79951071739197,{'activation': 'relu', 'alpha': 0.0001, 'hidden_layer_sizes': (25, 25), 'learning_rate': 'adaptive', 'max_iter': 50000, 'solver': 'adam'}
010,4,0,52,61.762622356414795,{'activation': 'tanh', 'alpha': 0.0001, 'hidden_layer_sizes': (50, 50), 'learning_rate': 'invscaling', 'max_iter': 5000, 'solver': 'sgd'}
015,0,0,63,70.96597337722778,{'activation': 'logistic', 'alpha': 0.0001, 'hidden_layer_sizes': (25, 25), 'learning_rate': 'constant', 'max_iter': 10000, 'solver': 'adam'}
015,1,0,54,69.3819465637207,{'activation': 'tanh', 'alpha': 0.05, 'hidden_layer_sizes': (50,), 'learning_rate': 'invscaling', 'max_iter': 5000, 'solver': 'sgd'}
015,2,0,50,67.92907977104187,{'activation': 'relu', 'alpha': 0.05, 'hidden_layer_sizes': (50,), 'learning_rate': 'invscaling', 'max_iter': 50000, 'solver': 'sgd'}
015,3,0,50,74.33819842338562,{'activation': 'tanh', 'alpha': 0.0001, 'hidden_layer_sizes': (50,), 'learning_rate': 'invscaling', 'max_iter': 10000, 'solver': 'sgd'}
015,4,0,63,67.06895637512207,{'activation': 'logistic', 'alpha': 0.0001, 'hidden_layer_sizes': (25,), 'learning_rate': 'invscaling', 'max_iter': 50000, 'solver': 'adam'}
020,0,0,66,69.94184851646423,{'activation': 'tanh', 'alpha': 0.0001, 'hidden_layer_sizes': (25,), 'learning_rate': 'adaptive', 'max_iter': 10000, 'solver': 'sgd'}
020,1,0,50,75.12662076950073,{'activation': 'relu', 'alpha': 0.0001, 'hidden_layer_sizes': (50,), 'learning_rate': 'invscaling', 'max_iter': 20000, 'solver': 'sgd'}
020,2,0,53,76.75188660621643,{'activation': 'tanh', 'alpha': 0.05, 'hidden_layer_sizes': (25,), 'learning_rate': 'invscaling', 'max_iter': 10000, 'solver': 'sgd'}
020,3,0,67,74.85463809967041,{'activation': 'tanh', 'alpha': 0.05, 'hidden_layer_sizes': (50,), 'learning_rate': 'adaptive', 'max_iter': 20000, 'solver': 'sgd'}
020,4,0,66,75.91863250732422,{'activation': 'tanh', 'alpha': 0.05, 'hidden_layer_sizes': (50,), 'learning_rate': 'constant', 'max_iter': 5000, 'solver': 'sgd'}
030,0,0,69,85.9887306690216,{'activation': 'relu', 'alpha': 0.0001, 'hidden_layer_sizes': (25,), 'learning_rate': 'adaptive', 'max_iter': 50000, 'solver': 'sgd'}
030,1,0,65,97.096107006073,{'activation': 'relu', 'alpha': 0.0001, 'hidden_layer_sizes': (50, 50), 'learning_rate': 'constant', 'max_iter': 10000, 'solver': 'adam'}
030,2,0,69,85.54646301269531,{'activation': 'logistic', 'alpha': 0.0001, 'hidden_layer_sizes': (50,), 'learning_rate': 'constant', 'max_iter': 10000, 'solver': 'sgd'}
030,3,0,68,93.829421043396,{'activation': 'relu', 'alpha': 0.05, 'hidden_layer_sizes': (50, 50), 'learning_rate': 'adaptive', 'max_iter': 50000, 'solver': 'adam'}
030,4,0,67,85.70535373687744,{'activation': 'logistic', 'alpha': 0.05, 'hidden_layer_sizes': (25,), 'learning_rate': 'adaptive', 'max_iter': 5000, 'solver': 'sgd'}
060,0,0,69,152.21392107009888,{'activation': 'logistic', 'alpha': 0.0001, 'hidden_layer_sizes': (25,), 'learning_rate': 'adaptive', 'max_iter': 20000, 'solver': 'sgd'}
060,1,0,66,147.45427227020264,{'activation': 'tanh', 'alpha': 0.05, 'hidden_layer_sizes': (50, 50), 'learning_rate': 'constant', 'max_iter': 50000, 'solver': 'adam'}
060,2,0,68,159.148535490036,{'activation': 'relu', 'alpha': 0.0001, 'hidden_layer_sizes': (50,), 'learning_rate': 'adaptive', 'max_iter': 50000, 'solver': 'adam'}
060,3,0,71,177.24312210083008,{'activation': 'relu', 'alpha': 0.05, 'hidden_layer_sizes': (50,), 'learning_rate': 'adaptive', 'max_iter': 50000, 'solver': 'sgd'}
060,4,0,68,127.33271908760071,{'activation': 'logistic', 'alpha': 0.0001, 'hidden_layer_sizes': (50,), 'learning_rate': 'constant', 'max_iter': 20000, 'solver': 'sgd'}
100,0,0,68,299.84374165534973,{'activation': 'relu', 'alpha': 0.05, 'hidden_layer_sizes': (50, 25, 50), 'learning_rate': 'constant', 'max_iter': 5000, 'solver': 'sgd'}
100,1,0,64,201.1862370967865,{'activation': 'logistic', 'alpha': 0.0001, 'hidden_layer_sizes': (50,), 'learning_rate': 'constant', 'max_iter': 5000, 'solver': 'sgd'}
100,2,0,65,182.67265462875366,{'activation': 'relu', 'alpha': 0.0001, 'hidden_layer_sizes': (50, 50), 'learning_rate': 'constant', 'max_iter': 50000, 'solver': 'adam'}
100,3,0,68,183.94580340385437,{'activation': 'tanh', 'alpha': 0.0001, 'hidden_layer_sizes': (25,), 'learning_rate': 'constant', 'max_iter': 10000, 'solver': 'adam'}
100,4,0,64,243.78459095954895,{'activation': 'tanh', 'alpha': 0.05, 'hidden_layer_sizes': (25,), 'learning_rate': 'constant', 'max_iter': 5000, 'solver': 'sgd'}
005,0,0,52,59.27262878417969,{'activation': 'relu', 'alpha': 0.0001, 'hidden_layer_sizes': (50, 25, 50), 'learning_rate': 'invscaling', 'max_iter': 10000, 'solver': 'sgd'}
005,1,0,59,56.06968355178833,{'activation': 'tanh', 'alpha': 0.0001, 'hidden_layer_sizes': (25, 25), 'learning_rate': 'constant', 'max_iter': 5000, 'solver': 'sgd'}
005,2,0,58,55.8718159198761,{'activation': 'tanh', 'alpha': 0.05, 'hidden_layer_sizes': (50, 25, 50), 'learning_rate': 'invscaling', 'max_iter': 50000, 'solver': 'sgd'}
005,3,0,53,58.54671549797058,{'activation': 'tanh', 'alpha': 0.05, 'hidden_layer_sizes': (50, 50), 'learning_rate': 'invscaling', 'max_iter': 5000, 'solver': 'sgd'}
005,4,0,50,59.143245697021484,{'activation': 'tanh', 'alpha': 0.05, 'hidden_layer_sizes': (25, 25), 'learning_rate': 'invscaling', 'max_iter': 20000, 'solver': 'sgd'}
010,0,0,61,60.73655128479004,{'activation': 'tanh', 'alpha': 0.05, 'hidden_layer_sizes': (50, 50), 'learning_rate': 'adaptive', 'max_iter': 50000, 'solver': 'sgd'}
010,1,0,50,67.37534499168396,{'activation': 'relu', 'alpha': 0.05, 'hidden_layer_sizes': (25,), 'learning_rate': 'invscaling', 'max_iter': 20000, 'solver': 'sgd'}
010,2,0,65,68.30799913406372,{'activation': 'logistic', 'alpha': 0.05, 'hidden_layer_sizes': (25, 25), 'learning_rate': 'invscaling', 'max_iter': 5000, 'solver': 'adam'}
010,3,0,50,63.750497341156006,{'activation': 'logistic', 'alpha': 0.05, 'hidden_layer_sizes': (50,), 'learning_rate': 'invscaling', 'max_iter': 20000, 'solver': 'sgd'}
010,4,0,57,62.09032440185547,{'activation': 'relu', 'alpha': 0.0001, 'hidden_layer_sizes': (50,), 'learning_rate': 'invscaling', 'max_iter': 50000, 'solver': 'sgd'}
015,0,0,55,71.13296318054199,{'activation': 'logistic', 'alpha': 0.05, 'hidden_layer_sizes': (25,), 'learning_rate': 'constant', 'max_iter': 20000, 'solver': 'sgd'}
015,1,0,52,74.05423212051392,{'activation': 'tanh', 'alpha': 0.0001, 'hidden_layer_sizes': (25, 25), 'learning_rate': 'invscaling', 'max_iter': 20000, 'solver': 'sgd'}
015,2,0,53,68.28561305999756,{'activation': 'tanh', 'alpha': 0.05, 'hidden_layer_sizes': (25, 25), 'learning_rate': 'invscaling', 'max_iter': 50000, 'solver': 'sgd'}
015,3,0,50,73.69241404533386,{'activation': 'tanh', 'alpha': 0.0001, 'hidden_layer_sizes': (50, 50), 'learning_rate': 'invscaling', 'max_iter': 10000, 'solver': 'sgd'}
015,4,0,64,64.52045798301697,{'activation': 'tanh', 'alpha': 0.05, 'hidden_layer_sizes': (50,), 'learning_rate': 'adaptive', 'max_iter': 20000, 'solver': 'sgd'}
020,0,0,70,74.08292007446289,{'activation': 'relu', 'alpha': 0.0001, 'hidden_layer_sizes': (50, 50), 'learning_rate': 'adaptive', 'max_iter': 50000, 'solver': 'sgd'}
020,1,0,72,78.64977836608887,{'activation': 'relu', 'alpha': 0.0001, 'hidden_layer_sizes': (50, 25, 50), 'learning_rate': 'constant', 'max_iter': 20000, 'solver': 'adam'}
020,2,0,68,78.0891842842102,{'activation': 'logistic', 'alpha': 0.0001, 'hidden_layer_sizes': (25,), 'learning_rate': 'adaptive', 'max_iter': 5000, 'solver': 'sgd'}
020,3,0,53,74.10633754730225,{'activation': 'tanh', 'alpha': 0.05, 'hidden_layer_sizes': (50, 25, 50), 'learning_rate': 'invscaling', 'max_iter': 10000, 'solver': 'sgd'}
020,4,0,57,76.03488397598267,{'activation': 'tanh', 'alpha': 0.0001, 'hidden_layer_sizes': (25,), 'learning_rate': 'adaptive', 'max_iter': 20000, 'solver': 'adam'}
030,0,0,66,211.73412251472473,{'activation': 'logistic', 'alpha': 0.05, 'hidden_layer_sizes': (50,), 'learning_rate': 'adaptive', 'max_iter': 5000, 'solver': 'sgd'}
030,1,0,69,213.3216257095337,{'activation': 'relu', 'alpha': 0.0001, 'hidden_layer_sizes': (50, 50), 'learning_rate': 'constant', 'max_iter': 20000, 'solver': 'sgd'}
030,2,0,73,84.57686734199524,{'activation': 'logistic', 'alpha': 0.0001, 'hidden_layer_sizes': (50,), 'learning_rate': 'constant', 'max_iter': 20000, 'solver': 'sgd'}
030,3,0,50,103.83847784996033,{'activation': 'relu', 'alpha': 0.05, 'hidden_layer_sizes': (50, 50), 'learning_rate': 'invscaling', 'max_iter': 10000, 'solver': 'sgd'}
030,4,0,68,88.02268481254578,{'activation': 'logistic', 'alpha': 0.0001, 'hidden_layer_sizes': (25,), 'learning_rate': 'adaptive', 'max_iter': 5000, 'solver': 'sgd'}
060,0,0,68,238.82958221435547,{'activation': 'tanh', 'alpha': 0.05, 'hidden_layer_sizes': (25,), 'learning_rate': 'constant', 'max_iter': 10000, 'solver': 'sgd'}
060,1,0,61,128.70241856575012,{'activation': 'relu', 'alpha': 0.0001, 'hidden_layer_sizes': (25, 25), 'learning_rate': 'adaptive', 'max_iter': 20000, 'solver': 'sgd'}
060,2,0,64,126.76206922531128,{'activation': 'tanh', 'alpha': 0.05, 'hidden_layer_sizes': (25, 25), 'learning_rate': 'adaptive', 'max_iter': 50000, 'solver': 'sgd'}
060,3,0,72,239.83034229278564,{'activation': 'logistic', 'alpha': 0.05, 'hidden_layer_sizes': (25,), 'learning_rate': 'adaptive', 'max_iter': 20000, 'solver': 'sgd'}
060,4,0,68,127.02045202255249,{'activation': 'relu', 'alpha': 0.05, 'hidden_layer_sizes': (50, 25, 50), 'learning_rate': 'adaptive', 'max_iter': 10000, 'solver': 'adam'}
100,0,0,63,229.51724076271057,{'activation': 'logistic', 'alpha': 0.05, 'hidden_layer_sizes': (25,), 'learning_rate': 'adaptive', 'max_iter': 20000, 'solver': 'sgd'}
100,1,0,65,527.3909676074982,{'activation': 'tanh', 'alpha': 0.0001, 'hidden_layer_sizes': (50, 50), 'learning_rate': 'constant', 'max_iter': 50000, 'solver': 'sgd'}
100,2,0,56,287.4062147140503,{'activation': 'relu', 'alpha': 0.0001, 'hidden_layer_sizes': (50, 25, 50), 'learning_rate': 'adaptive', 'max_iter': 5000, 'solver': 'sgd'}
100,3,0,60,265.041291475296,{'activation': 'tanh', 'alpha': 0.0001, 'hidden_layer_sizes': (50,), 'learning_rate': 'adaptive', 'max_iter': 5000, 'solver': 'sgd'}
100,4,0,70,179.6606321334839,{'activation': 'relu', 'alpha': 0.05, 'hidden_layer_sizes': (50, 25, 50), 'learning_rate': 'constant', 'max_iter': 5000, 'solver': 'adam'}
005,0,0,63,60.243194580078125,{'activation': 'relu', 'alpha': 0.0001, 'hidden_layer_sizes': (50, 50), 'learning_rate': 'constant', 'max_iter': 50000, 'solver': 'sgd'}
005,1,0,57,56.41706895828247,{'activation': 'tanh', 'alpha': 0.0001, 'hidden_layer_sizes': (50,), 'learning_rate': 'invscaling', 'max_iter': 50000, 'solver': 'sgd'}
005,2,0,58,56.317643880844116,{'activation': 'tanh', 'alpha': 0.05, 'hidden_layer_sizes': (25, 25), 'learning_rate': 'invscaling', 'max_iter': 5000, 'solver': 'sgd'}
005,3,0,56,56.39446687698364,{'activation': 'tanh', 'alpha': 0.0001, 'hidden_layer_sizes': (50, 50), 'learning_rate': 'invscaling', 'max_iter': 50000, 'solver': 'sgd'}
005,4,0,60,54.60351085662842,{'activation': 'relu', 'alpha': 0.0001, 'hidden_layer_sizes': (25, 25), 'learning_rate': 'invscaling', 'max_iter': 10000, 'solver': 'sgd'}
010,0,0,56,63.56134390830994,{'activation': 'tanh', 'alpha': 0.05, 'hidden_layer_sizes': (50, 25, 50), 'learning_rate': 'invscaling', 'max_iter': 5000, 'solver': 'sgd'}
010,1,0,64,65.51579570770264,{'activation': 'logistic', 'alpha': 0.0001, 'hidden_layer_sizes': (25,), 'learning_rate': 'constant', 'max_iter': 5000, 'solver': 'adam'}
010,2,0,57,62.42582154273987,{'activation': 'tanh', 'alpha': 0.05, 'hidden_layer_sizes': (50, 50), 'learning_rate': 'invscaling', 'max_iter': 10000, 'solver': 'sgd'}
010,3,0,64,64.91409826278687,{'activation': 'relu', 'alpha': 0.0001, 'hidden_layer_sizes': (25, 25), 'learning_rate': 'adaptive', 'max_iter': 5000, 'solver': 'sgd'}
010,4,0,50,64.59690141677856,{'activation': 'tanh', 'alpha': 0.05, 'hidden_layer_sizes': (25, 25), 'learning_rate': 'invscaling', 'max_iter': 50000, 'solver': 'sgd'}
015,0,0,62,70.52003765106201,{'activation': 'logistic', 'alpha': 0.0001, 'hidden_layer_sizes': (50,), 'learning_rate': 'invscaling', 'max_iter': 20000, 'solver': 'adam'}
015,1,0,56,70.96614789962769,{'activation': 'tanh', 'alpha': 0.05, 'hidden_layer_sizes': (25,), 'learning_rate': 'invscaling', 'max_iter': 50000, 'solver': 'sgd'}
015,2,0,65,71.76320695877075,{'activation': 'tanh', 'alpha': 0.0001, 'hidden_layer_sizes': (25,), 'learning_rate': 'constant', 'max_iter': 20000, 'solver': 'sgd'}
015,3,0,53,76.17652177810669,{'activation': 'tanh', 'alpha': 0.05, 'hidden_layer_sizes': (50,), 'learning_rate': 'invscaling', 'max_iter': 50000, 'solver': 'sgd'}
015,4,0,68,66.66476941108704,{'activation': 'logistic', 'alpha': 0.05, 'hidden_layer_sizes': (25,), 'learning_rate': 'adaptive', 'max_iter': 20000, 'solver': 'adam'}
020,0,0,56,70.42229557037354,{'activation': 'tanh', 'alpha': 0.05, 'hidden_layer_sizes': (50, 25, 50), 'learning_rate': 'constant', 'max_iter': 5000, 'solver': 'sgd'}
020,1,0,64,80.40351819992065,{'activation': 'tanh', 'alpha': 0.0001, 'hidden_layer_sizes': (50, 50), 'learning_rate': 'adaptive', 'max_iter': 50000, 'solver': 'sgd'}
020,2,0,60,76.66894865036011,{'activation': 'tanh', 'alpha': 0.05, 'hidden_layer_sizes': (25, 25), 'learning_rate': 'adaptive', 'max_iter': 20000, 'solver': 'sgd'}
020,3,0,66,77.82177019119263,{'activation': 'tanh', 'alpha': 0.0001, 'hidden_layer_sizes': (25,), 'learning_rate': 'adaptive', 'max_iter': 5000, 'solver': 'sgd'}
020,4,0,66,71.13802194595337,{'activation': 'logistic', 'alpha': 0.0001, 'hidden_layer_sizes': (25,), 'learning_rate': 'constant', 'max_iter': 10000, 'solver': 'sgd'}
030,0,0,63,87.04542946815491,{'activation': 'relu', 'alpha': 0.0001, 'hidden_layer_sizes': (25,), 'learning_rate': 'adaptive', 'max_iter': 50000, 'solver': 'sgd'}
030,1,0,62,96.87587690353394,{'activation': 'relu', 'alpha': 0.0001, 'hidden_layer_sizes': (50, 25, 50), 'learning_rate': 'adaptive', 'max_iter': 20000, 'solver': 'sgd'}
030,2,0,50,85.08410716056824,{'activation': 'tanh', 'alpha': 0.0001, 'hidden_layer_sizes': (50,), 'learning_rate': 'invscaling', 'max_iter': 10000, 'solver': 'sgd'}
030,3,0,69,83.61086392402649,{'activation': 'tanh', 'alpha': 0.0001, 'hidden_layer_sizes': (25,), 'learning_rate': 'adaptive', 'max_iter': 10000, 'solver': 'adam'}
030,4,0,66,85.18772959709167,{'activation': 'relu', 'alpha': 0.05, 'hidden_layer_sizes': (25,), 'learning_rate': 'constant', 'max_iter': 10000, 'solver': 'sgd'}
060,0,0,67,122.0192699432373,{'activation': 'logistic', 'alpha': 0.0001, 'hidden_layer_sizes': (50,), 'learning_rate': 'adaptive', 'max_iter': 50000, 'solver': 'sgd'}
060,1,0,68,158.8249545097351,{'activation': 'logistic', 'alpha': 0.0001, 'hidden_layer_sizes': (50,), 'learning_rate': 'adaptive', 'max_iter': 50000, 'solver': 'sgd'}
060,2,0,67,176.6746964454651,{'activation': 'relu', 'alpha': 0.0001, 'hidden_layer_sizes': (50, 50), 'learning_rate': 'invscaling', 'max_iter': 50000, 'solver': 'adam'}
060,3,0,69,124.38743305206299,{'activation': 'relu', 'alpha': 0.0001, 'hidden_layer_sizes': (50, 50), 'learning_rate': 'adaptive', 'max_iter': 5000, 'solver': 'adam'}
060,4,0,66,129.287752866745,{'activation': 'logistic', 'alpha': 0.0001, 'hidden_layer_sizes': (25,), 'learning_rate': 'adaptive', 'max_iter': 5000, 'solver': 'sgd'}
100,0,0,68,182.8927960395813,{'activation': 'logistic', 'alpha': 0.05, 'hidden_layer_sizes': (50,), 'learning_rate': 'adaptive', 'max_iter': 10000, 'solver': 'sgd'}
100,1,0,67,185.64371013641357,{'activation': 'tanh', 'alpha': 0.05, 'hidden_layer_sizes': (50, 50), 'learning_rate': 'invscaling', 'max_iter': 20000, 'solver': 'adam'}
100,2,0,60,186.07992696762085,{'activation': 'tanh', 'alpha': 0.05, 'hidden_layer_sizes': (25,), 'learning_rate': 'constant', 'max_iter': 5000, 'solver': 'sgd'}
100,3,0,64,185.8784523010254,{'activation': 'logistic', 'alpha': 0.05, 'hidden_layer_sizes': (25,), 'learning_rate': 'adaptive', 'max_iter': 10000, 'solver': 'sgd'}
100,4,0,66,184.70642733573914,{'activation': 'logistic', 'alpha': 0.05, 'hidden_layer_sizes': (25,), 'learning_rate': 'adaptive', 'max_iter': 5000, 'solver': 'sgd'}
005,0,0,46,55.9567756652832,{'activation': 'logistic', 'alpha': 0.0001, 'hidden_layer_sizes': (50, 50), 'learning_rate': 'adaptive', 'max_iter': 5000, 'solver': 'sgd'}
005,1,0,62,58.57496762275696,{'activation': 'logistic', 'alpha': 0.0001, 'hidden_layer_sizes': (25,), 'learning_rate': 'adaptive', 'max_iter': 50000, 'solver': 'adam'}
005,2,0,58,61.235082387924194,{'activation': 'relu', 'alpha': 0.05, 'hidden_layer_sizes': (25,), 'learning_rate': 'invscaling', 'max_iter': 10000, 'solver': 'sgd'}
005,3,0,48,57.009618282318115,{'activation': 'logistic', 'alpha': 0.0001, 'hidden_layer_sizes': (25,), 'learning_rate': 'invscaling', 'max_iter': 50000, 'solver': 'sgd'}
005,4,0,50,56.67830514907837,{'activation': 'logistic', 'alpha': 0.0001, 'hidden_layer_sizes': (50, 50), 'learning_rate': 'adaptive', 'max_iter': 20000, 'solver': 'sgd'}
010,0,0,58,62.935274600982666,{'activation': 'logistic', 'alpha': 0.05, 'hidden_layer_sizes': (50, 50), 'learning_rate': 'adaptive', 'max_iter': 50000, 'solver': 'sgd'}
010,1,0,62,62.864485025405884,{'activation': 'relu', 'alpha': 0.0001, 'hidden_layer_sizes': (50, 25, 50), 'learning_rate': 'adaptive', 'max_iter': 10000, 'solver': 'sgd'}
010,2,0,48,66.542062997818,{'activation': 'tanh', 'alpha': 0.05, 'hidden_layer_sizes': (50,), 'learning_rate': 'invscaling', 'max_iter': 50000, 'solver': 'sgd'}
010,3,0,69,65.40298867225647,{'activation': 'logistic', 'alpha': 0.0001, 'hidden_layer_sizes': (50,), 'learning_rate': 'adaptive', 'max_iter': 5000, 'solver': 'adam'}
010,4,0,63,62.78693127632141,{'activation': 'tanh', 'alpha': 0.0001, 'hidden_layer_sizes': (25, 25), 'learning_rate': 'adaptive', 'max_iter': 5000, 'solver': 'sgd'}
015,0,0,61,71.68676710128784,{'activation': 'tanh', 'alpha': 0.0001, 'hidden_layer_sizes': (25,), 'learning_rate': 'invscaling', 'max_iter': 10000, 'solver': 'adam'}
015,1,0,51,74.38792061805725,{'activation': 'relu', 'alpha': 0.0001, 'hidden_layer_sizes': (25,), 'learning_rate': 'invscaling', 'max_iter': 50000, 'solver': 'sgd'}
015,2,0,61,70.88053607940674,{'activation': 'relu', 'alpha': 0.05, 'hidden_layer_sizes': (25,), 'learning_rate': 'constant', 'max_iter': 50000, 'solver': 'sgd'}
015,3,0,46,72.59062170982361,{'activation': 'tanh', 'alpha': 0.05, 'hidden_layer_sizes': (50,), 'learning_rate': 'invscaling', 'max_iter': 5000, 'solver': 'sgd'}
015,4,0,55,69.36021256446838,{'activation': 'tanh', 'alpha': 0.05, 'hidden_layer_sizes': (50,), 'learning_rate': 'invscaling', 'max_iter': 20000, 'solver': 'sgd'}
020,0,0,68,72.67054438591003,{'activation': 'tanh', 'alpha': 0.0001, 'hidden_layer_sizes': (25, 25), 'learning_rate': 'constant', 'max_iter': 50000, 'solver': 'adam'}
020,1,0,67,76.7643620967865,{'activation': 'tanh', 'alpha': 0.0001, 'hidden_layer_sizes': (25, 25), 'learning_rate': 'constant', 'max_iter': 10000, 'solver': 'sgd'}
020,2,0,44,79.14504671096802,{'activation': 'tanh', 'alpha': 0.05, 'hidden_layer_sizes': (50, 50), 'learning_rate': 'invscaling', 'max_iter': 20000, 'solver': 'sgd'}
020,3,0,68,79.41995143890381,{'activation': 'logistic', 'alpha': 0.0001, 'hidden_layer_sizes': (25,), 'learning_rate': 'constant', 'max_iter': 5000, 'solver': 'sgd'}
020,4,0,60,76.82991647720337,{'activation': 'logistic', 'alpha': 0.05, 'hidden_layer_sizes': (25, 25), 'learning_rate': 'constant', 'max_iter': 50000, 'solver': 'adam'}
030,0,0,67,87.63709616661072,{'activation': 'tanh', 'alpha': 0.0001, 'hidden_layer_sizes': (50, 25, 50), 'learning_rate': 'adaptive', 'max_iter': 5000, 'solver': 'sgd'}
030,1,0,50,126.1865587234497,{'activation': 'relu', 'alpha': 0.0001, 'hidden_layer_sizes': (50,), 'learning_rate': 'invscaling', 'max_iter': 20000, 'solver': 'sgd'}
030,2,0,48,88.80271053314209,{'activation': 'relu', 'alpha': 0.05, 'hidden_layer_sizes': (25,), 'learning_rate': 'invscaling', 'max_iter': 5000, 'solver': 'sgd'}
030,3,0,67,146.119145154953,{'activation': 'tanh', 'alpha': 0.0001, 'hidden_layer_sizes': (50, 50), 'learning_rate': 'adaptive', 'max_iter': 10000, 'solver': 'sgd'}
030,4,0,67,88.47743535041809,{'activation': 'logistic', 'alpha': 0.05, 'hidden_layer_sizes': (25,), 'learning_rate': 'constant', 'max_iter': 20000, 'solver': 'sgd'}
060,0,0,64,287.4985177516937,{'activation': 'relu', 'alpha': 0.0001, 'hidden_layer_sizes': (50, 25, 50), 'learning_rate': 'constant', 'max_iter': 10000, 'solver': 'sgd'}
060,1,0,59,130.30889630317688,{'activation': 'relu', 'alpha': 0.05, 'hidden_layer_sizes': (25,), 'learning_rate': 'adaptive', 'max_iter': 10000, 'solver': 'sgd'}
060,2,0,66,121.23071599006653,{'activation': 'relu', 'alpha': 0.05, 'hidden_layer_sizes': (25,), 'learning_rate': 'invscaling', 'max_iter': 50000, 'solver': 'adam'}
060,3,0,69,240.82163381576538,{'activation': 'logistic', 'alpha': 0.0001, 'hidden_layer_sizes': (50,), 'learning_rate': 'constant', 'max_iter': 5000, 'solver': 'sgd'}
060,4,0,62,129.4602746963501,{'activation': 'logistic', 'alpha': 0.0001, 'hidden_layer_sizes': (25,), 'learning_rate': 'constant', 'max_iter': 20000, 'solver': 'sgd'}
100,0,0,68,408.1186408996582,{'activation': 'relu', 'alpha': 0.0001, 'hidden_layer_sizes': (25,), 'learning_rate': 'adaptive', 'max_iter': 10000, 'solver': 'sgd'}
100,1,0,63,238.82360196113586,{'activation': 'relu', 'alpha': 0.05, 'hidden_layer_sizes': (50,), 'learning_rate': 'constant', 'max_iter': 50000, 'solver': 'sgd'}
100,2,0,68,273.5916476249695,{'activation': 'relu', 'alpha': 0.0001, 'hidden_layer_sizes': (25,), 'learning_rate': 'constant', 'max_iter': 50000, 'solver': 'sgd'}
100,3,0,65,213.59566497802734,{'activation': 'tanh', 'alpha': 0.05, 'hidden_layer_sizes': (25, 25), 'learning_rate': 'adaptive', 'max_iter': 10000, 'solver': 'adam'}
100,4,0,68,181.98969173431396,{'activation': 'logistic', 'alpha': 0.05, 'hidden_layer_sizes': (25,), 'learning_rate': 'invscaling', 'max_iter': 20000, 'solver': 'adam'}
