5,0,8000,56,48.33094001,{'activation': 'tanh', 'alpha': 0.0001, 'hidden_layer_sizes': (50,), 'learning_rate': 'adaptive', 'max_iter': 10000, 'solver': 'sgd'},
5,1,8000,60,52.93881321,{'activation': 'logistic', 'alpha': 0.0001, 'hidden_layer_sizes': (25, 25), 'learning_rate': 'constant', 'max_iter': 5000, 'solver': 'adam'},
5,2,8000,54,44.83819389,{'activation': 'tanh', 'alpha': 0.0001, 'hidden_layer_sizes': (25,), 'learning_rate': 'invscaling', 'max_iter': 50000, 'solver': 'adam'},
5,3,8000,70,35.11239481,{'activation': 'relu', 'alpha': 0.0001, 'hidden_layer_sizes': (50,25, 50), 'learning_rate': 'constant', 'max_iter': 10000, 'solver': 'sgd'}
5,4,8000,53,51.96354985,{'activation': 'tanh', 'alpha': 0.0001, 'hidden_layer_sizes': (50,25, 50), 'learning_rate': 'constant', 'max_iter': 20000, 'solver': 'sgd'}
10,0,8000,68,49.87765193,{'activation': 'relu', 'alpha': 0.0001, 'hidden_layer_sizes': (25,), 'learning_rate': 'adaptive', 'max_iter': 10000, 'solver': 'sgd'},
10,1,8000,64,42.39872265,{'activation': 'logistic', 'alpha': 0.0001, 'hidden_layer_sizes': (50, 50), 'learning_rate': 'constant', 'max_iter': 5000, 'solver': 'adam'},
10,2,8000,63,44.35638428,{'activation': 'tanh', 'alpha': 0.0001, 'hidden_layer_sizes': (50,25, 50), 'learning_rate': 'constant', 'max_iter': 5000, 'solver': 'sgd'}
10,3,8000,61,42.18733931,{'activation': 'tanh', 'alpha': 0.0001, 'hidden_layer_sizes': (25, 25), 'learning_rate': 'constant', 'max_iter': 50000, 'solver': 'sgd'},
10,4,8000,62,37.46121669,{'activation': 'tanh', 'alpha': 0.0001, 'hidden_layer_sizes': (50,), 'learning_rate': 'adaptive', 'max_iter': 10000, 'solver': 'sgd'},
15,0,8000,63,52.36490703,{'activation': 'tanh', 'alpha': 0.0001, 'hidden_layer_sizes': (50,), 'learning_rate': 'invscaling', 'max_iter': 20000, 'solver': 'adam'},
15,1,8000,63,54.85467768,{'activation': 'tanh', 'alpha': 0.0001, 'hidden_layer_sizes': (50,25, 50), 'learning_rate': 'constant', 'max_iter': 50000, 'solver': 'sgd'}
15,2,8000,60,48.52893591,{'activation': 'tanh', 'alpha': 0.05, 'hidden_layer_sizes': (25, 25), 'learning_rate': 'constant', 'max_iter': 10000, 'solver': 'sgd'},
15,3,8000,65,46.46407914,{'activation': 'tanh', 'alpha': 0.05, 'hidden_layer_sizes': (25, 25), 'learning_rate': 'invscaling', 'max_iter': 5000, 'solver': 'adam'},
15,4,8000,66,46.88938427,{'activation': 'tanh', 'alpha': 0.05, 'hidden_layer_sizes': (50, 50), 'learning_rate': 'adaptive', 'max_iter': 10000, 'solver': 'sgd'},
20,0,8000,72,47.82054734,{'activation': 'relu', 'alpha': 0.0001, 'hidden_layer_sizes': (25, 25), 'learning_rate': 'constant', 'max_iter': 10000, 'solver': 'sgd'},
20,1,8000,70,55.00608134,{'activation': 'relu', 'alpha': 0.05, 'hidden_layer_sizes': (50,25, 50), 'learning_rate': 'constant', 'max_iter': 5000, 'solver': 'sgd'}
20,2,8000,57,57.54173756,{'activation': 'relu', 'alpha': 0.05, 'hidden_layer_sizes': (25,), 'learning_rate': 'invscaling', 'max_iter': 5000, 'solver': 'adam'},
20,3,8000,68,51.34395361,{'activation': 'relu', 'alpha': 0.05, 'hidden_layer_sizes': (50,), 'learning_rate': 'adaptive', 'max_iter': 20000, 'solver': 'sgd'},
20,4,8000,68,49.67932272,{'activation': 'relu', 'alpha': 0.05, 'hidden_layer_sizes': (50,25, 50), 'learning_rate': 'adaptive', 'max_iter': 20000, 'solver': 'sgd'}
30,0,8000,67,58.0012455,{'activation': 'relu', 'alpha': 0.0001, 'hidden_layer_sizes': (50,), 'learning_rate': 'adaptive', 'max_iter': 20000, 'solver': 'sgd'},
30,1,8000,68,72.60451937,{'activation': 'relu', 'alpha': 0.0001, 'hidden_layer_sizes': (50,25, 50), 'learning_rate': 'adaptive', 'max_iter': 5000, 'solver': 'sgd'}
30,2,8000,73,68.33793092,{'activation': 'logistic', 'alpha': 0.0001, 'hidden_layer_sizes': (25,), 'learning_rate': 'constant', 'max_iter': 20000, 'solver': 'sgd'},
30,3,8000,70,61.18305063,{'activation': 'tanh', 'alpha': 0.0001, 'hidden_layer_sizes': (25,), 'learning_rate': 'constant', 'max_iter': 10000, 'solver': 'sgd'},
30,4,8000,72,57.7497251,{'activation': 'tanh', 'alpha': 0.05, 'hidden_layer_sizes': (25,), 'learning_rate': 'constant', 'max_iter': 20000, 'solver': 'sgd'},
5,0,8000,56,48.30654311,{'activation': 'relu', 'alpha': 0.05, 'hidden_layer_sizes': (25,), 'learning_rate': 'adaptive', 'max_iter': 5000, 'solver': 'sgd'},
5,1,8000,60,54.3099196,{'activation': 'tanh', 'alpha': 0.0001, 'hidden_layer_sizes': (25,), 'learning_rate': 'adaptive', 'max_iter': 10000, 'solver': 'sgd'},
5,2,8000,51,45.3658731,{'activation': 'tanh', 'alpha': 0.0001, 'hidden_layer_sizes': (50,), 'learning_rate': 'constant', 'max_iter': 20000, 'solver': 'adam'},
5,3,8000,69,35.69151521,{'activation': 'tanh', 'alpha': 0.0001, 'hidden_layer_sizes': (50,25, 50), 'learning_rate': 'constant', 'max_iter': 5000, 'solver': 'sgd'}
5,4,8000,60,49.98622608,{'activation': 'tanh', 'alpha': 0.0001, 'hidden_layer_sizes': (25,), 'learning_rate': 'constant', 'max_iter': 10000, 'solver': 'adam'},
10,0,8000,66,49.44750357,{'activation': 'relu', 'alpha': 0.05, 'hidden_layer_sizes': (50,), 'learning_rate': 'invscaling', 'max_iter': 20000, 'solver': 'adam'},
10,1,8000,69,42.4242301,{'activation': 'relu', 'alpha': 0.0001, 'hidden_layer_sizes': (25, 25), 'learning_rate': 'constant', 'max_iter': 5000, 'solver': 'sgd'},
10,2,8000,64,43.15103292,{'activation': 'tanh', 'alpha': 0.0001, 'hidden_layer_sizes': (25, 25), 'learning_rate': 'adaptive', 'max_iter': 50000, 'solver': 'sgd'},
10,3,8000,61,41.34881687,{'activation': 'relu', 'alpha': 0.0001, 'hidden_layer_sizes': (25, 25), 'learning_rate': 'adaptive', 'max_iter': 5000, 'solver': 'adam'},
10,4,8000,62,37.68797016,{'activation': 'relu', 'alpha': 0.0001, 'hidden_layer_sizes': (25,), 'learning_rate': 'adaptive', 'max_iter': 5000, 'solver': 'sgd'},
15,0,8000,65,53.34295988,{'activation': 'logistic', 'alpha': 0.0001, 'hidden_layer_sizes': (25,), 'learning_rate': 'invscaling', 'max_iter': 50000, 'solver': 'adam'},
15,1,8000,62,53.98798919,{'activation': 'tanh', 'alpha': 0.05, 'hidden_layer_sizes': (25,), 'learning_rate': 'adaptive', 'max_iter': 50000, 'solver': 'sgd'},
15,2,8000,68,50.4497242,{'activation': 'tanh', 'alpha': 0.05, 'hidden_layer_sizes': (50,25, 50), 'learning_rate': 'constant', 'max_iter': 20000, 'solver': 'sgd'}
15,3,8000,68,46.21839809,{'activation': 'relu', 'alpha': 0.0001, 'hidden_layer_sizes': (25, 25), 'learning_rate': 'constant', 'max_iter': 5000, 'solver': 'adam'},
15,4,8000,64,45.68554831,{'activation': 'tanh', 'alpha': 0.0001, 'hidden_layer_sizes': (50,), 'learning_rate': 'adaptive', 'max_iter': 5000, 'solver': 'adam'},
20,0,8000,66,48.92414331,{'activation': 'logistic', 'alpha': 0.05, 'hidden_layer_sizes': (50,), 'learning_rate': 'adaptive', 'max_iter': 10000, 'solver': 'sgd'},
20,1,8000,72,54.14455366,{'activation': 'tanh', 'alpha': 0.05, 'hidden_layer_sizes': (25,), 'learning_rate': 'constant', 'max_iter': 10000, 'solver': 'sgd'},
20,2,8000,59,59.14583373,{'activation': 'tanh', 'alpha': 0.0001, 'hidden_layer_sizes': (50,), 'learning_rate': 'constant', 'max_iter': 20000, 'solver': 'adam'},
20,3,8000,68,52.8612411,{'activation': 'tanh', 'alpha': 0.05, 'hidden_layer_sizes': (50, 50), 'learning_rate': 'constant', 'max_iter': 20000, 'solver': 'sgd'},
20,4,8000,69,51.68756056,{'activation': 'tanh', 'alpha': 0.0001, 'hidden_layer_sizes': (50, 50), 'learning_rate': 'adaptive', 'max_iter': 10000, 'solver': 'sgd'},
30,0,8000,68,59.37491202,{'activation': 'tanh', 'alpha': 0.0001, 'hidden_layer_sizes': (50,), 'learning_rate': 'constant', 'max_iter': 10000, 'solver': 'sgd'},
30,1,8000,70,72.40654397,{'activation': 'logistic', 'alpha': 0.0001, 'hidden_layer_sizes': (50,), 'learning_rate': 'adaptive', 'max_iter': 50000, 'solver': 'sgd'},
30,2,8000,71,69.1067431,{'activation': 'logistic', 'alpha': 0.05, 'hidden_layer_sizes': (25,), 'learning_rate': 'adaptive', 'max_iter': 10000, 'solver': 'sgd'},
30,3,8000,75,62.48082972,{'activation': 'tanh', 'alpha': 0.0001, 'hidden_layer_sizes': (25, 25), 'learning_rate': 'constant', 'max_iter': 50000, 'solver': 'sgd'},
30,4,8000,69,59.20126104,{'activation': 'tanh', 'alpha': 0.05, 'hidden_layer_sizes': (25,), 'learning_rate': 'constant', 'max_iter': 50000, 'solver': 'sgd'},
5,0,8000,55,48.08129025,{'activation': 'logistic', 'alpha': 0.0001, 'hidden_layer_sizes': (50,25, 50), 'learning_rate': 'invscaling', 'max_iter': 20000, 'solver': 'adam'}
5,1,8000,60,53.8599751,{'activation': 'logistic', 'alpha': 0.05, 'hidden_layer_sizes': (25,), 'learning_rate': 'constant', 'max_iter': 10000, 'solver': 'adam'},
5,2,8000,54,47.59411597,{'activation': 'tanh', 'alpha': 0.0001, 'hidden_layer_sizes': (25,), 'learning_rate': 'adaptive', 'max_iter': 20000, 'solver': 'sgd'},
5,3,8000,68,35.31708646,{'activation': 'tanh', 'alpha': 0.05, 'hidden_layer_sizes': (25, 25), 'learning_rate': 'adaptive', 'max_iter': 10000, 'solver': 'sgd'},
5,4,8000,59,49.7173841,{'activation': 'tanh', 'alpha': 0.05, 'hidden_layer_sizes': (25, 25), 'learning_rate': 'constant', 'max_iter': 5000, 'solver': 'adam'},
10,0,8000,67,49.75126338,{'activation': 'relu', 'alpha': 0.05, 'hidden_layer_sizes': (25, 25), 'learning_rate': 'invscaling', 'max_iter': 5000, 'solver': 'adam'},
10,1,8000,62,42.85593247,{'activation': 'relu', 'alpha': 0.0001, 'hidden_layer_sizes': (50,25, 50), 'learning_rate': 'constant', 'max_iter': 20000, 'solver': 'sgd'}
10,2,8000,66,45.42574525,{'activation': 'relu', 'alpha': 0.0001, 'hidden_layer_sizes': (50,25, 50), 'learning_rate': 'adaptive', 'max_iter': 50000, 'solver': 'sgd'}
10,3,8000,57,41.9008019,{'activation': 'logistic', 'alpha': 0.0001, 'hidden_layer_sizes': (25,), 'learning_rate': 'constant', 'max_iter': 5000, 'solver': 'adam'},
10,4,8000,62,37.63252473,{'activation': 'tanh', 'alpha': 0.05, 'hidden_layer_sizes': (50,), 'learning_rate': 'adaptive', 'max_iter': 5000, 'solver': 'sgd'},
15,0,8000,60,53.38178372,{'activation': 'tanh', 'alpha': 0.0001, 'hidden_layer_sizes': (25, 25), 'learning_rate': 'invscaling', 'max_iter': 5000, 'solver': 'adam'},
15,1,8000,62,53.73162246,{'activation': 'tanh', 'alpha': 0.05, 'hidden_layer_sizes': (25,), 'learning_rate': 'adaptive', 'max_iter': 20000, 'solver': 'sgd'},
15,2,8000,64,47.89852381,{'activation': 'tanh', 'alpha': 0.0001, 'hidden_layer_sizes': (25, 25), 'learning_rate': 'adaptive', 'max_iter': 5000, 'solver': 'adam'},
15,3,8000,66,47.12379646,{'activation': 'logistic', 'alpha': 0.0001, 'hidden_layer_sizes': (25,), 'learning_rate': 'invscaling', 'max_iter': 10000, 'solver': 'adam'},
15,4,8000,66,45.38877988,{'activation': 'relu', 'alpha': 0.0001, 'hidden_layer_sizes': (50,25, 50), 'learning_rate': 'invscaling', 'max_iter': 10000, 'solver': 'adam'}
20,0,8000,70,46.67217541,{'activation': 'relu', 'alpha': 0.0001, 'hidden_layer_sizes': (50,25, 50), 'learning_rate': 'adaptive', 'max_iter': 20000, 'solver': 'adam'}
20,1,8000,69,55.21212745,{'activation': 'relu', 'alpha': 0.0001, 'hidden_layer_sizes': (25, 25), 'learning_rate': 'adaptive', 'max_iter': 50000, 'solver': 'sgd'},
20,2,8000,64,62.92879701,{'activation': 'tanh', 'alpha': 0.0001, 'hidden_layer_sizes': (50,25, 50), 'learning_rate': 'constant', 'max_iter': 20000, 'solver': 'sgd'}
20,3,8000,65,51.69172406,{'activation': 'tanh', 'alpha': 0.0001, 'hidden_layer_sizes': (25, 25), 'learning_rate': 'constant', 'max_iter': 50000, 'solver': 'sgd'},
20,4,8000,72,50.49976754,{'activation': 'logistic', 'alpha': 0.0001, 'hidden_layer_sizes': (25,), 'learning_rate': 'adaptive', 'max_iter': 10000, 'solver': 'sgd'},
30,0,8000,67,60.83583856,{'activation': 'tanh', 'alpha': 0.0001, 'hidden_layer_sizes': (50, 50), 'learning_rate': 'constant', 'max_iter': 50000, 'solver': 'sgd'},
30,1,8000,64,69.79329562,{'activation': 'relu', 'alpha': 0.05, 'hidden_layer_sizes': (25, 25), 'learning_rate': 'adaptive', 'max_iter': 10000, 'solver': 'adam'},
30,2,8000,72,68.91969061,{'activation': 'logistic', 'alpha': 0.0001, 'hidden_layer_sizes': (50,), 'learning_rate': 'constant', 'max_iter': 10000, 'solver': 'sgd'},
30,3,8000,69,62.94066453,{'activation': 'tanh', 'alpha': 0.0001, 'hidden_layer_sizes': (50, 50), 'learning_rate': 'constant', 'max_iter': 20000, 'solver': 'sgd'},
30,4,8000,68,58.34967017,{'activation': 'logistic', 'alpha': 0.0001, 'hidden_layer_sizes': (25,), 'learning_rate': 'constant', 'max_iter': 20000, 'solver': 'sgd'},
5,0,8000,59,48.42526889,{'activation': 'logistic', 'alpha': 0.05, 'hidden_layer_sizes': (25, 25), 'learning_rate': 'constant', 'max_iter': 10000, 'solver': 'adam'},
5,1,8000,58,55.81996274,{'activation': 'tanh', 'alpha': 0.0001, 'hidden_layer_sizes': (50,25, 50), 'learning_rate': 'constant', 'max_iter': 10000, 'solver': 'sgd'}
5,2,8000,54,45.38989496,{'activation': 'tanh', 'alpha': 0.0001, 'hidden_layer_sizes': (25,), 'learning_rate': 'constant', 'max_iter': 10000, 'solver': 'adam'},
5,3,8000,57,34.93493915,{'activation': 'tanh', 'alpha': 0.0001, 'hidden_layer_sizes': (25,), 'learning_rate': 'constant', 'max_iter': 10000, 'solver': 'adam'},
5,4,8000,59,49.95313048,{'activation': 'relu', 'alpha': 0.0001, 'hidden_layer_sizes': (50, 50), 'learning_rate': 'invscaling', 'max_iter': 50000, 'solver': 'adam'},
10,0,8000,71,49.629493,{'activation': 'tanh', 'alpha': 0.0001, 'hidden_layer_sizes': (50,25, 50), 'learning_rate': 'adaptive', 'max_iter': 20000, 'solver': 'adam'}
10,1,8000,68,43.59260798,{'activation': 'logistic', 'alpha': 0.0001, 'hidden_layer_sizes': (25,), 'learning_rate': 'constant', 'max_iter': 5000, 'solver': 'sgd'},
10,2,8000,60,43.28876162,{'activation': 'relu', 'alpha': 0.0001, 'hidden_layer_sizes': (25, 25), 'learning_rate': 'constant', 'max_iter': 10000, 'solver': 'sgd'},
10,3,8000,62,43.3542738,{'activation': 'tanh', 'alpha': 0.0001, 'hidden_layer_sizes': (50,25, 50), 'learning_rate': 'constant', 'max_iter': 10000, 'solver': 'sgd'}
10,4,8000,60,38.15878844,{'activation': 'relu', 'alpha': 0.0001, 'hidden_layer_sizes': (25, 25), 'learning_rate': 'constant', 'max_iter': 20000, 'solver': 'sgd'},
15,0,8000,68,54.05520654,{'activation': 'relu', 'alpha': 0.0001, 'hidden_layer_sizes': (25,), 'learning_rate': 'constant', 'max_iter': 50000, 'solver': 'sgd'},
15,1,8000,62,53.58135653,{'activation': 'relu', 'alpha': 0.0001, 'hidden_layer_sizes': (25,), 'learning_rate': 'constant', 'max_iter': 50000, 'solver': 'sgd'},
15,2,8000,66,48.79467392,{'activation': 'relu', 'alpha': 0.0001, 'hidden_layer_sizes': (25,), 'learning_rate': 'constant', 'max_iter': 50000, 'solver': 'sgd'},
15,3,8000,66,48.1909287,{'activation': 'logistic', 'alpha': 0.0001, 'hidden_layer_sizes': (50,), 'learning_rate': 'constant', 'max_iter': 5000, 'solver': 'adam'},
15,4,8000,60,45.85319352,{'activation': 'tanh', 'alpha': 0.0001, 'hidden_layer_sizes': (25,), 'learning_rate': 'adaptive', 'max_iter': 50000, 'solver': 'adam'},
20,0,8000,65,47.82698822,{'activation': 'tanh', 'alpha': 0.0001, 'hidden_layer_sizes': (25,), 'learning_rate': 'constant', 'max_iter': 5000, 'solver': 'sgd'},
20,1,8000,70,55.62188864,{'activation': 'relu', 'alpha': 0.0001, 'hidden_layer_sizes': (50, 50), 'learning_rate': 'adaptive', 'max_iter': 10000, 'solver': 'sgd'},
20,2,8000,64,58.41826868,{'activation': 'tanh', 'alpha': 0.0001, 'hidden_layer_sizes': (50,25, 50), 'learning_rate': 'constant', 'max_iter': 50000, 'solver': 'adam'}
20,3,8000,66,51.66427827,{'activation': 'relu', 'alpha': 0.0001, 'hidden_layer_sizes': (50,25, 50), 'learning_rate': 'constant', 'max_iter': 50000, 'solver': 'sgd'}
20,4,8000,68,49.52521634,{'activation': 'relu', 'alpha': 0.0001, 'hidden_layer_sizes': (25, 25), 'learning_rate': 'adaptive', 'max_iter': 50000, 'solver': 'sgd'},
30,0,8000,68,59.32336283,{'activation': 'tanh', 'alpha': 0.05, 'hidden_layer_sizes': (25, 25), 'learning_rate': 'constant', 'max_iter': 20000, 'solver': 'sgd'},
30,1,8000,66,70.68341923,{'activation': 'relu', 'alpha': 0.05, 'hidden_layer_sizes': (25,), 'learning_rate': 'invscaling', 'max_iter': 5000, 'solver': 'adam'},
30,2,8000,72,69.88655925,{'activation': 'logistic', 'alpha': 0.05, 'hidden_layer_sizes': (50,), 'learning_rate': 'adaptive', 'max_iter': 20000, 'solver': 'sgd'},
30,3,8000,67,62.19452262,{'activation': 'tanh', 'alpha': 0.05, 'hidden_layer_sizes': (25, 25), 'learning_rate': 'constant', 'max_iter': 10000, 'solver': 'sgd'},
30,4,8000,68,58.36725426,{'activation': 'logistic', 'alpha': 0.0001, 'hidden_layer_sizes': (25,), 'learning_rate': 'adaptive', 'max_iter': 10000, 'solver': 'sgd'},
5,0,8000,58,48.21393704,{'activation': 'tanh', 'alpha': 0.0001, 'hidden_layer_sizes': (25, 25), 'learning_rate': 'adaptive', 'max_iter': 20000, 'solver': 'adam'},
5,1,8000,63,56.72045016,{'activation': 'tanh', 'alpha': 0.05, 'hidden_layer_sizes': (50, 50), 'learning_rate': 'adaptive', 'max_iter': 5000, 'solver': 'sgd'},
5,2,8000,55,46.66297102,{'activation': 'relu', 'alpha': 0.0001, 'hidden_layer_sizes': (50, 50), 'learning_rate': 'constant', 'max_iter': 20000, 'solver': 'sgd'},
5,3,8000,62,36.22617316,{'activation': 'tanh', 'alpha': 0.0001, 'hidden_layer_sizes': (25,), 'learning_rate': 'adaptive', 'max_iter': 20000, 'solver': 'sgd'},
5,4,8000,64,49.67213607,{'activation': 'tanh', 'alpha': 0.05, 'hidden_layer_sizes': (50,), 'learning_rate': 'adaptive', 'max_iter': 50000, 'solver': 'adam'},
10,0,8000,66,50.09262586,{'activation': 'relu', 'alpha': 0.0001, 'hidden_layer_sizes': (25,), 'learning_rate': 'invscaling', 'max_iter': 50000, 'solver': 'adam'},
10,1,8000,62,42.35682058,{'activation': 'tanh', 'alpha': 0.0001, 'hidden_layer_sizes': (50,), 'learning_rate': 'invscaling', 'max_iter': 50000, 'solver': 'adam'},
10,2,8000,63,43.55939317,{'activation': 'tanh', 'alpha': 0.0001, 'hidden_layer_sizes': (25,), 'learning_rate': 'adaptive', 'max_iter': 10000, 'solver': 'sgd'},
10,3,8000,65,42.62691665,{'activation': 'relu', 'alpha': 0.0001, 'hidden_layer_sizes': (50,), 'learning_rate': 'adaptive', 'max_iter': 10000, 'solver': 'sgd'},
10,4,8000,65,37.10632777,{'activation': 'tanh', 'alpha': 0.05, 'hidden_layer_sizes': (25, 25), 'learning_rate': 'constant', 'max_iter': 50000, 'solver': 'adam'},
15,0,8000,65,53.63063717,{'activation': 'logistic', 'alpha': 0.05, 'hidden_layer_sizes': (50,), 'learning_rate': 'invscaling', 'max_iter': 10000, 'solver': 'adam'},
15,1,8000,64,53.41064548,{'activation': 'relu', 'alpha': 0.0001, 'hidden_layer_sizes': (25,), 'learning_rate': 'adaptive', 'max_iter': 10000, 'solver': 'sgd'},
15,2,8000,63,50.69546247,{'activation': 'tanh', 'alpha': 0.0001, 'hidden_layer_sizes': (50,25, 50), 'learning_rate': 'adaptive', 'max_iter': 50000, 'solver': 'sgd'}
15,3,8000,67,47.09076452,{'activation': 'logistic', 'alpha': 0.0001, 'hidden_layer_sizes': (50,), 'learning_rate': 'constant', 'max_iter': 20000, 'solver': 'adam'},
15,4,8000,65,45.00076938,{'activation': 'relu', 'alpha': 0.05, 'hidden_layer_sizes': (25, 25), 'learning_rate': 'constant', 'max_iter': 5000, 'solver': 'adam'},
20,0,8000,66,47.46726894,{'activation': 'tanh', 'alpha': 0.05, 'hidden_layer_sizes': (25, 25), 'learning_rate': 'constant', 'max_iter': 5000, 'solver': 'sgd'},
20,1,8000,71,54.77867675,{'activation': 'tanh', 'alpha': 0.0001, 'hidden_layer_sizes': (25,), 'learning_rate': 'adaptive', 'max_iter': 10000, 'solver': 'sgd'},
20,2,8000,64,64.56392407,{'activation': 'tanh', 'alpha': 0.0001, 'hidden_layer_sizes': (50,25, 50), 'learning_rate': 'adaptive', 'max_iter': 10000, 'solver': 'sgd'}
20,3,8000,66,51.49809074,{'activation': 'tanh', 'alpha': 0.0001, 'hidden_layer_sizes': (25, 25), 'learning_rate': 'constant', 'max_iter': 50000, 'solver': 'sgd'},
20,4,8000,72,51.15950584,{'activation': 'logistic', 'alpha': 0.0001, 'hidden_layer_sizes': (50,), 'learning_rate': 'constant', 'max_iter': 10000, 'solver': 'sgd'},
30,0,8000,67,58.34096122,{'activation': 'relu', 'alpha': 0.0001, 'hidden_layer_sizes': (25,), 'learning_rate': 'adaptive', 'max_iter': 10000, 'solver': 'sgd'},
30,1,8000,60,76.15574861,{'activation': 'relu', 'alpha': 0.05, 'hidden_layer_sizes': (50, 50), 'learning_rate': 'adaptive', 'max_iter': 50000, 'solver': 'sgd'},
30,2,8000,73,69.22908974,{'activation': 'logistic', 'alpha': 0.0001, 'hidden_layer_sizes': (50,), 'learning_rate': 'constant', 'max_iter': 20000, 'solver': 'sgd'},
30,3,8000,75,61.88894629,{'activation': 'relu', 'alpha': 0.0001, 'hidden_layer_sizes': (50,), 'learning_rate': 'adaptive', 'max_iter': 20000, 'solver': 'sgd'},
30,4,8000,70,58.59200096,{'activation': 'tanh', 'alpha': 0.05, 'hidden_layer_sizes': (50,), 'learning_rate': 'adaptive', 'max_iter': 5000, 'solver': 'sgd'},
060,0,8000,69,88.70333051681519,{'activation': 'logistic', 'alpha': 0.05, 'hidden_layer_sizes': (50, 25, 50), 'learning_rate': 'invscaling', 'max_iter': 50000, 'solver': 'adam'}
060,1,8000,60,96.47913265228271,{'activation': 'tanh', 'alpha': 0.0001, 'hidden_layer_sizes': (50, 50), 'learning_rate': 'constant', 'max_iter': 10000, 'solver': 'sgd'}
060,2,8000,66,93.3845956325531,{'activation': 'tanh', 'alpha': 0.05, 'hidden_layer_sizes': (50, 25, 50), 'learning_rate': 'adaptive', 'max_iter': 20000, 'solver': 'sgd'}
060,3,8000,71,91.06990623474121,{'activation': 'logistic', 'alpha': 0.05, 'hidden_layer_sizes': (25,), 'learning_rate': 'adaptive', 'max_iter': 10000, 'solver': 'sgd'}
060,4,8000,73,96.12427854537964,{'activation': 'logistic', 'alpha': 0.0001, 'hidden_layer_sizes': (50,), 'learning_rate': 'adaptive', 'max_iter': 20000, 'solver': 'sgd'}
060,0,8000,70,89.82269501686096,{'activation': 'logistic', 'alpha': 0.0001, 'hidden_layer_sizes': (50,), 'learning_rate': 'adaptive', 'max_iter': 50000, 'solver': 'adam'}
060,1,8000,60,91.1949691772461,{'activation': 'tanh', 'alpha': 0.0001, 'hidden_layer_sizes': (50,), 'learning_rate': 'adaptive', 'max_iter': 5000, 'solver': 'sgd'}
060,2,8000,71,88.55564451217651,{'activation': 'logistic', 'alpha': 0.0001, 'hidden_layer_sizes': (25,), 'learning_rate': 'adaptive', 'max_iter': 20000, 'solver': 'sgd'}
060,3,8000,74,91.4204752445221,{'activation': 'logistic', 'alpha': 0.0001, 'hidden_layer_sizes': (50,), 'learning_rate': 'constant', 'max_iter': 20000, 'solver': 'sgd'}
060,4,8000,70,96.87738299369812,{'activation': 'tanh', 'alpha': 0.0001, 'hidden_layer_sizes': (25,), 'learning_rate': 'constant', 'max_iter': 50000, 'solver': 'sgd'}
060,0,8000,70,86.18785881996155,{'activation': 'relu', 'alpha': 0.0001, 'hidden_layer_sizes': (25, 25), 'learning_rate': 'adaptive', 'max_iter': 20000, 'solver': 'adam'}
060,1,8000,66,97.08397483825684,{'activation': 'tanh', 'alpha': 0.0001, 'hidden_layer_sizes': (50, 50), 'learning_rate': 'adaptive', 'max_iter': 5000, 'solver': 'sgd'}
060,2,8000,65,88.5035047531128,{'activation': 'relu', 'alpha': 0.05, 'hidden_layer_sizes': (25, 25), 'learning_rate': 'adaptive', 'max_iter': 5000, 'solver': 'adam'}
060,3,8000,74,91.32664489746094,{'activation': 'logistic', 'alpha': 0.05, 'hidden_layer_sizes': (25,), 'learning_rate': 'adaptive', 'max_iter': 5000, 'solver': 'sgd'}
060,4,8000,72,94.79437923431396,{'activation': 'tanh', 'alpha': 0.05, 'hidden_layer_sizes': (25,), 'learning_rate': 'constant', 'max_iter': 10000, 'solver': 'sgd'}
060,0,8000,70,89.45962929725647,{'activation': 'logistic', 'alpha': 0.0001, 'hidden_layer_sizes': (25,), 'learning_rate': 'adaptive', 'max_iter': 50000, 'solver': 'adam'}
060,1,8000,68,92.06578540802002,{'activation': 'logistic', 'alpha': 0.05, 'hidden_layer_sizes': (25, 25), 'learning_rate': 'constant', 'max_iter': 5000, 'solver': 'adam'}
060,2,8000,68,87.93862128257751,{'activation': 'relu', 'alpha': 0.0001, 'hidden_layer_sizes': (50, 50), 'learning_rate': 'adaptive', 'max_iter': 20000, 'solver': 'adam'}
060,3,8000,72,90.1883761882782,{'activation': 'tanh', 'alpha': 0.0001, 'hidden_layer_sizes': (25,), 'learning_rate': 'constant', 'max_iter': 20000, 'solver': 'sgd'}
060,4,8000,60,96.98189377784729,{'activation': 'tanh', 'alpha': 0.0001, 'hidden_layer_sizes': (25, 25), 'learning_rate': 'adaptive', 'max_iter': 20000, 'solver': 'sgd'}
060,0,8000,73,87.42986583709717,{'activation': 'tanh', 'alpha': 0.0001, 'hidden_layer_sizes': (50,), 'learning_rate': 'invscaling', 'max_iter': 10000, 'solver': 'adam'}
060,1,8000,62,91.80851602554321,{'activation': 'relu', 'alpha': 0.05, 'hidden_layer_sizes': (25, 25), 'learning_rate': 'constant', 'max_iter': 50000, 'solver': 'sgd'}
060,2,8000,70,88.95522379875183,{'activation': 'relu', 'alpha': 0.05, 'hidden_layer_sizes': (50,), 'learning_rate': 'adaptive', 'max_iter': 10000, 'solver': 'sgd'}
060,3,8000,66,90.25604915618896,{'activation': 'relu', 'alpha': 0.0001, 'hidden_layer_sizes': (25,), 'learning_rate': 'invscaling', 'max_iter': 20000, 'solver': 'adam'}
060,4,8000,74,94.71648931503296,{'activation': 'relu', 'alpha': 0.05, 'hidden_layer_sizes': (50,), 'learning_rate': 'constant', 'max_iter': 50000, 'solver': 'sgd'}
005,0,8000,53,50.36183404922485,{'activation': 'tanh', 'alpha': 0.0001, 'hidden_layer_sizes': (25,), 'learning_rate': 'adaptive', 'max_iter': 50000, 'solver': 'sgd'}
005,1,8000,60,54.04496955871582,{'activation': 'logistic', 'alpha': 0.0001, 'hidden_layer_sizes': (25,), 'learning_rate': 'constant', 'max_iter': 20000, 'solver': 'adam'}
005,2,8000,60,45.955242395401,{'activation': 'tanh', 'alpha': 0.0001, 'hidden_layer_sizes': (25,), 'learning_rate': 'constant', 'max_iter': 10000, 'solver': 'sgd'}
005,3,8000,62,34.82276272773743,{'activation': 'relu', 'alpha': 0.0001, 'hidden_layer_sizes': (50, 50), 'learning_rate': 'constant', 'max_iter': 5000, 'solver': 'adam'}
005,4,8000,59,49.683223247528076,{'activation': 'relu', 'alpha': 0.0001, 'hidden_layer_sizes': (25, 25), 'learning_rate': 'constant', 'max_iter': 20000, 'solver': 'adam'}
010,0,8000,67,49.863906145095825,{'activation': 'tanh', 'alpha': 0.05, 'hidden_layer_sizes': (25, 25), 'learning_rate': 'invscaling', 'max_iter': 50000, 'solver': 'adam'}
010,1,8000,66,45.8567214012146,{'activation': 'tanh', 'alpha': 0.0001, 'hidden_layer_sizes': (50, 50), 'learning_rate': 'adaptive', 'max_iter': 20000, 'solver': 'sgd'}
010,2,8000,64,44.36469650268555,{'activation': 'tanh', 'alpha': 0.0001, 'hidden_layer_sizes': (50, 25, 50), 'learning_rate': 'constant', 'max_iter': 5000, 'solver': 'sgd'}
010,3,8000,64,42.376434087753296,{'activation': 'relu', 'alpha': 0.0001, 'hidden_layer_sizes': (50, 25, 50), 'learning_rate': 'constant', 'max_iter': 20000, 'solver': 'sgd'}
010,4,8000,59,37.444441080093384,{'activation': 'relu', 'alpha': 0.05, 'hidden_layer_sizes': (25,), 'learning_rate': 'constant', 'max_iter': 5000, 'solver': 'sgd'}
015,0,8000,62,53.23187327384949,{'activation': 'tanh', 'alpha': 0.0001, 'hidden_layer_sizes': (50,), 'learning_rate': 'adaptive', 'max_iter': 5000, 'solver': 'adam'}
015,1,8000,64,53.680800914764404,{'activation': 'tanh', 'alpha': 0.0001, 'hidden_layer_sizes': (25,), 'learning_rate': 'adaptive', 'max_iter': 50000, 'solver': 'sgd'}
015,2,8000,62,49.33307147026062,{'activation': 'relu', 'alpha': 0.05, 'hidden_layer_sizes': (50, 25, 50), 'learning_rate': 'adaptive', 'max_iter': 10000, 'solver': 'sgd'}
015,3,8000,66,46.499571561813354,{'activation': 'tanh', 'alpha': 0.05, 'hidden_layer_sizes': (25, 25), 'learning_rate': 'adaptive', 'max_iter': 20000, 'solver': 'adam'}
015,4,8000,63,45.736926555633545,{'activation': 'logistic', 'alpha': 0.0001, 'hidden_layer_sizes': (25,), 'learning_rate': 'constant', 'max_iter': 20000, 'solver': 'adam'}
020,0,8000,68,48.32597208023071,{'activation': 'relu', 'alpha': 0.0001, 'hidden_layer_sizes': (50, 25, 50), 'learning_rate': 'adaptive', 'max_iter': 5000, 'solver': 'sgd'}
020,1,8000,71,55.73344373703003,{'activation': 'relu', 'alpha': 0.05, 'hidden_layer_sizes': (50, 50), 'learning_rate': 'constant', 'max_iter': 5000, 'solver': 'sgd'}
020,2,8000,56,60.31095337867737,{'activation': 'tanh', 'alpha': 0.0001, 'hidden_layer_sizes': (25, 25), 'learning_rate': 'constant', 'max_iter': 20000, 'solver': 'sgd'}
020,3,8000,67,50.844980239868164,{'activation': 'tanh', 'alpha': 0.0001, 'hidden_layer_sizes': (50, 25, 50), 'learning_rate': 'adaptive', 'max_iter': 20000, 'solver': 'adam'}
020,4,8000,64,50.76451086997986,{'activation': 'tanh', 'alpha': 0.0001, 'hidden_layer_sizes': (50, 25, 50), 'learning_rate': 'constant', 'max_iter': 5000, 'solver': 'sgd'}
030,0,8000,68,58.30181860923767,{'activation': 'relu', 'alpha': 0.0001, 'hidden_layer_sizes': (25, 25), 'learning_rate': 'constant', 'max_iter': 20000, 'solver': 'sgd'}
030,1,8000,66,69.51703214645386,{'activation': 'relu', 'alpha': 0.0001, 'hidden_layer_sizes': (25,), 'learning_rate': 'adaptive', 'max_iter': 10000, 'solver': 'adam'}
030,2,8000,72,68.88496994972229,{'activation': 'logistic', 'alpha': 0.0001, 'hidden_layer_sizes': (25,), 'learning_rate': 'adaptive', 'max_iter': 10000, 'solver': 'sgd'}
030,3,8000,74,61.25536251068115,{'activation': 'tanh', 'alpha': 0.0001, 'hidden_layer_sizes': (25,), 'learning_rate': 'constant', 'max_iter': 20000, 'solver': 'sgd'}
030,4,8000,68,57.87415647506714,{'activation': 'tanh', 'alpha': 0.0001, 'hidden_layer_sizes': (25,), 'learning_rate': 'adaptive', 'max_iter': 5000, 'solver': 'sgd'}
060,0,8000,70,87.29376173019409,{'activation': 'logistic', 'alpha': 0.0001, 'hidden_layer_sizes': (25,), 'learning_rate': 'constant', 'max_iter': 50000, 'solver': 'adam'}
060,1,8000,68,90.97921228408813,{'activation': 'relu', 'alpha': 0.0001, 'hidden_layer_sizes': (50, 50), 'learning_rate': 'constant', 'max_iter': 10000, 'solver': 'adam'}
060,2,8000,66,90.6479640007019,{'activation': 'relu', 'alpha': 0.05, 'hidden_layer_sizes': (25, 25), 'learning_rate': 'adaptive', 'max_iter': 5000, 'solver': 'sgd'}
060,3,8000,72,90.78465723991394,{'activation': 'relu', 'alpha': 0.0001, 'hidden_layer_sizes': (50,), 'learning_rate': 'constant', 'max_iter': 5000, 'solver': 'adam'}
060,4,8000,66,97.75394487380981,{'activation': 'tanh', 'alpha': 0.0001, 'hidden_layer_sizes': (50,), 'learning_rate': 'constant', 'max_iter': 10000, 'solver': 'sgd'}
005,0,8000,56,49.09475493431091,{'activation': 'tanh', 'alpha': 0.05, 'hidden_layer_sizes': (50, 25, 50), 'learning_rate': 'constant', 'max_iter': 20000, 'solver': 'sgd'}
005,1,8000,60,53.31186079978943,{'activation': 'logistic', 'alpha': 0.0001, 'hidden_layer_sizes': (25,), 'learning_rate': 'constant', 'max_iter': 50000, 'solver': 'adam'}
005,2,8000,54,44.29509210586548,{'activation': 'relu', 'alpha': 0.0001, 'hidden_layer_sizes': (50, 50), 'learning_rate': 'adaptive', 'max_iter': 50000, 'solver': 'adam'}
005,3,8000,66,35.68002223968506,{'activation': 'tanh', 'alpha': 0.05, 'hidden_layer_sizes': (50, 50), 'learning_rate': 'adaptive', 'max_iter': 20000, 'solver': 'sgd'}
005,4,8000,62,49.919883728027344,{'activation': 'tanh', 'alpha': 0.0001, 'hidden_layer_sizes': (25,), 'learning_rate': 'adaptive', 'max_iter': 20000, 'solver': 'adam'}
010,0,8000,70,49.62509226799011,{'activation': 'tanh', 'alpha': 0.0001, 'hidden_layer_sizes': (25, 25), 'learning_rate': 'constant', 'max_iter': 10000, 'solver': 'adam'}
010,1,8000,64,42.04068565368652,{'activation': 'logistic', 'alpha': 0.05, 'hidden_layer_sizes': (25,), 'learning_rate': 'constant', 'max_iter': 20000, 'solver': 'adam'}
010,2,8000,64,43.68753123283386,{'activation': 'tanh', 'alpha': 0.0001, 'hidden_layer_sizes': (25, 25), 'learning_rate': 'adaptive', 'max_iter': 10000, 'solver': 'sgd'}
010,3,8000,61,41.65661311149597,{'activation': 'tanh', 'alpha': 0.05, 'hidden_layer_sizes': (50, 25, 50), 'learning_rate': 'constant', 'max_iter': 50000, 'solver': 'adam'}
010,4,8000,63,37.068753480911255,{'activation': 'relu', 'alpha': 0.0001, 'hidden_layer_sizes': (25, 25), 'learning_rate': 'constant', 'max_iter': 20000, 'solver': 'sgd'}
015,0,8000,66,53.14171266555786,{'activation': 'tanh', 'alpha': 0.0001, 'hidden_layer_sizes': (25,), 'learning_rate': 'adaptive', 'max_iter': 10000, 'solver': 'adam'}
015,1,8000,62,54.125842809677124,{'activation': 'tanh', 'alpha': 0.0001, 'hidden_layer_sizes': (25,), 'learning_rate': 'adaptive', 'max_iter': 5000, 'solver': 'sgd'}
015,2,8000,67,50.2742383480072,{'activation': 'tanh', 'alpha': 0.05, 'hidden_layer_sizes': (50, 25, 50), 'learning_rate': 'constant', 'max_iter': 5000, 'solver': 'sgd'}
015,3,8000,66,46.42672395706177,{'activation': 'tanh', 'alpha': 0.0001, 'hidden_layer_sizes': (50, 25, 50), 'learning_rate': 'invscaling', 'max_iter': 20000, 'solver': 'adam'}
015,4,8000,64,45.59956669807434,{'activation': 'tanh', 'alpha': 0.05, 'hidden_layer_sizes': (25,), 'learning_rate': 'adaptive', 'max_iter': 20000, 'solver': 'sgd'}
020,0,8000,66,48.83879017829895,{'activation': 'tanh', 'alpha': 0.05, 'hidden_layer_sizes': (50, 25, 50), 'learning_rate': 'adaptive', 'max_iter': 10000, 'solver': 'sgd'}
020,1,8000,66,54.22727632522583,{'activation': 'tanh', 'alpha': 0.0001, 'hidden_layer_sizes': (50,), 'learning_rate': 'constant', 'max_iter': 5000, 'solver': 'sgd'}
020,2,8000,67,59.818119049072266,{'activation': 'tanh', 'alpha': 0.0001, 'hidden_layer_sizes': (25, 25), 'learning_rate': 'constant', 'max_iter': 5000, 'solver': 'sgd'}
020,3,8000,60,50.47969198226929,{'activation': 'tanh', 'alpha': 0.0001, 'hidden_layer_sizes': (25, 25), 'learning_rate': 'invscaling', 'max_iter': 5000, 'solver': 'adam'}
020,4,8000,69,49.585633516311646,{'activation': 'relu', 'alpha': 0.0001, 'hidden_layer_sizes': (25, 25), 'learning_rate': 'constant', 'max_iter': 10000, 'solver': 'sgd'}
030,0,8000,60,58.49345803260803,{'activation': 'tanh', 'alpha': 0.0001, 'hidden_layer_sizes': (25,), 'learning_rate': 'adaptive', 'max_iter': 50000, 'solver': 'sgd'}
030,1,8000,69,73.93284368515015,{'activation': 'tanh', 'alpha': 0.0001, 'hidden_layer_sizes': (50, 50), 'learning_rate': 'adaptive', 'max_iter': 10000, 'solver': 'sgd'}
030,2,8000,71,68.48311972618103,{'activation': 'logistic', 'alpha': 0.0001, 'hidden_layer_sizes': (25,), 'learning_rate': 'adaptive', 'max_iter': 20000, 'solver': 'sgd'}
030,3,8000,70,60.87721657752991,{'activation': 'relu', 'alpha': 0.05, 'hidden_layer_sizes': (25,), 'learning_rate': 'constant', 'max_iter': 5000, 'solver': 'adam'}
030,4,8000,71,57.677372455596924,{'activation': 'tanh', 'alpha': 0.05, 'hidden_layer_sizes': (50,), 'learning_rate': 'adaptive', 'max_iter': 10000, 'solver': 'sgd'}
060,0,8000,69,96.4515929222107,{'activation': 'tanh', 'alpha': 0.05, 'hidden_layer_sizes': (50, 25, 50), 'learning_rate': 'adaptive', 'max_iter': 20000, 'solver': 'sgd'}
060,1,8000,71,90.82943081855774,{'activation': 'relu', 'alpha': 0.0001, 'hidden_layer_sizes': (25,), 'learning_rate': 'constant', 'max_iter': 20000, 'solver': 'sgd'}
060,2,8000,70,91.6017677783966,{'activation': 'tanh', 'alpha': 0.0001, 'hidden_layer_sizes': (50,), 'learning_rate': 'constant', 'max_iter': 20000, 'solver': 'sgd'}
060,3,8000,65,173.6575984954834,{'activation': 'relu', 'alpha': 0.0001, 'hidden_layer_sizes': (25, 25), 'learning_rate': 'constant', 'max_iter': 10000, 'solver': 'sgd'}
060,4,8000,68,206.65819263458252,{'activation': 'tanh', 'alpha': 0.0001, 'hidden_layer_sizes': (50,), 'learning_rate': 'adaptive', 'max_iter': 50000, 'solver': 'sgd'}
005,0,8000,57,156.58149099349976,{'activation': 'tanh', 'alpha': 0.0001, 'hidden_layer_sizes': (25,), 'learning_rate': 'adaptive', 'max_iter': 10000, 'solver': 'sgd'}
005,1,8000,60,111.45696711540222,{'activation': 'relu', 'alpha': 0.0001, 'hidden_layer_sizes': (50, 50), 'learning_rate': 'constant', 'max_iter': 10000, 'solver': 'sgd'}
005,2,8000,53,130.9068193435669,{'activation': 'relu', 'alpha': 0.0001, 'hidden_layer_sizes': (50, 25, 50), 'learning_rate': 'adaptive', 'max_iter': 50000, 'solver': 'sgd'}
005,3,8000,63,73.34982943534851,{'activation': 'tanh', 'alpha': 0.0001, 'hidden_layer_sizes': (25,), 'learning_rate': 'adaptive', 'max_iter': 50000, 'solver': 'sgd'}
005,4,8000,62,151.87320017814636,{'activation': 'logistic', 'alpha': 0.0001, 'hidden_layer_sizes': (25,), 'learning_rate': 'invscaling', 'max_iter': 20000, 'solver': 'adam'}
010,0,8000,59,157.04162693023682,{'activation': 'relu', 'alpha': 0.05, 'hidden_layer_sizes': (50, 25, 50), 'learning_rate': 'constant', 'max_iter': 10000, 'solver': 'sgd'}
010,1,8000,67,142.3449990749359,{'activation': 'tanh', 'alpha': 0.0001, 'hidden_layer_sizes': (25,), 'learning_rate': 'adaptive', 'max_iter': 5000, 'solver': 'sgd'}
010,2,8000,68,87.01569247245789,{'activation': 'tanh', 'alpha': 0.05, 'hidden_layer_sizes': (25, 25), 'learning_rate': 'adaptive', 'max_iter': 20000, 'solver': 'sgd'}
010,3,8000,62,113.77117419242859,{'activation': 'tanh', 'alpha': 0.0001, 'hidden_layer_sizes': (25,), 'learning_rate': 'invscaling', 'max_iter': 20000, 'solver': 'adam'}
010,4,8000,62,111.11628150939941,{'activation': 'logistic', 'alpha': 0.05, 'hidden_layer_sizes': (25,), 'learning_rate': 'constant', 'max_iter': 50000, 'solver': 'sgd'}
015,0,8000,64,147.19529700279236,{'activation': 'tanh', 'alpha': 0.0001, 'hidden_layer_sizes': (50, 50), 'learning_rate': 'invscaling', 'max_iter': 10000, 'solver': 'adam'}
015,1,8000,60,109.80506110191345,{'activation': 'tanh', 'alpha': 0.0001, 'hidden_layer_sizes': (25,), 'learning_rate': 'constant', 'max_iter': 20000, 'solver': 'sgd'}
015,2,8000,57,217.13957524299622,{'activation': 'relu', 'alpha': 0.05, 'hidden_layer_sizes': (25, 25), 'learning_rate': 'constant', 'max_iter': 50000, 'solver': 'sgd'}
015,3,8000,66,189.0743281841278,{'activation': 'logistic', 'alpha': 0.0001, 'hidden_layer_sizes': (50,), 'learning_rate': 'adaptive', 'max_iter': 10000, 'solver': 'adam'}
015,4,8000,67,223.98377203941345,{'activation': 'tanh', 'alpha': 0.05, 'hidden_layer_sizes': (50, 25, 50), 'learning_rate': 'constant', 'max_iter': 10000, 'solver': 'sgd'}
020,0,8000,66,263.8001437187195,{'activation': 'logistic', 'alpha': 0.0001, 'hidden_layer_sizes': (25,), 'learning_rate': 'constant', 'max_iter': 20000, 'solver': 'sgd'}
020,1,8000,69,202.41920042037964,{'activation': 'tanh', 'alpha': 0.0001, 'hidden_layer_sizes': (25, 25), 'learning_rate': 'adaptive', 'max_iter': 5000, 'solver': 'sgd'}
020,2,8000,65,122.22055077552795,{'activation': 'tanh', 'alpha': 0.05, 'hidden_layer_sizes': (25, 25), 'learning_rate': 'constant', 'max_iter': 20000, 'solver': 'sgd'}
020,3,8000,67,152.11204028129578,{'activation': 'tanh', 'alpha': 0.0001, 'hidden_layer_sizes': (25,), 'learning_rate': 'adaptive', 'max_iter': 50000, 'solver': 'sgd'}
020,4,8000,63,123.94836449623108,{'activation': 'tanh', 'alpha': 0.0001, 'hidden_layer_sizes': (25,), 'learning_rate': 'constant', 'max_iter': 10000, 'solver': 'adam'}
030,0,8000,68,122.80084443092346,{'activation': 'tanh', 'alpha': 0.0001, 'hidden_layer_sizes': (25,), 'learning_rate': 'constant', 'max_iter': 5000, 'solver': 'sgd'}
030,1,8000,64,166.09538102149963,{'activation': 'relu', 'alpha': 0.0001, 'hidden_layer_sizes': (50,), 'learning_rate': 'constant', 'max_iter': 20000, 'solver': 'adam'}
030,2,8000,74,178.04901313781738,{'activation': 'tanh', 'alpha': 0.0001, 'hidden_layer_sizes': (25,), 'learning_rate': 'adaptive', 'max_iter': 20000, 'solver': 'adam'}
030,3,8000,72,117.26621747016907,{'activation': 'relu', 'alpha': 0.0001, 'hidden_layer_sizes': (50, 50), 'learning_rate': 'adaptive', 'max_iter': 50000, 'solver': 'adam'}
030,4,8000,70,181.54995799064636,{'activation': 'relu', 'alpha': 0.05, 'hidden_layer_sizes': (50,), 'learning_rate': 'constant', 'max_iter': 5000, 'solver': 'sgd'}
060,0,8000,70,170.17754411697388,{'activation': 'tanh', 'alpha': 0.05, 'hidden_layer_sizes': (25, 25), 'learning_rate': 'constant', 'max_iter': 50000, 'solver': 'adam'}
060,1,8000,68,196.997496843338,{'activation': 'logistic', 'alpha': 0.0001, 'hidden_layer_sizes': (25,), 'learning_rate': 'invscaling', 'max_iter': 10000, 'solver': 'adam'}
060,2,8000,62,229.29694533348083,{'activation': 'tanh', 'alpha': 0.0001, 'hidden_layer_sizes': (50, 25, 50), 'learning_rate': 'adaptive', 'max_iter': 50000, 'solver': 'sgd'}
060,3,8000,71,251.8969442844391,{'activation': 'logistic', 'alpha': 0.0001, 'hidden_layer_sizes': (25,), 'learning_rate': 'constant', 'max_iter': 10000, 'solver': 'sgd'}
060,4,8000,70,201.00630521774292,{'activation': 'tanh', 'alpha': 0.0001, 'hidden_layer_sizes': (25,), 'learning_rate': 'constant', 'max_iter': 5000, 'solver': 'sgd'}
005,0,8000,58,116.76406955718994,{'activation': 'relu', 'alpha': 0.0001, 'hidden_layer_sizes': (50,), 'learning_rate': 'adaptive', 'max_iter': 20000, 'solver': 'sgd'}
005,1,8000,57,122.25070023536682,{'activation': 'tanh', 'alpha': 0.05, 'hidden_layer_sizes': (25, 25), 'learning_rate': 'adaptive', 'max_iter': 50000, 'solver': 'adam'}
005,2,8000,55,133.35142540931702,{'activation': 'tanh', 'alpha': 0.0001, 'hidden_layer_sizes': (50, 50), 'learning_rate': 'adaptive', 'max_iter': 50000, 'solver': 'adam'}
005,3,8000,68,122.71613597869873,{'activation': 'tanh', 'alpha': 0.0001, 'hidden_layer_sizes': (25,), 'learning_rate': 'constant', 'max_iter': 20000, 'solver': 'sgd'}
005,4,8000,55,159.87272119522095,{'activation': 'relu', 'alpha': 0.0001, 'hidden_layer_sizes': (25,), 'learning_rate': 'constant', 'max_iter': 10000, 'solver': 'sgd'}
010,0,8000,69,135.81460618972778,{'activation': 'tanh', 'alpha': 0.0001, 'hidden_layer_sizes': (50,), 'learning_rate': 'constant', 'max_iter': 50000, 'solver': 'adam'}
010,1,8000,55,85.57810521125793,{'activation': 'tanh', 'alpha': 0.05, 'hidden_layer_sizes': (25, 25), 'learning_rate': 'constant', 'max_iter': 10000, 'solver': 'sgd'}
010,2,8000,62,150.73476266860962,{'activation': 'relu', 'alpha': 0.05, 'hidden_layer_sizes': (25, 25), 'learning_rate': 'adaptive', 'max_iter': 10000, 'solver': 'sgd'}
010,3,8000,64,160.60052824020386,{'activation': 'tanh', 'alpha': 0.0001, 'hidden_layer_sizes': (50, 50), 'learning_rate': 'constant', 'max_iter': 5000, 'solver': 'sgd'}
010,4,8000,64,76.4875168800354,{'activation': 'tanh', 'alpha': 0.05, 'hidden_layer_sizes': (25,), 'learning_rate': 'constant', 'max_iter': 5000, 'solver': 'sgd'}
015,0,8000,70,110.94319725036621,{'activation': 'relu', 'alpha': 0.0001, 'hidden_layer_sizes': (25, 25), 'learning_rate': 'adaptive', 'max_iter': 10000, 'solver': 'sgd'}
015,1,8000,64,190.68977785110474,{'activation': 'relu', 'alpha': 0.0001, 'hidden_layer_sizes': (50, 50), 'learning_rate': 'constant', 'max_iter': 10000, 'solver': 'sgd'}
015,2,8000,58,134.30597972869873,{'activation': 'logistic', 'alpha': 0.0001, 'hidden_layer_sizes': (50, 25, 50), 'learning_rate': 'invscaling', 'max_iter': 20000, 'solver': 'adam'}
015,3,8000,65,124.46792697906494,{'activation': 'tanh', 'alpha': 0.0001, 'hidden_layer_sizes': (50,), 'learning_rate': 'invscaling', 'max_iter': 10000, 'solver': 'adam'}
015,4,8000,66,127.4681248664856,{'activation': 'tanh', 'alpha': 0.0001, 'hidden_layer_sizes': (50, 50), 'learning_rate': 'invscaling', 'max_iter': 5000, 'solver': 'adam'}
020,0,8000,66,130.30742001533508,{'activation': 'tanh', 'alpha': 0.05, 'hidden_layer_sizes': (50, 25, 50), 'learning_rate': 'adaptive', 'max_iter': 5000, 'solver': 'sgd'}
020,1,8000,65,167.3255352973938,{'activation': 'tanh', 'alpha': 0.0001, 'hidden_layer_sizes': (25,), 'learning_rate': 'constant', 'max_iter': 20000, 'solver': 'sgd'}
020,2,8000,64,209.74856185913086,{'activation': 'tanh', 'alpha': 0.0001, 'hidden_layer_sizes': (25, 25), 'learning_rate': 'adaptive', 'max_iter': 10000, 'solver': 'sgd'}
020,3,8000,61,112.09039902687073,{'activation': 'relu', 'alpha': 0.05, 'hidden_layer_sizes': (25, 25), 'learning_rate': 'invscaling', 'max_iter': 20000, 'solver': 'adam'}
020,4,8000,61,146.26544785499573,{'activation': 'tanh', 'alpha': 0.0001, 'hidden_layer_sizes': (25,), 'learning_rate': 'adaptive', 'max_iter': 5000, 'solver': 'sgd'}
030,0,8000,67,120.62260508537292,{'activation': 'tanh', 'alpha': 0.0001, 'hidden_layer_sizes': (25,), 'learning_rate': 'constant', 'max_iter': 10000, 'solver': 'sgd'}
030,1,8000,68,186.16576766967773,{'activation': 'relu', 'alpha': 0.0001, 'hidden_layer_sizes': (25,), 'learning_rate': 'adaptive', 'max_iter': 20000, 'solver': 'adam'}
030,2,8000,71,142.9437117576599,{'activation': 'logistic', 'alpha': 0.0001, 'hidden_layer_sizes': (25,), 'learning_rate': 'adaptive', 'max_iter': 5000, 'solver': 'sgd'}
030,3,8000,74,138.69864153862,{'activation': 'relu', 'alpha': 0.0001, 'hidden_layer_sizes': (50,), 'learning_rate': 'adaptive', 'max_iter': 20000, 'solver': 'adam'}
030,4,8000,68,152.61165642738342,{'activation': 'relu', 'alpha': 0.0001, 'hidden_layer_sizes': (50,), 'learning_rate': 'constant', 'max_iter': 10000, 'solver': 'sgd'}
060,0,8000,71,222.2478585243225,{'activation': 'logistic', 'alpha': 0.05, 'hidden_layer_sizes': (25,), 'learning_rate': 'constant', 'max_iter': 10000, 'solver': 'sgd'}
060,1,8000,70,223.06246137619019,{'activation': 'logistic', 'alpha': 0.05, 'hidden_layer_sizes': (25, 25), 'learning_rate': 'invscaling', 'max_iter': 10000, 'solver': 'adam'}
060,2,8000,69,188.118891954422,{'activation': 'relu', 'alpha': 0.0001, 'hidden_layer_sizes': (50,), 'learning_rate': 'constant', 'max_iter': 10000, 'solver': 'sgd'}
060,3,8000,73,245.82584404945374,{'activation': 'tanh', 'alpha': 0.0001, 'hidden_layer_sizes': (25,), 'learning_rate': 'constant', 'max_iter': 20000, 'solver': 'sgd'}
060,4,8000,75,230.36288380622864,{'activation': 'relu', 'alpha': 0.0001, 'hidden_layer_sizes': (25,), 'learning_rate': 'constant', 'max_iter': 5000, 'solver': 'sgd'}
005,0,8000,56,118.58636617660522,{'activation': 'tanh', 'alpha': 0.0001, 'hidden_layer_sizes': (25,), 'learning_rate': 'constant', 'max_iter': 20000, 'solver': 'sgd'}
005,1,8000,59,121.49402356147766,{'activation': 'tanh', 'alpha': 0.05, 'hidden_layer_sizes': (25, 25), 'learning_rate': 'constant', 'max_iter': 10000, 'solver': 'adam'}
005,2,8000,58,127.43421602249146,{'activation': 'tanh', 'alpha': 0.0001, 'hidden_layer_sizes': (50, 50), 'learning_rate': 'invscaling', 'max_iter': 5000, 'solver': 'adam'}
005,3,8000,65,130.27430129051208,{'activation': 'tanh', 'alpha': 0.0001, 'hidden_layer_sizes': (50, 25, 50), 'learning_rate': 'adaptive', 'max_iter': 20000, 'solver': 'sgd'}
005,4,8000,63,136.97810983657837,{'activation': 'logistic', 'alpha': 0.0001, 'hidden_layer_sizes': (50,), 'learning_rate': 'invscaling', 'max_iter': 50000, 'solver': 'adam'}
010,0,8000,67,125.7247006893158,{'activation': 'tanh', 'alpha': 0.0001, 'hidden_layer_sizes': (50, 50), 'learning_rate': 'constant', 'max_iter': 20000, 'solver': 'adam'}
010,1,8000,66,125.29282665252686,{'activation': 'tanh', 'alpha': 0.0001, 'hidden_layer_sizes': (25,), 'learning_rate': 'constant', 'max_iter': 20000, 'solver': 'sgd'}
010,2,8000,64,127.63065099716187,{'activation': 'tanh', 'alpha': 0.0001, 'hidden_layer_sizes': (50, 50), 'learning_rate': 'constant', 'max_iter': 5000, 'solver': 'sgd'}
010,3,8000,62,195.17264771461487,{'activation': 'logistic', 'alpha': 0.0001, 'hidden_layer_sizes': (25,), 'learning_rate': 'adaptive', 'max_iter': 20000, 'solver': 'sgd'}
010,4,8000,61,130.26094508171082,{'activation': 'logistic', 'alpha': 0.0001, 'hidden_layer_sizes': (25,), 'learning_rate': 'constant', 'max_iter': 50000, 'solver': 'sgd'}
015,0,8000,65,149.6924066543579,{'activation': 'logistic', 'alpha': 0.0001, 'hidden_layer_sizes': (25,), 'learning_rate': 'constant', 'max_iter': 5000, 'solver': 'adam'}
015,1,8000,64,169.27504444122314,{'activation': 'tanh', 'alpha': 0.05, 'hidden_layer_sizes': (50,), 'learning_rate': 'constant', 'max_iter': 50000, 'solver': 'sgd'}
015,2,8000,70,158.65529537200928,{'activation': 'relu', 'alpha': 0.0001, 'hidden_layer_sizes': (25,), 'learning_rate': 'constant', 'max_iter': 10000, 'solver': 'sgd'}
015,3,8000,66,122.82445335388184,{'activation': 'tanh', 'alpha': 0.05, 'hidden_layer_sizes': (50,), 'learning_rate': 'adaptive', 'max_iter': 5000, 'solver': 'adam'}
015,4,8000,66,102.69916820526123,{'activation': 'tanh', 'alpha': 0.0001, 'hidden_layer_sizes': (25,), 'learning_rate': 'constant', 'max_iter': 5000, 'solver': 'sgd'}
020,0,8000,62,150.28317141532898,{'activation': 'relu', 'alpha': 0.05, 'hidden_layer_sizes': (50, 25, 50), 'learning_rate': 'constant', 'max_iter': 5000, 'solver': 'sgd'}
020,1,8000,62,135.67409873008728,{'activation': 'relu', 'alpha': 0.05, 'hidden_layer_sizes': (25, 25), 'learning_rate': 'constant', 'max_iter': 50000, 'solver': 'adam'}
020,2,8000,59,207.88121700286865,{'activation': 'tanh', 'alpha': 0.05, 'hidden_layer_sizes': (25, 25), 'learning_rate': 'constant', 'max_iter': 50000, 'solver': 'sgd'}
020,3,8000,67,199.40626120567322,{'activation': 'tanh', 'alpha': 0.05, 'hidden_layer_sizes': (50, 25, 50), 'learning_rate': 'adaptive', 'max_iter': 20000, 'solver': 'sgd'}
020,4,8000,66,172.09217524528503,{'activation': 'relu', 'alpha': 0.05, 'hidden_layer_sizes': (25, 25), 'learning_rate': 'constant', 'max_iter': 5000, 'solver': 'sgd'}
030,0,8000,68,128.4822874069214,{'activation': 'relu', 'alpha': 0.0001, 'hidden_layer_sizes': (25, 25), 'learning_rate': 'constant', 'max_iter': 50000, 'solver': 'sgd'}
030,1,8000,68,214.846506357193,{'activation': 'tanh', 'alpha': 0.0001, 'hidden_layer_sizes': (50, 50), 'learning_rate': 'constant', 'max_iter': 5000, 'solver': 'sgd'}
030,2,8000,72,184.80533719062805,{'activation': 'logistic', 'alpha': 0.0001, 'hidden_layer_sizes': (25,), 'learning_rate': 'constant', 'max_iter': 5000, 'solver': 'sgd'}
030,3,8000,74,187.24927258491516,{'activation': 'relu', 'alpha': 0.0001, 'hidden_layer_sizes': (25,), 'learning_rate': 'adaptive', 'max_iter': 20000, 'solver': 'sgd'}
030,4,8000,69,200.61145496368408,{'activation': 'logistic', 'alpha': 0.05, 'hidden_layer_sizes': (50,), 'learning_rate': 'constant', 'max_iter': 10000, 'solver': 'sgd'}
060,0,8000,71,228.12014055252075,{'activation': 'logistic', 'alpha': 0.05, 'hidden_layer_sizes': (50,), 'learning_rate': 'constant', 'max_iter': 20000, 'solver': 'adam'}
060,1,8000,70,218.32634949684143,{'activation': 'logistic', 'alpha': 0.05, 'hidden_layer_sizes': (25,), 'learning_rate': 'adaptive', 'max_iter': 10000, 'solver': 'adam'}
060,2,8000,73,239.72939944267273,{'activation': 'relu', 'alpha': 0.05, 'hidden_layer_sizes': (25,), 'learning_rate': 'adaptive', 'max_iter': 5000, 'solver': 'sgd'}
060,3,8000,64,181.68052053451538,{'activation': 'relu', 'alpha': 0.05, 'hidden_layer_sizes': (25,), 'learning_rate': 'constant', 'max_iter': 20000, 'solver': 'sgd'}
060,4,8000,71,269.04060912132263,{'activation': 'tanh', 'alpha': 0.0001, 'hidden_layer_sizes': (50,), 'learning_rate': 'adaptive', 'max_iter': 5000, 'solver': 'sgd'}
100,0,8000,70,181.382244348526,{'activation': 'relu', 'alpha': 0.05, 'hidden_layer_sizes': (25,), 'learning_rate': 'adaptive', 'max_iter': 50000, 'solver': 'sgd'}
100,1,8000,63,187.36327481269836,{'activation': 'relu', 'alpha': 0.0001, 'hidden_layer_sizes': (25,), 'learning_rate': 'constant', 'max_iter': 5000, 'solver': 'sgd'}
100,2,8000,57,180.52830171585083,{'activation': 'relu', 'alpha': 0.0001, 'hidden_layer_sizes': (50, 50), 'learning_rate': 'adaptive', 'max_iter': 5000, 'solver': 'sgd'}
100,3,8000,74,178.28379368782043,{'activation': 'logistic', 'alpha': 0.0001, 'hidden_layer_sizes': (25,), 'learning_rate': 'adaptive', 'max_iter': 20000, 'solver': 'sgd'}
100,4,8000,74,176.66465830802917,{'activation': 'logistic', 'alpha': 0.0001, 'hidden_layer_sizes': (25,), 'learning_rate': 'adaptive', 'max_iter': 20000, 'solver': 'sgd'}
100,0,8000,76,184.75571250915527,{'activation': 'logistic', 'alpha': 0.05, 'hidden_layer_sizes': (25,), 'learning_rate': 'adaptive', 'max_iter': 20000, 'solver': 'sgd'}
100,1,8000,74,204.71974658966064,{'activation': 'logistic', 'alpha': 0.0001, 'hidden_layer_sizes': (25,), 'learning_rate': 'adaptive', 'max_iter': 10000, 'solver': 'sgd'}
100,2,8000,72,191.03115010261536,{'activation': 'tanh', 'alpha': 0.0001, 'hidden_layer_sizes': (25,), 'learning_rate': 'constant', 'max_iter': 5000, 'solver': 'sgd'}
100,3,8000,65,202.5650053024292,{'activation': 'logistic', 'alpha': 0.05, 'hidden_layer_sizes': (50,), 'learning_rate': 'invscaling', 'max_iter': 10000, 'solver': 'adam'}
100,4,8000,76,191.99612641334534,{'activation': 'logistic', 'alpha': 0.0001, 'hidden_layer_sizes': (50,), 'learning_rate': 'adaptive', 'max_iter': 10000, 'solver': 'sgd'}
100,0,8000,75,193.4960582256317,{'activation': 'logistic', 'alpha': 0.05, 'hidden_layer_sizes': (25,), 'learning_rate': 'constant', 'max_iter': 50000, 'solver': 'sgd'}
100,1,8000,68,205.70222854614258,{'activation': 'logistic', 'alpha': 0.05, 'hidden_layer_sizes': (25,), 'learning_rate': 'adaptive', 'max_iter': 10000, 'solver': 'adam'}
100,2,8000,67,189.0313868522644,{'activation': 'logistic', 'alpha': 0.0001, 'hidden_layer_sizes': (25,), 'learning_rate': 'constant', 'max_iter': 20000, 'solver': 'adam'}
100,3,8000,69,197.90391278266907,{'activation': 'relu', 'alpha': 0.0001, 'hidden_layer_sizes': (25,), 'learning_rate': 'adaptive', 'max_iter': 5000, 'solver': 'sgd'}
100,4,8000,74,191.05421495437622,{'activation': 'logistic', 'alpha': 0.0001, 'hidden_layer_sizes': (25,), 'learning_rate': 'adaptive', 'max_iter': 5000, 'solver': 'sgd'}
100,0,8000,74,177.3697748184204,{'activation': 'logistic', 'alpha': 0.0001, 'hidden_layer_sizes': (50,), 'learning_rate': 'constant', 'max_iter': 50000, 'solver': 'sgd'}
100,1,8000,74,191.81488394737244,{'activation': 'logistic', 'alpha': 0.0001, 'hidden_layer_sizes': (50,), 'learning_rate': 'constant', 'max_iter': 50000, 'solver': 'sgd'}
100,2,8000,70,195.5642101764679,{'activation': 'relu', 'alpha': 0.0001, 'hidden_layer_sizes': (50,), 'learning_rate': 'constant', 'max_iter': 50000, 'solver': 'sgd'}
100,3,8000,68,199.11766481399536,{'activation': 'tanh', 'alpha': 0.0001, 'hidden_layer_sizes': (50, 50), 'learning_rate': 'adaptive', 'max_iter': 20000, 'solver': 'adam'}
100,4,8000,70,188.7871072292328,{'activation': 'tanh', 'alpha': 0.0001, 'hidden_layer_sizes': (25,), 'learning_rate': 'constant', 'max_iter': 5000, 'solver': 'adam'}
100,0,8000,74,192.58061337471008,{'activation': 'logistic', 'alpha': 0.05, 'hidden_layer_sizes': (50,), 'learning_rate': 'constant', 'max_iter': 20000, 'solver': 'sgd'}
100,1,8000,58,185.20632982254028,{'activation': 'logistic', 'alpha': 0.05, 'hidden_layer_sizes': (50, 25, 50), 'learning_rate': 'adaptive', 'max_iter': 5000, 'solver': 'adam'}
100,2,8000,67,173.78746724128723,{'activation': 'tanh', 'alpha': 0.0001, 'hidden_layer_sizes': (50, 50), 'learning_rate': 'invscaling', 'max_iter': 5000, 'solver': 'adam'}
100,3,8000,73,213.86676120758057,{'activation': 'logistic', 'alpha': 0.05, 'hidden_layer_sizes': (25,), 'learning_rate': 'adaptive', 'max_iter': 10000, 'solver': 'sgd'}
100,4,8000,69,201.0698401927948,{'activation': 'tanh', 'alpha': 0.0001, 'hidden_layer_sizes': (50,), 'learning_rate': 'invscaling', 'max_iter': 5000, 'solver': 'adam'}
