5,0,0,63,46.66227484,{'activation': 'identity', 'alpha': 0.05, 'hidden_layer_sizes': (20,100, 20), 'learning_rate': 'invscaling', 'max_iter': 10000, 'solver': 'sgd'}
5,1,0,42,45.09205937,{'activation': 'identity', 'alpha': 0.0001, 'hidden_layer_sizes': (20,), 'learning_rate': 'invscaling', 'max_iter': 5000, 'solver': 'sgd'},
5,2,0,58,75.05224872,{'activation': 'identity', 'alpha': 0.05, 'hidden_layer_sizes': (100,), 'learning_rate': 'invscaling', 'max_iter': 20000, 'solver': 'sgd'},
5,3,0,65,96.08690858,{'activation': 'identity', 'alpha': 0.0001, 'hidden_layer_sizes': (20,100, 20), 'learning_rate': 'invscaling', 'max_iter': 10000, 'solver': 'sgd'}
5,4,0,45,93.41496992,{'activation': 'logistic', 'alpha': 0.0001, 'hidden_layer_sizes': (100, 100), 'learning_rate': 'constant', 'max_iter': 20000, 'solver': 'sgd'},
5,5,0,42,96.52513504,{'activation': 'identity', 'alpha': 0.0001, 'hidden_layer_sizes': (100,), 'learning_rate': 'invscaling', 'max_iter': 10000, 'solver': 'sgd'},
5,6,0,34,95.06292415,{'activation': 'logistic', 'alpha': 0.05, 'hidden_layer_sizes': (20,), 'learning_rate': 'invscaling', 'max_iter': 20000, 'solver': 'sgd'},
5,7,0,42,95.90103054,{'activation': 'identity', 'alpha': 0.0001, 'hidden_layer_sizes': (20,100, 20), 'learning_rate': 'invscaling', 'max_iter': 50000, 'solver': 'sgd'}
5,8,0,40,96.89048982,{'activation': 'identity', 'alpha': 0.05, 'hidden_layer_sizes': (100,), 'learning_rate': 'invscaling', 'max_iter': 50000, 'solver': 'sgd'},
5,9,0,46,97.0478344,{'activation': 'identity', 'alpha': 0.05, 'hidden_layer_sizes': (20,), 'learning_rate': 'invscaling', 'max_iter': 50000, 'solver': 'sgd'},
5,10,0,56,93.98997545,{'activation': 'identity', 'alpha': 0.0001, 'hidden_layer_sizes': (20,), 'learning_rate': 'invscaling', 'max_iter': 10000, 'solver': 'sgd'},
5,11,0,36,95.05789232,{'activation': 'logistic', 'alpha': 0.05, 'hidden_layer_sizes': (100, 100), 'learning_rate': 'constant', 'max_iter': 50000, 'solver': 'sgd'},
5,12,0,52,96.42618752,{'activation': 'logistic', 'alpha': 0.0001, 'hidden_layer_sizes': (100, 100), 'learning_rate': 'constant', 'max_iter': 20000, 'solver': 'sgd'},
5,13,0,45,98.69262719,{'activation': 'tanh', 'alpha': 0.0001, 'hidden_layer_sizes': (100, 100), 'learning_rate': 'invscaling', 'max_iter': 10000, 'solver': 'sgd'},
5,14,0,45,92.77779675,{'activation': 'tanh', 'alpha': 0.05, 'hidden_layer_sizes': (20,100, 20), 'learning_rate': 'invscaling', 'max_iter': 5000, 'solver': 'sgd'}
5,15,0,58,97.448246,{'activation': 'tanh', 'alpha': 0.05, 'hidden_layer_sizes': (20,), 'learning_rate': 'invscaling', 'max_iter': 5000, 'solver': 'sgd'},
5,16,0,53,96.28239989,{'activation': 'identity', 'alpha': 0.0001, 'hidden_layer_sizes': (20,100, 20), 'learning_rate': 'invscaling', 'max_iter': 10000, 'solver': 'sgd'}
5,17,0,40,95.36601686,{'activation': 'identity', 'alpha': 0.05, 'hidden_layer_sizes': (20,), 'learning_rate': 'invscaling', 'max_iter': 20000, 'solver': 'sgd'},
5,18,0,35,95.50288367,{'activation': 'logistic', 'alpha': 0.0001, 'hidden_layer_sizes': (100,), 'learning_rate': 'invscaling', 'max_iter': 20000, 'solver': 'sgd'},
5,19,0,48,93.62330532,{'activation': 'tanh', 'alpha': 0.0001, 'hidden_layer_sizes': (20,100, 20), 'learning_rate': 'invscaling', 'max_iter': 50000, 'solver': 'sgd'}
10,0,0,45,107.5747313,{'activation': 'tanh', 'alpha': 0.0001, 'hidden_layer_sizes': (100,), 'learning_rate': 'invscaling', 'max_iter': 5000, 'solver': 'sgd'},
10,1,0,60,106.8113446,{'activation': 'identity', 'alpha': 0.05, 'hidden_layer_sizes': (20,100, 20), 'learning_rate': 'invscaling', 'max_iter': 10000, 'solver': 'sgd'}
10,2,0,60,107.3522432,{'activation': 'relu', 'alpha': 0.0001, 'hidden_layer_sizes': (20,), 'learning_rate': 'invscaling', 'max_iter': 20000, 'solver': 'sgd'},
10,3,0,36,103.2646532,{'activation': 'tanh', 'alpha': 0.05, 'hidden_layer_sizes': (20,100, 20), 'learning_rate': 'invscaling', 'max_iter': 10000, 'solver': 'sgd'}
10,4,0,44,102.1156535,{'activation': 'tanh', 'alpha': 0.0001, 'hidden_layer_sizes': (20,100, 20), 'learning_rate': 'invscaling', 'max_iter': 50000, 'solver': 'sgd'}
10,5,0,48,102.1229963,{'activation': 'tanh', 'alpha': 0.05, 'hidden_layer_sizes': (100,), 'learning_rate': 'invscaling', 'max_iter': 10000, 'solver': 'sgd'},
10,6,0,46,105.0654337,{'activation': 'logistic', 'alpha': 0.0001, 'hidden_layer_sizes': (100, 100), 'learning_rate': 'constant', 'max_iter': 50000, 'solver': 'sgd'},
10,7,0,47,107.9150102,{'activation': 'identity', 'alpha': 0.0001, 'hidden_layer_sizes': (20,), 'learning_rate': 'invscaling', 'max_iter': 20000, 'solver': 'sgd'},
10,8,0,52,107.4477828,{'activation': 'identity', 'alpha': 0.0001, 'hidden_layer_sizes': (100, 100), 'learning_rate': 'invscaling', 'max_iter': 10000, 'solver': 'adam'},
10,9,0,41,107.335274,{'activation': 'tanh', 'alpha': 0.05, 'hidden_layer_sizes': (20,), 'learning_rate': 'invscaling', 'max_iter': 20000, 'solver': 'sgd'},
10,10,0,49,103.2991035,{'activation': 'identity', 'alpha': 0.0001, 'hidden_layer_sizes': (20,), 'learning_rate': 'invscaling', 'max_iter': 10000, 'solver': 'sgd'},
10,11,0,42,102.4511039,{'activation': 'tanh', 'alpha': 0.05, 'hidden_layer_sizes': (20,), 'learning_rate': 'invscaling', 'max_iter': 50000, 'solver': 'sgd'},
10,12,0,50,101.6862931,{'activation': 'tanh', 'alpha': 0.0001, 'hidden_layer_sizes': (20,), 'learning_rate': 'invscaling', 'max_iter': 50000, 'solver': 'sgd'},
10,13,0,46,106.8974791,{'activation': 'identity', 'alpha': 0.0001, 'hidden_layer_sizes': (20,), 'learning_rate': 'invscaling', 'max_iter': 20000, 'solver': 'sgd'},
10,14,0,51,106.5774689,{'activation': 'identity', 'alpha': 0.05, 'hidden_layer_sizes': (20,), 'learning_rate': 'invscaling', 'max_iter': 10000, 'solver': 'sgd'},
10,15,0,42,106.0568283,{'activation': 'identity', 'alpha': 0.0001, 'hidden_layer_sizes': (20,), 'learning_rate': 'invscaling', 'max_iter': 10000, 'solver': 'sgd'},
10,16,0,47,107.3394024,{'activation': 'identity', 'alpha': 0.0001, 'hidden_layer_sizes': (100,), 'learning_rate': 'invscaling', 'max_iter': 5000, 'solver': 'sgd'},
10,17,0,48,101.6889262,{'activation': 'logistic', 'alpha': 0.05, 'hidden_layer_sizes': (20,), 'learning_rate': 'invscaling', 'max_iter': 5000, 'solver': 'sgd'},
10,18,0,63,101.9291604,{'activation': 'identity', 'alpha': 0.0001, 'hidden_layer_sizes': (20,100, 20), 'learning_rate': 'adaptive', 'max_iter': 20000, 'solver': 'sgd'}
10,19,0,62,101.4492493,{'activation': 'logistic', 'alpha': 0.05, 'hidden_layer_sizes': (100, 100), 'learning_rate': 'constant', 'max_iter': 5000, 'solver': 'sgd'},
15,0,0,61,123.2078927,{'activation': 'identity', 'alpha': 0.05, 'hidden_layer_sizes': (20,100, 20), 'learning_rate': 'invscaling', 'max_iter': 10000, 'solver': 'sgd'}
15,1,0,51,129.2093217,{'activation': 'identity', 'alpha': 0.0001, 'hidden_layer_sizes': (20,100, 20), 'learning_rate': 'invscaling', 'max_iter': 5000, 'solver': 'sgd'}
15,2,0,49,144.8702326,{'activation': 'relu', 'alpha': 0.0001, 'hidden_layer_sizes': (100,), 'learning_rate': 'invscaling', 'max_iter': 10000, 'solver': 'sgd'},
15,3,0,56,155.3274012,{'activation': 'relu', 'alpha': 0.0001, 'hidden_layer_sizes': (100,), 'learning_rate': 'invscaling', 'max_iter': 10000, 'solver': 'sgd'},
15,4,0,44,132.4277849,{'activation': 'identity', 'alpha': 0.05, 'hidden_layer_sizes': (20,), 'learning_rate': 'invscaling', 'max_iter': 10000, 'solver': 'sgd'},
15,5,0,44,171.9501102,{'activation': 'relu', 'alpha': 0.0001, 'hidden_layer_sizes': (100,), 'learning_rate': 'invscaling', 'max_iter': 20000, 'solver': 'sgd'},
15,6,0,50,175.4196019,{'activation': 'tanh', 'alpha': 0.0001, 'hidden_layer_sizes': (100,), 'learning_rate': 'invscaling', 'max_iter': 20000, 'solver': 'sgd'},
15,7,0,41,130.0431604,{'activation': 'tanh', 'alpha': 0.0001, 'hidden_layer_sizes': (20,), 'learning_rate': 'invscaling', 'max_iter': 50000, 'solver': 'sgd'},
15,8,0,42,129.1611695,{'activation': 'tanh', 'alpha': 0.05, 'hidden_layer_sizes': (20,), 'learning_rate': 'invscaling', 'max_iter': 20000, 'solver': 'sgd'},
15,9,0,51,155.8735347,{'activation': 'tanh', 'alpha': 0.0001, 'hidden_layer_sizes': (100,), 'learning_rate': 'invscaling', 'max_iter': 50000, 'solver': 'sgd'},
15,10,0,50,131.8559785,{'activation': 'tanh', 'alpha': 0.05, 'hidden_layer_sizes': (20,), 'learning_rate': 'invscaling', 'max_iter': 20000, 'solver': 'sgd'},
15,11,0,36,131.1210299,{'activation': 'tanh', 'alpha': 0.05, 'hidden_layer_sizes': (20,100, 20), 'learning_rate': 'invscaling', 'max_iter': 20000, 'solver': 'sgd'}
15,12,0,47,167.6461999,{'activation': 'tanh', 'alpha': 0.0001, 'hidden_layer_sizes': (100,), 'learning_rate': 'invscaling', 'max_iter': 50000, 'solver': 'sgd'},
15,13,0,40,170.3768425,{'activation': 'tanh', 'alpha': 0.05, 'hidden_layer_sizes': (100, 100), 'learning_rate': 'invscaling', 'max_iter': 10000, 'solver': 'sgd'},
15,14,0,60,157.5119908,{'activation': 'identity', 'alpha': 0.0001, 'hidden_layer_sizes': (100,), 'learning_rate': 'invscaling', 'max_iter': 50000, 'solver': 'sgd'},
15,15,0,56,131.2409351,{'activation': 'tanh', 'alpha': 0.05, 'hidden_layer_sizes': (20,), 'learning_rate': 'invscaling', 'max_iter': 50000, 'solver': 'sgd'},
15,16,0,45,129.8415589,{'activation': 'identity', 'alpha': 0.05, 'hidden_layer_sizes': (20,), 'learning_rate': 'invscaling', 'max_iter': 50000, 'solver': 'sgd'},
15,17,0,41,206.4326496,{'activation': 'identity', 'alpha': 0.0001, 'hidden_layer_sizes': (100, 100), 'learning_rate': 'invscaling', 'max_iter': 5000, 'solver': 'sgd'},
15,18,0,43,131.0524428,{'activation': 'identity', 'alpha': 0.05, 'hidden_layer_sizes': (20,), 'learning_rate': 'invscaling', 'max_iter': 20000, 'solver': 'sgd'},
15,19,0,58,177.9877648,{'activation': 'relu', 'alpha': 0.05, 'hidden_layer_sizes': (100, 100), 'learning_rate': 'invscaling', 'max_iter': 50000, 'solver': 'sgd'},
20,0,0,59,200.6531718,{'activation': 'tanh', 'alpha': 0.0001, 'hidden_layer_sizes': (100, 100), 'learning_rate': 'invscaling', 'max_iter': 5000, 'solver': 'sgd'},
20,1,0,65,182.9290807,{'activation': 'identity', 'alpha': 0.0001, 'hidden_layer_sizes': (100,), 'learning_rate': 'invscaling', 'max_iter': 10000, 'solver': 'sgd'},
20,2,0,56,181.6610355,{'activation': 'identity', 'alpha': 0.0001, 'hidden_layer_sizes': (100,), 'learning_rate': 'invscaling', 'max_iter': 50000, 'solver': 'sgd'},
20,3,0,50,181.8544307,{'activation': 'tanh', 'alpha': 0.05, 'hidden_layer_sizes': (100,), 'learning_rate': 'invscaling', 'max_iter': 50000, 'solver': 'sgd'},
20,4,0,40,158.5497906,{'activation': 'identity', 'alpha': 0.05, 'hidden_layer_sizes': (20,), 'learning_rate': 'invscaling', 'max_iter': 50000, 'solver': 'sgd'},
20,5,0,41,160.6316288,{'activation': 'identity', 'alpha': 0.05, 'hidden_layer_sizes': (20,), 'learning_rate': 'invscaling', 'max_iter': 20000, 'solver': 'sgd'},
20,6,0,56,189.4737687,{'activation': 'tanh', 'alpha': 0.05, 'hidden_layer_sizes': (100, 100), 'learning_rate': 'invscaling', 'max_iter': 50000, 'solver': 'sgd'},
20,7,0,46,184.8528218,{'activation': 'tanh', 'alpha': 0.0001, 'hidden_layer_sizes': (100, 100), 'learning_rate': 'invscaling', 'max_iter': 10000, 'solver': 'sgd'},
20,8,0,64,159.6957264,{'activation': 'identity', 'alpha': 0.0001, 'hidden_layer_sizes': (20,), 'learning_rate': 'invscaling', 'max_iter': 10000, 'solver': 'sgd'},
20,9,0,49,252.7357411,{'activation': 'identity', 'alpha': 0.0001, 'hidden_layer_sizes': (100, 100), 'learning_rate': 'invscaling', 'max_iter': 50000, 'solver': 'sgd'},
20,10,0,41,190.4802182,{'activation': 'relu', 'alpha': 0.0001, 'hidden_layer_sizes': (100,), 'learning_rate': 'invscaling', 'max_iter': 5000, 'solver': 'sgd'},
20,11,0,41,181.6268063,{'activation': 'relu', 'alpha': 0.05, 'hidden_layer_sizes': (100,), 'learning_rate': 'invscaling', 'max_iter': 10000, 'solver': 'sgd'},
20,12,0,44,159.4403303,{'activation': 'identity', 'alpha': 0.05, 'hidden_layer_sizes': (20,100, 20), 'learning_rate': 'invscaling', 'max_iter': 20000, 'solver': 'sgd'}
20,13,0,56,152.7853682,{'activation': 'tanh', 'alpha': 0.0001, 'hidden_layer_sizes': (20,), 'learning_rate': 'invscaling', 'max_iter': 20000, 'solver': 'sgd'},
20,14,0,43,150.8485687,{'activation': 'identity', 'alpha': 0.0001, 'hidden_layer_sizes': (100, 100), 'learning_rate': 'invscaling', 'max_iter': 5000, 'solver': 'sgd'},
20,15,0,53,241.317049,{'activation': 'identity', 'alpha': 0.0001, 'hidden_layer_sizes': (100, 100), 'learning_rate': 'invscaling', 'max_iter': 20000, 'solver': 'sgd'},
20,16,0,48,159.0306442,{'activation': 'relu', 'alpha': 0.0001, 'hidden_layer_sizes': (20,), 'learning_rate': 'invscaling', 'max_iter': 10000, 'solver': 'sgd'},
20,17,0,38,160.3839636,{'activation': 'identity', 'alpha': 0.0001, 'hidden_layer_sizes': (20,100, 20), 'learning_rate': 'invscaling', 'max_iter': 5000, 'solver': 'sgd'}
20,18,0,49,161.2158895,{'activation': 'identity', 'alpha': 0.05, 'hidden_layer_sizes': (20,), 'learning_rate': 'invscaling', 'max_iter': 10000, 'solver': 'sgd'},
20,19,0,46,152.603518,{'activation': 'identity', 'alpha': 0.0001, 'hidden_layer_sizes': (20,), 'learning_rate': 'invscaling', 'max_iter': 10000, 'solver': 'sgd'},
30,0,0,40,152.9158001,{'activation': 'identity', 'alpha': 0.0001, 'hidden_layer_sizes': (20,), 'learning_rate': 'invscaling', 'max_iter': 50000, 'solver': 'sgd'},
30,1,0,50,222.1178975,{'activation': 'tanh', 'alpha': 0.0001, 'hidden_layer_sizes': (100, 100), 'learning_rate': 'invscaling', 'max_iter': 5000, 'solver': 'sgd'},
30,2,0,55,180.4175212,{'activation': 'tanh', 'alpha': 0.0001, 'hidden_layer_sizes': (100, 100), 'learning_rate': 'invscaling', 'max_iter': 10000, 'solver': 'sgd'},
30,3,0,60,160.4807749,{'activation': 'logistic', 'alpha': 0.05, 'hidden_layer_sizes': (20,), 'learning_rate': 'adaptive', 'max_iter': 50000, 'solver': 'sgd'},
30,4,0,41,160.2476549,{'activation': 'identity', 'alpha': 0.05, 'hidden_layer_sizes': (20,100, 20), 'learning_rate': 'invscaling', 'max_iter': 50000, 'solver': 'sgd'}
30,5,0,56,189.0687242,{'activation': 'identity', 'alpha': 0.05, 'hidden_layer_sizes': (100, 100), 'learning_rate': 'invscaling', 'max_iter': 20000, 'solver': 'sgd'},
30,6,0,39,233.5934711,{'activation': 'identity', 'alpha': 0.05, 'hidden_layer_sizes': (100, 100), 'learning_rate': 'invscaling', 'max_iter': 20000, 'solver': 'sgd'},
30,7,0,56,178.8388717,{'activation': 'relu', 'alpha': 0.0001, 'hidden_layer_sizes': (100,), 'learning_rate': 'invscaling', 'max_iter': 5000, 'solver': 'sgd'},
30,8,0,52,175.7630324,{'activation': 'tanh', 'alpha': 0.05, 'hidden_layer_sizes': (100, 100), 'learning_rate': 'invscaling', 'max_iter': 10000, 'solver': 'sgd'},
30,9,0,65,164.7987204,{'activation': 'relu', 'alpha': 0.0001, 'hidden_layer_sizes': (20,100, 20), 'learning_rate': 'adaptive', 'max_iter': 50000, 'solver': 'sgd'}
30,10,0,34,160.3520989,{'activation': 'relu', 'alpha': 0.0001, 'hidden_layer_sizes': (20,), 'learning_rate': 'invscaling', 'max_iter': 20000, 'solver': 'sgd'},
30,11,0,64,164.9656219,{'activation': 'relu', 'alpha': 0.0001, 'hidden_layer_sizes': (20,), 'learning_rate': 'constant', 'max_iter': 50000, 'solver': 'sgd'},
30,12,0,36,242.1027353,{'activation': 'identity', 'alpha': 0.0001, 'hidden_layer_sizes': (100, 100), 'learning_rate': 'invscaling', 'max_iter': 5000, 'solver': 'sgd'},
30,13,0,65,162.9016898,{'activation': 'logistic', 'alpha': 0.05, 'hidden_layer_sizes': (20,), 'learning_rate': 'adaptive', 'max_iter': 50000, 'solver': 'sgd'},
30,14,0,40,229.4831331,{'activation': 'relu', 'alpha': 0.0001, 'hidden_layer_sizes': (100,), 'learning_rate': 'invscaling', 'max_iter': 10000, 'solver': 'sgd'},
30,15,0,39,176.9030261,{'activation': 'identity', 'alpha': 0.05, 'hidden_layer_sizes': (100,), 'learning_rate': 'invscaling', 'max_iter': 20000, 'solver': 'sgd'},
30,16,0,50,230.6083138,{'activation': 'identity', 'alpha': 0.05, 'hidden_layer_sizes': (100, 100), 'learning_rate': 'invscaling', 'max_iter': 20000, 'solver': 'sgd'},
30,17,0,51,158.9658849,{'activation': 'identity', 'alpha': 0.0001, 'hidden_layer_sizes': (20,), 'learning_rate': 'invscaling', 'max_iter': 20000, 'solver': 'sgd'},
30,18,0,60,161.3255277,{'activation': 'logistic', 'alpha': 0.05, 'hidden_layer_sizes': (20,), 'learning_rate': 'constant', 'max_iter': 10000, 'solver': 'sgd'},
30,19,0,64,157.4389791,{'activation': 'logistic', 'alpha': 0.0001, 'hidden_layer_sizes': (20,), 'learning_rate': 'constant', 'max_iter': 5000, 'solver': 'sgd'},
60,0,0,68,318.5025609,{'activation': 'logistic', 'alpha': 0.0001, 'hidden_layer_sizes': (100,), 'learning_rate': 'adaptive', 'max_iter': 5000, 'solver': 'sgd'},
60,1,0,68,296.0453501,{'activation': 'logistic', 'alpha': 0.0001, 'hidden_layer_sizes': (100,), 'learning_rate': 'adaptive', 'max_iter': 50000, 'solver': 'sgd'},
60,2,0,68,317.7775834,{'activation': 'logistic', 'alpha': 0.05, 'hidden_layer_sizes': (100,), 'learning_rate': 'constant', 'max_iter': 10000, 'solver': 'sgd'},
60,3,0,68,321.830786,{'activation': 'logistic', 'alpha': 0.0001, 'hidden_layer_sizes': (100,), 'learning_rate': 'adaptive', 'max_iter': 5000, 'solver': 'sgd'},
60,4,0,61,227.2073524,{'activation': 'tanh', 'alpha': 0.0001, 'hidden_layer_sizes': (20,), 'learning_rate': 'constant', 'max_iter': 5000, 'solver': 'sgd'},
60,5,0,69,215.9321439,{'activation': 'logistic', 'alpha': 0.05, 'hidden_layer_sizes': (20,), 'learning_rate': 'adaptive', 'max_iter': 50000, 'solver': 'sgd'},
60,6,0,68,417.9838746,{'activation': 'tanh', 'alpha': 0.0001, 'hidden_layer_sizes': (100,), 'learning_rate': 'constant', 'max_iter': 50000, 'solver': 'sgd'},
60,7,0,70,217.9339757,{'activation': 'tanh', 'alpha': 0.0001, 'hidden_layer_sizes': (20,), 'learning_rate': 'constant', 'max_iter': 10000, 'solver': 'sgd'},
60,8,0,52,224.4271507,{'activation': 'tanh', 'alpha': 0.05, 'hidden_layer_sizes': (20,100, 20), 'learning_rate': 'adaptive', 'max_iter': 50000, 'solver': 'adam'}
60,9,0,67,227.7756436,{'activation': 'tanh', 'alpha': 0.0001, 'hidden_layer_sizes': (20,), 'learning_rate': 'adaptive', 'max_iter': 20000, 'solver': 'sgd'},
60,10,0,63,220.0290029,{'activation': 'relu', 'alpha': 0.0001, 'hidden_layer_sizes': (20,100, 20), 'learning_rate': 'constant', 'max_iter': 20000, 'solver': 'adam'}
60,11,0,56,217.0430257,{'activation': 'tanh', 'alpha': 0.0001, 'hidden_layer_sizes': (20,100, 20), 'learning_rate': 'adaptive', 'max_iter': 10000, 'solver': 'adam'}
60,12,0,66,226.0357144,{'activation': 'logistic', 'alpha': 0.05, 'hidden_layer_sizes': (20,), 'learning_rate': 'constant', 'max_iter': 20000, 'solver': 'sgd'},
60,13,0,69,224.4380798,{'activation': 'logistic', 'alpha': 0.0001, 'hidden_layer_sizes': (20,), 'learning_rate': 'adaptive', 'max_iter': 5000, 'solver': 'sgd'},
60,14,0,67,292.1326425,{'activation': 'logistic', 'alpha': 0.0001, 'hidden_layer_sizes': (100,), 'learning_rate': 'constant', 'max_iter': 5000, 'solver': 'sgd'},
60,15,0,69,226.0159171,{'activation': 'logistic', 'alpha': 0.0001, 'hidden_layer_sizes': (20,), 'learning_rate': 'adaptive', 'max_iter': 20000, 'solver': 'sgd'},
60,16,0,59,225.4760697,{'activation': 'tanh', 'alpha': 0.0001, 'hidden_layer_sizes': (20,100, 20), 'learning_rate': 'constant', 'max_iter': 20000, 'solver': 'sgd'}
60,17,0,67,219.3815575,{'activation': 'tanh', 'alpha': 0.0001, 'hidden_layer_sizes': (20,), 'learning_rate': 'constant', 'max_iter': 10000, 'solver': 'sgd'},
60,18,0,69,321.2074318,{'activation': 'logistic', 'alpha': 0.0001, 'hidden_layer_sizes': (100,), 'learning_rate': 'constant', 'max_iter': 50000, 'solver': 'sgd'},
60,19,0,66,226.4787335,{'activation': 'logistic', 'alpha': 0.05, 'hidden_layer_sizes': (20,), 'learning_rate': 'constant', 'max_iter': 5000, 'solver': 'sgd'},
100,0,0,42,409.9618556,{'activation': 'identity', 'alpha': 0.05, 'hidden_layer_sizes': (20,), 'learning_rate': 'adaptive', 'max_iter': 5000, 'solver': 'sgd'},
100,1,0,57,392.9343007,{'activation': 'tanh', 'alpha': 0.05, 'hidden_layer_sizes': (20,100, 20), 'learning_rate': 'invscaling', 'max_iter': 10000, 'solver': 'adam'}
100,2,0,60,430.7818897,{'activation': 'logistic', 'alpha': 0.0001, 'hidden_layer_sizes': (20,), 'learning_rate': 'invscaling', 'max_iter': 10000, 'solver': 'adam'},
100,3,0,57,391.5924532,{'activation': 'identity', 'alpha': 0.05, 'hidden_layer_sizes': (20,), 'learning_rate': 'adaptive', 'max_iter': 10000, 'solver': 'sgd'},
100,4,0,67,409.4442828,{'activation': 'logistic', 'alpha': 0.05, 'hidden_layer_sizes': (20,), 'learning_rate': 'adaptive', 'max_iter': 5000, 'solver': 'adam'},
100,5,0,58,622.5090709,{'activation': 'relu', 'alpha': 0.05, 'hidden_layer_sizes': (20,100, 20), 'learning_rate': 'constant', 'max_iter': 10000, 'solver': 'sgd'}
100,6,0,67,345.6560845,{'activation': 'logistic', 'alpha': 0.05, 'hidden_layer_sizes': (20,), 'learning_rate': 'constant', 'max_iter': 20000, 'solver': 'sgd'},
100,7,0,66,401.0715249,{'activation': 'tanh', 'alpha': 0.05, 'hidden_layer_sizes': (20,100, 20), 'learning_rate': 'invscaling', 'max_iter': 5000, 'solver': 'adam'}
100,8,0,63,497.3180535,{'activation': 'tanh', 'alpha': 0.0001, 'hidden_layer_sizes': (20,), 'learning_rate': 'constant', 'max_iter': 10000, 'solver': 'sgd'},
100,9,0,63,351.8171597,{'activation': 'identity', 'alpha': 0.0001, 'hidden_layer_sizes': (100,), 'learning_rate': 'constant', 'max_iter': 50000, 'solver': 'sgd'},
100,10,0,71,442.8912518,{'activation': 'logistic', 'alpha': 0.05, 'hidden_layer_sizes': (20,), 'learning_rate': 'invscaling', 'max_iter': 10000, 'solver': 'adam'},
100,11,0,64,554.060024,{'activation': 'relu', 'alpha': 0.05, 'hidden_layer_sizes': (20,), 'learning_rate': 'constant', 'max_iter': 20000, 'solver': 'sgd'},
100,12,0,63,404.4722955,{'activation': 'logistic', 'alpha': 0.05, 'hidden_layer_sizes': (20,), 'learning_rate': 'constant', 'max_iter': 20000, 'solver': 'adam'},
100,13,0,60,493.3492494,{'activation': 'relu', 'alpha': 0.05, 'hidden_layer_sizes': (20,), 'learning_rate': 'adaptive', 'max_iter': 50000, 'solver': 'sgd'},
100,14,0,66,357.5795484,{'activation': 'identity', 'alpha': 0.0001, 'hidden_layer_sizes': (100,), 'learning_rate': 'constant', 'max_iter': 20000, 'solver': 'sgd'},
100,15,0,70,386.9971838,{'activation': 'tanh', 'alpha': 0.05, 'hidden_layer_sizes': (20,), 'learning_rate': 'constant', 'max_iter': 5000, 'solver': 'adam'},
100,16,0,44,398.1437569,{'activation': 'identity', 'alpha': 0.05, 'hidden_layer_sizes': (20,), 'learning_rate': 'constant', 'max_iter': 5000, 'solver': 'sgd'},
100,17,0,65,422.464838,{'activation': 'logistic', 'alpha': 0.05, 'hidden_layer_sizes': (20,), 'learning_rate': 'invscaling', 'max_iter': 5000, 'solver': 'adam'},
100,18,0,49,342.7913151,{'activation': 'identity', 'alpha': 0.05, 'hidden_layer_sizes': (20,), 'learning_rate': 'constant', 'max_iter': 20000, 'solver': 'sgd'},
100,19,0,65,395.3747528,{'activation': 'identity', 'alpha': 0.0001, 'hidden_layer_sizes': (20,), 'learning_rate': 'constant', 'max_iter': 10000, 'solver': 'sgd'},
5,0,0,45,96.44623256,{'activation': 'tanh', 'alpha': 0.0001, 'hidden_layer_sizes': (20,), 'learning_rate': 'invscaling', 'max_iter': 50000, 'solver': 'sgd'},
5,1,0,40,95.56097674,{'activation': 'tanh', 'alpha': 0.05, 'hidden_layer_sizes': (20,100, 20), 'learning_rate': 'invscaling', 'max_iter': 50000, 'solver': 'sgd'}
5,2,0,46,96.07483935,{'activation': 'identity', 'alpha': 0.05, 'hidden_layer_sizes': (100, 100), 'learning_rate': 'invscaling', 'max_iter': 20000, 'solver': 'sgd'},
5,3,0,51,95.98211479,{'activation': 'relu', 'alpha': 0.0001, 'hidden_layer_sizes': (20,100, 20), 'learning_rate': 'invscaling', 'max_iter': 20000, 'solver': 'sgd'}
5,4,0,51,95.1331079,{'activation': 'identity', 'alpha': 0.05, 'hidden_layer_sizes': (20,), 'learning_rate': 'invscaling', 'max_iter': 10000, 'solver': 'sgd'},
5,5,0,37,95.87090802,{'activation': 'logistic', 'alpha': 0.0001, 'hidden_layer_sizes': (100,), 'learning_rate': 'invscaling', 'max_iter': 5000, 'solver': 'sgd'},
5,6,0,44,95.74150252,{'activation': 'logistic', 'alpha': 0.05, 'hidden_layer_sizes': (100, 100), 'learning_rate': 'constant', 'max_iter': 5000, 'solver': 'sgd'},
5,7,0,44,93.68842316,{'activation': 'tanh', 'alpha': 0.0001, 'hidden_layer_sizes': (20,), 'learning_rate': 'invscaling', 'max_iter': 10000, 'solver': 'sgd'},
5,8,0,41,96.09806514,{'activation': 'identity', 'alpha': 0.05, 'hidden_layer_sizes': (20,), 'learning_rate': 'invscaling', 'max_iter': 50000, 'solver': 'sgd'},
5,9,0,45,95.43283153,{'activation': 'logistic', 'alpha': 0.0001, 'hidden_layer_sizes': (100, 100), 'learning_rate': 'adaptive', 'max_iter': 20000, 'solver': 'sgd'},
5,10,0,49,96.58994985,{'activation': 'logistic', 'alpha': 0.05, 'hidden_layer_sizes': (100, 100), 'learning_rate': 'adaptive', 'max_iter': 50000, 'solver': 'sgd'},
5,11,0,34,93.72924089,{'activation': 'logistic', 'alpha': 0.05, 'hidden_layer_sizes': (100, 100), 'learning_rate': 'constant', 'max_iter': 5000, 'solver': 'sgd'},
5,12,0,58,97.00814533,{'activation': 'identity', 'alpha': 0.05, 'hidden_layer_sizes': (20,100, 20), 'learning_rate': 'invscaling', 'max_iter': 10000, 'solver': 'sgd'}
5,13,0,36,95.0053997,{'activation': 'relu', 'alpha': 0.0001, 'hidden_layer_sizes': (20,100, 20), 'learning_rate': 'invscaling', 'max_iter': 10000, 'solver': 'sgd'}
5,14,0,44,96.77511811,{'activation': 'logistic', 'alpha': 0.05, 'hidden_layer_sizes': (100, 100), 'learning_rate': 'constant', 'max_iter': 10000, 'solver': 'sgd'},
5,15,0,60,103.8250132,{'activation': 'identity', 'alpha': 0.0001, 'hidden_layer_sizes': (20,), 'learning_rate': 'invscaling', 'max_iter': 10000, 'solver': 'sgd'},
5,16,0,38,96.67533541,{'activation': 'identity', 'alpha': 0.05, 'hidden_layer_sizes': (20,), 'learning_rate': 'invscaling', 'max_iter': 10000, 'solver': 'sgd'},
5,17,0,37,95.82615113,{'activation': 'tanh', 'alpha': 0.0001, 'hidden_layer_sizes': (20,), 'learning_rate': 'invscaling', 'max_iter': 50000, 'solver': 'sgd'},
5,18,0,40,96.95180178,{'activation': 'logistic', 'alpha': 0.0001, 'hidden_layer_sizes': (100, 100), 'learning_rate': 'adaptive', 'max_iter': 20000, 'solver': 'sgd'},
5,19,0,34,95.43839574,{'activation': 'logistic', 'alpha': 0.0001, 'hidden_layer_sizes': (100,), 'learning_rate': 'invscaling', 'max_iter': 20000, 'solver': 'sgd'},
10,0,0,61,110.0155249,{'activation': 'identity', 'alpha': 0.0001, 'hidden_layer_sizes': (100, 100), 'learning_rate': 'invscaling', 'max_iter': 50000, 'solver': 'sgd'},
10,1,0,39,109.5908098,{'activation': 'relu', 'alpha': 0.0001, 'hidden_layer_sizes': (100,), 'learning_rate': 'invscaling', 'max_iter': 50000, 'solver': 'sgd'},
10,2,0,43,106.5605855,{'activation': 'identity', 'alpha': 0.0001, 'hidden_layer_sizes': (20,), 'learning_rate': 'invscaling', 'max_iter': 50000, 'solver': 'sgd'},
10,3,0,37,109.2886312,{'activation': 'identity', 'alpha': 0.05, 'hidden_layer_sizes': (20,), 'learning_rate': 'invscaling', 'max_iter': 20000, 'solver': 'sgd'},
10,4,0,52,107.2843311,{'activation': 'relu', 'alpha': 0.05, 'hidden_layer_sizes': (20,), 'learning_rate': 'invscaling', 'max_iter': 5000, 'solver': 'sgd'},
10,5,0,42,108.0554056,{'activation': 'tanh', 'alpha': 0.05, 'hidden_layer_sizes': (20,100, 20), 'learning_rate': 'invscaling', 'max_iter': 5000, 'solver': 'sgd'}
10,6,0,44,108.5574496,{'activation': 'tanh', 'alpha': 0.05, 'hidden_layer_sizes': (100,), 'learning_rate': 'invscaling', 'max_iter': 20000, 'solver': 'sgd'},
10,7,0,58,106.9629061,{'activation': 'identity', 'alpha': 0.0001, 'hidden_layer_sizes': (100, 100), 'learning_rate': 'invscaling', 'max_iter': 20000, 'solver': 'sgd'},
10,8,0,48,109.0863142,{'activation': 'tanh', 'alpha': 0.0001, 'hidden_layer_sizes': (20,100, 20), 'learning_rate': 'invscaling', 'max_iter': 50000, 'solver': 'sgd'}
10,9,0,43,107.8224502,{'activation': 'relu', 'alpha': 0.05, 'hidden_layer_sizes': (20,), 'learning_rate': 'invscaling', 'max_iter': 50000, 'solver': 'sgd'},
10,10,0,38,109.3457377,{'activation': 'identity', 'alpha': 0.0001, 'hidden_layer_sizes': (20,), 'learning_rate': 'invscaling', 'max_iter': 20000, 'solver': 'sgd'},
10,11,0,48,109.9378734,{'activation': 'identity', 'alpha': 0.0001, 'hidden_layer_sizes': (100, 100), 'learning_rate': 'invscaling', 'max_iter': 5000, 'solver': 'sgd'},
10,12,0,58,106.5386088,{'activation': 'identity', 'alpha': 0.0001, 'hidden_layer_sizes': (20,100, 20), 'learning_rate': 'invscaling', 'max_iter': 20000, 'solver': 'sgd'}
10,13,0,42,109.1203039,{'activation': 'tanh', 'alpha': 0.0001, 'hidden_layer_sizes': (20,100, 20), 'learning_rate': 'invscaling', 'max_iter': 10000, 'solver': 'sgd'}
10,14,0,47,106.4736204,{'activation': 'tanh', 'alpha': 0.0001, 'hidden_layer_sizes': (20,100, 20), 'learning_rate': 'invscaling', 'max_iter': 50000, 'solver': 'sgd'}
10,15,0,47,97.98136044,{'activation': 'identity', 'alpha': 0.05, 'hidden_layer_sizes': (20,100, 20), 'learning_rate': 'constant', 'max_iter': 10000, 'solver': 'sgd'}
10,16,0,38,107.5521834,{'activation': 'relu', 'alpha': 0.05, 'hidden_layer_sizes': (20,), 'learning_rate': 'invscaling', 'max_iter': 50000, 'solver': 'sgd'},
10,17,0,52,107.6210058,{'activation': 'tanh', 'alpha': 0.0001, 'hidden_layer_sizes': (100, 100), 'learning_rate': 'invscaling', 'max_iter': 20000, 'solver': 'sgd'},
10,18,0,40,106.8860631,{'activation': 'tanh', 'alpha': 0.0001, 'hidden_layer_sizes': (20,), 'learning_rate': 'invscaling', 'max_iter': 5000, 'solver': 'sgd'},
10,19,0,40,109.6584568,{'activation': 'identity', 'alpha': 0.05, 'hidden_layer_sizes': (100,), 'learning_rate': 'invscaling', 'max_iter': 20000, 'solver': 'sgd'},
15,0,0,41,228.4330235,{'activation': 'identity', 'alpha': 0.0001, 'hidden_layer_sizes': (100, 100), 'learning_rate': 'invscaling', 'max_iter': 10000, 'solver': 'sgd'},
15,1,0,52,130.7157927,{'activation': 'tanh', 'alpha': 0.05, 'hidden_layer_sizes': (100,), 'learning_rate': 'invscaling', 'max_iter': 50000, 'solver': 'sgd'},
15,2,0,43,128.4075265,{'activation': 'tanh', 'alpha': 0.0001, 'hidden_layer_sizes': (20,), 'learning_rate': 'invscaling', 'max_iter': 20000, 'solver': 'sgd'},
15,3,0,54,124.1129642,{'activation': 'identity', 'alpha': 0.0001, 'hidden_layer_sizes': (100,), 'learning_rate': 'invscaling', 'max_iter': 20000, 'solver': 'sgd'},
15,4,0,37,126.9326067,{'activation': 'identity', 'alpha': 0.05, 'hidden_layer_sizes': (20,), 'learning_rate': 'invscaling', 'max_iter': 50000, 'solver': 'sgd'},
15,5,0,44,126.5937343,{'activation': 'identity', 'alpha': 0.05, 'hidden_layer_sizes': (100,), 'learning_rate': 'invscaling', 'max_iter': 50000, 'solver': 'sgd'},
15,6,0,60,127.9936175,{'activation': 'relu', 'alpha': 0.0001, 'hidden_layer_sizes': (20,), 'learning_rate': 'invscaling', 'max_iter': 10000, 'solver': 'sgd'},
15,7,0,59,183.0889056,{'activation': 'identity', 'alpha': 0.05, 'hidden_layer_sizes': (100,), 'learning_rate': 'invscaling', 'max_iter': 5000, 'solver': 'sgd'},
15,8,0,53,150.0691509,{'activation': 'tanh', 'alpha': 0.05, 'hidden_layer_sizes': (100,), 'learning_rate': 'invscaling', 'max_iter': 50000, 'solver': 'sgd'},
15,9,0,42,154.3128018,{'activation': 'identity', 'alpha': 0.0001, 'hidden_layer_sizes': (100,), 'learning_rate': 'invscaling', 'max_iter': 20000, 'solver': 'sgd'},
15,10,0,49,127.4703307,{'activation': 'tanh', 'alpha': 0.0001, 'hidden_layer_sizes': (20,100, 20), 'learning_rate': 'invscaling', 'max_iter': 50000, 'solver': 'sgd'}
15,11,0,63,123.2872455,{'activation': 'identity', 'alpha': 0.0001, 'hidden_layer_sizes': (20,100, 20), 'learning_rate': 'invscaling', 'max_iter': 5000, 'solver': 'sgd'}
15,12,0,43,135.4326336,{'activation': 'tanh', 'alpha': 0.0001, 'hidden_layer_sizes': (100, 100), 'learning_rate': 'invscaling', 'max_iter': 10000, 'solver': 'sgd'},
15,13,0,60,127.8541706,{'activation': 'identity', 'alpha': 0.05, 'hidden_layer_sizes': (20,100, 20), 'learning_rate': 'invscaling', 'max_iter': 50000, 'solver': 'sgd'}
15,14,0,43,125.7991278,{'activation': 'identity', 'alpha': 0.05, 'hidden_layer_sizes': (20,), 'learning_rate': 'invscaling', 'max_iter': 10000, 'solver': 'sgd'},
15,15,0,38,128.7545366,{'activation': 'relu', 'alpha': 0.0001, 'hidden_layer_sizes': (20,), 'learning_rate': 'invscaling', 'max_iter': 20000, 'solver': 'sgd'},
15,16,0,46,184.2129107,{'activation': 'identity', 'alpha': 0.05, 'hidden_layer_sizes': (100, 100), 'learning_rate': 'invscaling', 'max_iter': 10000, 'solver': 'sgd'},
15,17,0,53,125.4579394,{'activation': 'identity', 'alpha': 0.05, 'hidden_layer_sizes': (20,), 'learning_rate': 'invscaling', 'max_iter': 10000, 'solver': 'sgd'},
15,18,0,48,171.1804574,{'activation': 'relu', 'alpha': 0.05, 'hidden_layer_sizes': (100,), 'learning_rate': 'invscaling', 'max_iter': 5000, 'solver': 'sgd'},
15,19,0,51,126.7417634,{'activation': 'tanh', 'alpha': 0.0001, 'hidden_layer_sizes': (20,100, 20), 'learning_rate': 'invscaling', 'max_iter': 5000, 'solver': 'sgd'}
20,0,0,41,244.3565466,{'activation': 'identity', 'alpha': 0.0001, 'hidden_layer_sizes': (100, 100), 'learning_rate': 'invscaling', 'max_iter': 10000, 'solver': 'sgd'},
20,1,0,48,190.6216989,{'activation': 'relu', 'alpha': 0.0001, 'hidden_layer_sizes': (100, 100), 'learning_rate': 'invscaling', 'max_iter': 20000, 'solver': 'sgd'},
20,2,0,37,153.0463247,{'activation': 'identity', 'alpha': 0.05, 'hidden_layer_sizes': (20,100, 20), 'learning_rate': 'invscaling', 'max_iter': 10000, 'solver': 'sgd'}
20,3,0,65,207.1072557,{'activation': 'identity', 'alpha': 0.0001, 'hidden_layer_sizes': (100, 100), 'learning_rate': 'invscaling', 'max_iter': 5000, 'solver': 'sgd'},
20,4,0,53,141.5086067,{'activation': 'identity', 'alpha': 0.05, 'hidden_layer_sizes': (20,100, 20), 'learning_rate': 'invscaling', 'max_iter': 10000, 'solver': 'sgd'}
20,5,0,52,154.0658066,{'activation': 'identity', 'alpha': 0.0001, 'hidden_layer_sizes': (100, 100), 'learning_rate': 'invscaling', 'max_iter': 20000, 'solver': 'sgd'},
20,6,0,38,147.7654793,{'activation': 'identity', 'alpha': 0.0001, 'hidden_layer_sizes': (20,), 'learning_rate': 'invscaling', 'max_iter': 5000, 'solver': 'sgd'},
20,7,0,47,152.1660433,{'activation': 'identity', 'alpha': 0.0001, 'hidden_layer_sizes': (20,100, 20), 'learning_rate': 'invscaling', 'max_iter': 20000, 'solver': 'sgd'}
20,8,0,45,151.6763406,{'activation': 'identity', 'alpha': 0.0001, 'hidden_layer_sizes': (20,), 'learning_rate': 'invscaling', 'max_iter': 5000, 'solver': 'sgd'},
20,9,0,41,204.1297555,{'activation': 'identity', 'alpha': 0.0001, 'hidden_layer_sizes': (100, 100), 'learning_rate': 'invscaling', 'max_iter': 20000, 'solver': 'sgd'},
20,10,0,54,185.1685612,{'activation': 'identity', 'alpha': 0.0001, 'hidden_layer_sizes': (100,), 'learning_rate': 'invscaling', 'max_iter': 20000, 'solver': 'sgd'},
20,11,0,40,155.6678329,{'activation': 'identity', 'alpha': 0.0001, 'hidden_layer_sizes': (20,), 'learning_rate': 'invscaling', 'max_iter': 10000, 'solver': 'sgd'},
20,12,0,39,148.6780612,{'activation': 'identity', 'alpha': 0.0001, 'hidden_layer_sizes': (20,), 'learning_rate': 'invscaling', 'max_iter': 50000, 'solver': 'sgd'},
20,13,0,50,260.6994808,{'activation': 'identity', 'alpha': 0.0001, 'hidden_layer_sizes': (100, 100), 'learning_rate': 'invscaling', 'max_iter': 20000, 'solver': 'sgd'},
20,14,0,37,154.3965216,{'activation': 'identity', 'alpha': 0.0001, 'hidden_layer_sizes': (20,), 'learning_rate': 'invscaling', 'max_iter': 50000, 'solver': 'sgd'},
20,15,0,49,154.4444439,{'activation': 'identity', 'alpha': 0.05, 'hidden_layer_sizes': (20,100, 20), 'learning_rate': 'invscaling', 'max_iter': 5000, 'solver': 'sgd'}
20,16,0,40,149.7154775,{'activation': 'identity', 'alpha': 0.05, 'hidden_layer_sizes': (20,), 'learning_rate': 'invscaling', 'max_iter': 5000, 'solver': 'sgd'},
20,17,0,44,155.0709758,{'activation': 'identity', 'alpha': 0.0001, 'hidden_layer_sizes': (100,), 'learning_rate': 'invscaling', 'max_iter': 5000, 'solver': 'sgd'},
20,18,0,50,177.2663522,{'activation': 'identity', 'alpha': 0.05, 'hidden_layer_sizes': (100,), 'learning_rate': 'invscaling', 'max_iter': 20000, 'solver': 'sgd'},
20,19,0,61,152.7062113,{'activation': 'identity', 'alpha': 0.05, 'hidden_layer_sizes': (100, 100), 'learning_rate': 'invscaling', 'max_iter': 5000, 'solver': 'sgd'},
30,0,0,46,162.1994343,{'activation': 'identity', 'alpha': 0.05, 'hidden_layer_sizes': (20,), 'learning_rate': 'invscaling', 'max_iter': 5000, 'solver': 'sgd'},
30,1,0,46,176.7239769,{'activation': 'tanh', 'alpha': 0.05, 'hidden_layer_sizes': (100, 100), 'learning_rate': 'invscaling', 'max_iter': 50000, 'solver': 'sgd'},
30,2,0,48,165.9400442,{'activation': 'relu', 'alpha': 0.05, 'hidden_layer_sizes': (100,), 'learning_rate': 'invscaling', 'max_iter': 50000, 'solver': 'sgd'},
30,3,0,63,155.894032,{'activation': 'relu', 'alpha': 0.0001, 'hidden_layer_sizes': (20,), 'learning_rate': 'invscaling', 'max_iter': 10000, 'solver': 'lbfgs'},
30,4,0,64,166.8946502,{'activation': 'relu', 'alpha': 0.0001, 'hidden_layer_sizes': (100, 100), 'learning_rate': 'invscaling', 'max_iter': 50000, 'solver': 'lbfgs'},
30,5,0,59,159.943891,{'activation': 'identity', 'alpha': 0.05, 'hidden_layer_sizes': (100,), 'learning_rate': 'invscaling', 'max_iter': 50000, 'solver': 'adam'},
30,6,0,68,165.4650505,{'activation': 'relu', 'alpha': 0.0001, 'hidden_layer_sizes': (100,), 'learning_rate': 'constant', 'max_iter': 20000, 'solver': 'lbfgs'},
30,7,0,57,248.3193417,{'activation': 'identity', 'alpha': 0.05, 'hidden_layer_sizes': (100, 100), 'learning_rate': 'constant', 'max_iter': 50000, 'solver': 'adam'},
30,8,0,57,169.5319407,{'activation': 'relu', 'alpha': 0.0001, 'hidden_layer_sizes': (100,), 'learning_rate': 'invscaling', 'max_iter': 20000, 'solver': 'sgd'},
30,9,0,50,174.1983726,{'activation': 'tanh', 'alpha': 0.05, 'hidden_layer_sizes': (100, 100), 'learning_rate': 'invscaling', 'max_iter': 20000, 'solver': 'sgd'},
30,10,0,49,179.2096403,{'activation': 'identity', 'alpha': 0.0001, 'hidden_layer_sizes': (100,), 'learning_rate': 'invscaling', 'max_iter': 50000, 'solver': 'sgd'},
30,11,0,57,161.7891748,{'activation': 'tanh', 'alpha': 0.0001, 'hidden_layer_sizes': (100, 100), 'learning_rate': 'constant', 'max_iter': 5000, 'solver': 'adam'},
30,12,0,67,160.6501572,{'activation': 'relu', 'alpha': 0.0001, 'hidden_layer_sizes': (20,), 'learning_rate': 'adaptive', 'max_iter': 20000, 'solver': 'adam'},
30,13,0,65,158.1758814,{'activation': 'relu', 'alpha': 0.0001, 'hidden_layer_sizes': (20,100, 20), 'learning_rate': 'adaptive', 'max_iter': 5000, 'solver': 'lbfgs'}
30,14,0,59,162.5261464,{'activation': 'tanh', 'alpha': 0.05, 'hidden_layer_sizes': (20,100, 20), 'learning_rate': 'adaptive', 'max_iter': 10000, 'solver': 'sgd'}
30,15,0,42,159.3838375,{'activation': 'identity', 'alpha': 0.0001, 'hidden_layer_sizes': (20,100, 20), 'learning_rate': 'invscaling', 'max_iter': 20000, 'solver': 'sgd'}
30,16,0,61,153.6048038,{'activation': 'identity', 'alpha': 0.0001, 'hidden_layer_sizes': (100,), 'learning_rate': 'invscaling', 'max_iter': 10000, 'solver': 'sgd'},
30,17,0,65,162.0329385,{'activation': 'tanh', 'alpha': 0.05, 'hidden_layer_sizes': (20,100, 20), 'learning_rate': 'constant', 'max_iter': 50000, 'solver': 'adam'}
30,18,0,65,162.4016299,{'activation': 'relu', 'alpha': 0.05, 'hidden_layer_sizes': (20,100, 20), 'learning_rate': 'adaptive', 'max_iter': 5000, 'solver': 'sgd'}
30,19,0,64,162.2951519,{'activation': 'identity', 'alpha': 0.0001, 'hidden_layer_sizes': (20,100, 20), 'learning_rate': 'invscaling', 'max_iter': 5000, 'solver': 'adam'}
60,0,0,72,323.3046627,{'activation': 'relu', 'alpha': 0.0001, 'hidden_layer_sizes': (100,), 'learning_rate': 'adaptive', 'max_iter': 10000, 'solver': 'sgd'},
60,1,0,69,215.2857971,{'activation': 'tanh', 'alpha': 0.0001, 'hidden_layer_sizes': (20,), 'learning_rate': 'adaptive', 'max_iter': 10000, 'solver': 'sgd'},
60,2,0,71,257.2185688,{'activation': 'relu', 'alpha': 0.05, 'hidden_layer_sizes': (100, 100), 'learning_rate': 'adaptive', 'max_iter': 50000, 'solver': 'sgd'},
60,3,0,71,446.8089166,{'activation': 'tanh', 'alpha': 0.05, 'hidden_layer_sizes': (100, 100), 'learning_rate': 'adaptive', 'max_iter': 10000, 'solver': 'sgd'},
60,4,0,48,213.4300668,{'activation': 'relu', 'alpha': 0.0001, 'hidden_layer_sizes': (20,100, 20), 'learning_rate': 'invscaling', 'max_iter': 20000, 'solver': 'adam'}
60,5,0,68,323.0425487,{'activation': 'logistic', 'alpha': 0.05, 'hidden_layer_sizes': (100,), 'learning_rate': 'adaptive', 'max_iter': 10000, 'solver': 'sgd'},
60,6,0,70,293.8176796,{'activation': 'tanh', 'alpha': 0.0001, 'hidden_layer_sizes': (100,), 'learning_rate': 'adaptive', 'max_iter': 5000, 'solver': 'sgd'},
60,7,0,69,215.6978188,{'activation': 'relu', 'alpha': 0.05, 'hidden_layer_sizes': (20,100, 20), 'learning_rate': 'invscaling', 'max_iter': 5000, 'solver': 'adam'}
60,8,0,66,222.0771308,{'activation': 'tanh', 'alpha': 0.0001, 'hidden_layer_sizes': (20,), 'learning_rate': 'adaptive', 'max_iter': 5000, 'solver': 'sgd'},
60,9,0,68,220.0016611,{'activation': 'logistic', 'alpha': 0.0001, 'hidden_layer_sizes': (20,), 'learning_rate': 'adaptive', 'max_iter': 5000, 'solver': 'lbfgs'},
60,10,0,59,221.0000634,{'activation': 'tanh', 'alpha': 0.0001, 'hidden_layer_sizes': (20,), 'learning_rate': 'constant', 'max_iter': 5000, 'solver': 'sgd'},
60,11,0,62,216.3941417,{'activation': 'tanh', 'alpha': 0.05, 'hidden_layer_sizes': (20,100, 20), 'learning_rate': 'adaptive', 'max_iter': 20000, 'solver': 'sgd'}
60,12,0,63,222.7567477,{'activation': 'relu', 'alpha': 0.05, 'hidden_layer_sizes': (20,), 'learning_rate': 'adaptive', 'max_iter': 20000, 'solver': 'sgd'},
60,13,0,66,214.6681149,{'activation': 'logistic', 'alpha': 0.0001, 'hidden_layer_sizes': (100, 100), 'learning_rate': 'adaptive', 'max_iter': 50000, 'solver': 'lbfgs'},
60,14,0,69,220.2955806,{'activation': 'logistic', 'alpha': 0.0001, 'hidden_layer_sizes': (20,), 'learning_rate': 'constant', 'max_iter': 5000, 'solver': 'sgd'},
60,15,0,69,345.7575729,{'activation': 'relu', 'alpha': 0.0001, 'hidden_layer_sizes': (100,), 'learning_rate': 'adaptive', 'max_iter': 20000, 'solver': 'sgd'},
60,16,0,62,259.1352594,{'activation': 'relu', 'alpha': 0.05, 'hidden_layer_sizes': (100,), 'learning_rate': 'constant', 'max_iter': 10000, 'solver': 'adam'},
60,17,0,69,217.7790766,{'activation': 'relu', 'alpha': 0.05, 'hidden_layer_sizes': (100, 100), 'learning_rate': 'adaptive', 'max_iter': 10000, 'solver': 'adam'},
60,18,0,68,310.1999514,{'activation': 'logistic', 'alpha': 0.05, 'hidden_layer_sizes': (100,), 'learning_rate': 'constant', 'max_iter': 20000, 'solver': 'sgd'},
60,19,0,62,527.9582562,{'activation': 'tanh', 'alpha': 0.0001, 'hidden_layer_sizes': (100, 100), 'learning_rate': 'constant', 'max_iter': 20000, 'solver': 'sgd'},
100,0,0,66,410.4493499,{'activation': 'logistic', 'alpha': 0.05, 'hidden_layer_sizes': (100,), 'learning_rate': 'adaptive', 'max_iter': 5000, 'solver': 'sgd'},
100,1,0,67,353.5505557,{'activation': 'logistic', 'alpha': 0.0001, 'hidden_layer_sizes': (100,), 'learning_rate': 'constant', 'max_iter': 5000, 'solver': 'sgd'},
100,2,0,69,423.1460862,{'activation': 'logistic', 'alpha': 0.05, 'hidden_layer_sizes': (100,), 'learning_rate': 'constant', 'max_iter': 10000, 'solver': 'sgd'},
100,3,0,71,444.198689,{'activation': 'logistic', 'alpha': 0.05, 'hidden_layer_sizes': (100,), 'learning_rate': 'adaptive', 'max_iter': 10000, 'solver': 'sgd'},
100,4,0,61,537.2824509,{'activation': 'tanh', 'alpha': 0.05, 'hidden_layer_sizes': (20,100, 20), 'learning_rate': 'constant', 'max_iter': 50000, 'solver': 'sgd'}
100,5,0,69,371.5880654,{'activation': 'logistic', 'alpha': 0.0001, 'hidden_layer_sizes': (20,), 'learning_rate': 'adaptive', 'max_iter': 50000, 'solver': 'sgd'},
100,6,0,66,418.7982049,{'activation': 'logistic', 'alpha': 0.0001, 'hidden_layer_sizes': (100,), 'learning_rate': 'adaptive', 'max_iter': 5000, 'solver': 'sgd'},
100,7,0,63,392.9481916,{'activation': 'logistic', 'alpha': 0.05, 'hidden_layer_sizes': (100,), 'learning_rate': 'constant', 'max_iter': 50000, 'solver': 'sgd'},
100,8,0,71,350.3066173,{'activation': 'tanh', 'alpha': 0.05, 'hidden_layer_sizes': (20,100, 20), 'learning_rate': 'constant', 'max_iter': 10000, 'solver': 'lbfgs'}
100,9,0,66,437.6280274,{'activation': 'logistic', 'alpha': 0.05, 'hidden_layer_sizes': (100,), 'learning_rate': 'constant', 'max_iter': 5000, 'solver': 'sgd'},
100,10,0,67,344.5550869,{'activation': 'tanh', 'alpha': 0.05, 'hidden_layer_sizes': (100,), 'learning_rate': 'constant', 'max_iter': 5000, 'solver': 'lbfgs'},
100,11,0,69,417.3208957,{'activation': 'logistic', 'alpha': 0.0001, 'hidden_layer_sizes': (100,), 'learning_rate': 'adaptive', 'max_iter': 10000, 'solver': 'sgd'},
100,12,0,71,354.626157,{'activation': 'logistic', 'alpha': 0.0001, 'hidden_layer_sizes': (100,), 'learning_rate': 'adaptive', 'max_iter': 50000, 'solver': 'sgd'},
100,13,0,63,393.4152443,{'activation': 'logistic', 'alpha': 0.0001, 'hidden_layer_sizes': (100,), 'learning_rate': 'constant', 'max_iter': 50000, 'solver': 'sgd'},
100,14,0,68,348.3641412,{'activation': 'logistic', 'alpha': 0.0001, 'hidden_layer_sizes': (100,), 'learning_rate': 'constant', 'max_iter': 5000, 'solver': 'sgd'},
100,15,0,70,350.019141,{'activation': 'logistic', 'alpha': 0.05, 'hidden_layer_sizes': (100,), 'learning_rate': 'adaptive', 'max_iter': 5000, 'solver': 'sgd'},
100,16,0,68,390.0218225,{'activation': 'logistic', 'alpha': 0.05, 'hidden_layer_sizes': (100,), 'learning_rate': 'adaptive', 'max_iter': 10000, 'solver': 'sgd'},
100,17,0,66,444.1563208,{'activation': 'logistic', 'alpha': 0.0001, 'hidden_layer_sizes': (100,), 'learning_rate': 'adaptive', 'max_iter': 20000, 'solver': 'sgd'},
100,18,0,64,826.8131154,{'activation': 'relu', 'alpha': 0.05, 'hidden_layer_sizes': (100, 100), 'learning_rate': 'adaptive', 'max_iter': 10000, 'solver': 'sgd'},
100,19,0,58,393.3954709,{'activation': 'relu', 'alpha': 0.05, 'hidden_layer_sizes': (100, 100), 'learning_rate': 'invscaling', 'max_iter': 10000, 'solver': 'adam'},
