005,0,8000,66,3.6162216663360596,{'C': 0.03359818286283781, 'max_iter': 5000, 'penalty': 'l2', 'solver': 'liblinear'}
005,1,8000,64,0.3525402545928955,{'C': 0.0001, 'max_iter': 5000, 'penalty': 'l2', 'solver': 'liblinear'}
005,2,8000,64,0.383953332901001,{'C': 0.23357214690901212, 'max_iter': 5000, 'penalty': 'l2', 'solver': 'liblinear'}
005,3,8000,64,0.7550013065338135,{'C': 0.03359818286283781, 'max_iter': 5000, 'penalty': 'l1', 'solver': 'liblinear'}
005,4,8000,60,0.49277448654174805,{'C': 0.23357214690901212, 'max_iter': 5000, 'penalty': 'l2', 'solver': 'liblinear'}
010,0,8000,61,0.5574307441711426,{'C': 0.615848211066026, 'max_iter': 5000, 'penalty': 'l1', 'solver': 'liblinear'}
010,1,8000,64,0.6819322109222412,{'C': 0.03359818286283781, 'max_iter': 5000, 'penalty': 'l1', 'solver': 'liblinear'}
010,2,8000,68,0.7364485263824463,{'C': 0.0001, 'max_iter': 5000, 'penalty': 'l2', 'solver': 'liblinear'}
010,3,8000,55,0.455913782119751,{'C': 1.623776739188721, 'max_iter': 5000, 'penalty': 'l1', 'solver': 'liblinear'}
010,4,8000,60,0.5029346942901611,{'C': 0.08858667904100823, 'max_iter': 5000, 'penalty': 'l2', 'solver': 'liblinear'}
015,0,8000,64,0.21412301063537598,{'C': 0.03359818286283781, 'max_iter': 5000, 'penalty': 'l1', 'solver': 'liblinear'}
015,1,8000,64,0.27298760414123535,{'C': 0.615848211066026, 'max_iter': 5000, 'penalty': 'l2', 'solver': 'liblinear'}
015,2,8000,68,0.46932291984558105,{'C': 0.03359818286283781, 'max_iter': 5000, 'penalty': 'l2', 'solver': 'liblinear'}
015,3,8000,67,0.44283604621887207,{'C': 1.623776739188721, 'max_iter': 5000, 'penalty': 'l1', 'solver': 'liblinear'}
015,4,8000,65,0.6237683296203613,{'C': 0.615848211066026, 'max_iter': 5000, 'penalty': 'l1', 'solver': 'liblinear'}
020,0,8000,64,0.40302276611328125,{'C': 0.08858667904100823, 'max_iter': 5000, 'penalty': 'l2', 'solver': 'liblinear'}
020,1,8000,64,0.4839208126068115,{'C': 0.0001, 'max_iter': 5000, 'penalty': 'l2', 'solver': 'liblinear'}
020,2,8000,66,0.46056127548217773,{'C': 0.615848211066026, 'max_iter': 5000, 'penalty': 'l1', 'solver': 'liblinear'}
020,3,8000,66,0.6549577713012695,{'C': 1.623776739188721, 'max_iter': 5000, 'penalty': 'l1', 'solver': 'liblinear'}
020,4,8000,64,0.6977286338806152,{'C': 0.012742749857031334, 'max_iter': 5000, 'penalty': 'l2', 'solver': 'liblinear'}
030,0,8000,68,0.560431718826294,{'C': 0.08858667904100823, 'max_iter': 5000, 'penalty': 'l2', 'solver': 'liblinear'}
030,1,8000,64,0.47676825523376465,{'C': 0.615848211066026, 'max_iter': 5000, 'penalty': 'l1', 'solver': 'liblinear'}
030,2,8000,68,0.44901418685913086,{'C': 0.08858667904100823, 'max_iter': 5000, 'penalty': 'l2', 'solver': 'liblinear'}
030,3,8000,66,0.7147386074066162,{'C': 0.615848211066026, 'max_iter': 5000, 'penalty': 'l2', 'solver': 'liblinear'}
030,4,8000,67,0.6072742938995361,{'C': 0.03359818286283781, 'max_iter': 5000, 'penalty': 'l2', 'solver': 'liblinear'}
060,0,8000,69,0.6256012916564941,{'C': 0.012742749857031334, 'max_iter': 5000, 'penalty': 'l2', 'solver': 'liblinear'}
060,1,8000,66,0.4716811180114746,{'C': 0.03359818286283781, 'max_iter': 5000, 'penalty': 'l2', 'solver': 'liblinear'}
060,2,8000,67,0.4830019474029541,{'C': 0.23357214690901212, 'max_iter': 5000, 'penalty': 'l2', 'solver': 'liblinear'}
060,3,8000,68,0.20721006393432617,{'C': 0.08858667904100823, 'max_iter': 5000, 'penalty': 'l2', 'solver': 'liblinear'}
060,4,8000,68,0.39504313468933105,{'C': 0.23357214690901212, 'max_iter': 5000, 'penalty': 'l1', 'solver': 'liblinear'}
100,0,8000,66,0.3012228012084961,{'C': 0.004832930238571752, 'max_iter': 5000, 'penalty': 'l2', 'solver': 'liblinear'}
100,1,8000,67,0.37728214263916016,{'C': 0.03359818286283781, 'max_iter': 5000, 'penalty': 'l2', 'solver': 'liblinear'}
100,2,8000,67,0.5083327293395996,{'C': 0.08858667904100823, 'max_iter': 5000, 'penalty': 'l2', 'solver': 'liblinear'}
100,3,8000,67,0.7144589424133301,{'C': 0.23357214690901212, 'max_iter': 5000, 'penalty': 'l2', 'solver': 'liblinear'}
100,4,8000,67,0.6297800540924072,{'C': 0.08858667904100823, 'max_iter': 5000, 'penalty': 'l2', 'solver': 'liblinear'}
005,0,8000,66,2.7192113399505615,{'C': 0.08858667904100823, 'max_iter': 5000, 'penalty': 'l1', 'solver': 'liblinear'}
005,1,8000,64,0.39150214195251465,{'C': 0.08858667904100823, 'max_iter': 5000, 'penalty': 'l1', 'solver': 'liblinear'}
005,2,8000,65,0.37828969955444336,{'C': 0.615848211066026, 'max_iter': 5000, 'penalty': 'l1', 'solver': 'liblinear'}
005,3,8000,63,0.5816752910614014,{'C': 1.623776739188721, 'max_iter': 5000, 'penalty': 'l1', 'solver': 'liblinear'}
005,4,8000,60,0.595099687576294,{'C': 0.03359818286283781, 'max_iter': 5000, 'penalty': 'l2', 'solver': 'liblinear'}
010,0,8000,62,0.40465641021728516,{'C': 0.615848211066026, 'max_iter': 5000, 'penalty': 'l2', 'solver': 'liblinear'}
010,1,8000,64,0.47800302505493164,{'C': 0.03359818286283781, 'max_iter': 5000, 'penalty': 'l1', 'solver': 'liblinear'}
010,2,8000,64,0.41314005851745605,{'C': 0.03359818286283781, 'max_iter': 5000, 'penalty': 'l1', 'solver': 'liblinear'}
010,3,8000,55,0.2946498394012451,{'C': 11.288378916846883, 'max_iter': 5000, 'penalty': 'l1', 'solver': 'liblinear'}
010,4,8000,59,0.30490946769714355,{'C': 0.03359818286283781, 'max_iter': 5000, 'penalty': 'l2', 'solver': 'liblinear'}
015,0,8000,68,0.4450545310974121,{'C': 4.281332398719396, 'max_iter': 5000, 'penalty': 'l2', 'solver': 'liblinear'}
015,1,8000,64,0.5582647323608398,{'C': 0.615848211066026, 'max_iter': 5000, 'penalty': 'l2', 'solver': 'liblinear'}
015,2,8000,68,0.5512180328369141,{'C': 0.615848211066026, 'max_iter': 5000, 'penalty': 'l2', 'solver': 'liblinear'}
015,3,8000,68,0.505446195602417,{'C': 0.03359818286283781, 'max_iter': 5000, 'penalty': 'l2', 'solver': 'liblinear'}
015,4,8000,65,0.40319395065307617,{'C': 0.615848211066026, 'max_iter': 5000, 'penalty': 'l1', 'solver': 'liblinear'}
020,0,8000,64,0.3840324878692627,{'C': 0.23357214690901212, 'max_iter': 5000, 'penalty': 'l2', 'solver': 'liblinear'}
020,1,8000,64,0.547562837600708,{'C': 0.0001, 'max_iter': 5000, 'penalty': 'l2', 'solver': 'liblinear'}
020,2,8000,66,0.5315155982971191,{'C': 1.623776739188721, 'max_iter': 5000, 'penalty': 'l2', 'solver': 'liblinear'}
020,3,8000,66,0.7227039337158203,{'C': 4.281332398719396, 'max_iter': 5000, 'penalty': 'l1', 'solver': 'liblinear'}
020,4,8000,60,0.6302521228790283,{'C': 0.03359818286283781, 'max_iter': 5000, 'penalty': 'l1', 'solver': 'liblinear'}
030,0,8000,68,0.7722795009613037,{'C': 0.615848211066026, 'max_iter': 5000, 'penalty': 'l2', 'solver': 'liblinear'}
030,1,8000,64,0.5091266632080078,{'C': 0.615848211066026, 'max_iter': 5000, 'penalty': 'l1', 'solver': 'liblinear'}
030,2,8000,66,0.4298832416534424,{'C': 0.615848211066026, 'max_iter': 5000, 'penalty': 'l1', 'solver': 'liblinear'}
030,3,8000,67,0.3999295234680176,{'C': 0.08858667904100823, 'max_iter': 5000, 'penalty': 'l2', 'solver': 'liblinear'}
030,4,8000,68,0.5179336071014404,{'C': 0.012742749857031334, 'max_iter': 5000, 'penalty': 'l2', 'solver': 'liblinear'}
060,0,8000,67,0.7272839546203613,{'C': 0.0001, 'max_iter': 5000, 'penalty': 'l2', 'solver': 'liblinear'}
060,1,8000,66,0.5224947929382324,{'C': 0.03359818286283781, 'max_iter': 5000, 'penalty': 'l2', 'solver': 'liblinear'}
060,2,8000,68,0.5404965877532959,{'C': 0.08858667904100823, 'max_iter': 5000, 'penalty': 'l1', 'solver': 'liblinear'}
060,3,8000,68,0.4772350788116455,{'C': 0.012742749857031334, 'max_iter': 5000, 'penalty': 'l2', 'solver': 'liblinear'}
060,4,8000,67,0.6562070846557617,{'C': 0.08858667904100823, 'max_iter': 5000, 'penalty': 'l2', 'solver': 'liblinear'}
100,0,8000,67,0.5129067897796631,{'C': 0.012742749857031334, 'max_iter': 5000, 'penalty': 'l2', 'solver': 'liblinear'}
100,1,8000,68,0.5984454154968262,{'C': 0.08858667904100823, 'max_iter': 5000, 'penalty': 'l2', 'solver': 'liblinear'}
100,2,8000,67,0.5923128128051758,{'C': 0.08858667904100823, 'max_iter': 5000, 'penalty': 'l2', 'solver': 'liblinear'}
100,3,8000,68,0.5088069438934326,{'C': 0.03359818286283781, 'max_iter': 5000, 'penalty': 'l2', 'solver': 'liblinear'}
100,4,8000,67,0.5038492679595947,{'C': 0.08858667904100823, 'max_iter': 5000, 'penalty': 'l2', 'solver': 'liblinear'}
005,0,8000,66,3.1433253288269043,{'C': 0.23357214690901212, 'max_iter': 5000, 'penalty': 'l2', 'solver': 'liblinear'}
005,1,8000,66,0.3637385368347168,{'C': 0.615848211066026, 'max_iter': 5000, 'penalty': 'l1', 'solver': 'liblinear'}
005,2,8000,64,0.3870079517364502,{'C': 0.23357214690901212, 'max_iter': 5000, 'penalty': 'l2', 'solver': 'liblinear'}
005,3,8000,63,0.35512566566467285,{'C': 1.623776739188721, 'max_iter': 5000, 'penalty': 'l1', 'solver': 'liblinear'}
005,4,8000,59,0.46568965911865234,{'C': 1.623776739188721, 'max_iter': 5000, 'penalty': 'l1', 'solver': 'liblinear'}
010,0,8000,61,0.5158486366271973,{'C': 0.615848211066026, 'max_iter': 5000, 'penalty': 'l1', 'solver': 'liblinear'}
010,1,8000,64,0.45267724990844727,{'C': 0.03359818286283781, 'max_iter': 5000, 'penalty': 'l1', 'solver': 'liblinear'}
010,2,8000,68,0.34641146659851074,{'C': 0.0001, 'max_iter': 5000, 'penalty': 'l2', 'solver': 'liblinear'}
010,3,8000,54,0.33330464363098145,{'C': 4.281332398719396, 'max_iter': 5000, 'penalty': 'l1', 'solver': 'liblinear'}
010,4,8000,58,0.2299337387084961,{'C': 0.0001, 'max_iter': 5000, 'penalty': 'l2', 'solver': 'liblinear'}
015,0,8000,66,0.3573594093322754,{'C': 0.08858667904100823, 'max_iter': 5000, 'penalty': 'l1', 'solver': 'liblinear'}
015,1,8000,64,0.19503188133239746,{'C': 4.281332398719396, 'max_iter': 5000, 'penalty': 'l1', 'solver': 'liblinear'}
015,2,8000,68,0.26963329315185547,{'C': 0.23357214690901212, 'max_iter': 5000, 'penalty': 'l2', 'solver': 'liblinear'}
015,3,8000,67,0.37086987495422363,{'C': 11.288378916846883, 'max_iter': 5000, 'penalty': 'l1', 'solver': 'liblinear'}
015,4,8000,64,0.8134827613830566,{'C': 1.623776739188721, 'max_iter': 5000, 'penalty': 'l1', 'solver': 'liblinear'}
020,0,8000,63,0.578223466873169,{'C': 0.615848211066026, 'max_iter': 5000, 'penalty': 'l2', 'solver': 'liblinear'}
020,1,8000,64,0.5011129379272461,{'C': 0.0001, 'max_iter': 5000, 'penalty': 'l2', 'solver': 'liblinear'}
020,2,8000,66,0.4551529884338379,{'C': 1.623776739188721, 'max_iter': 5000, 'penalty': 'l2', 'solver': 'liblinear'}
020,3,8000,66,0.556175947189331,{'C': 1.623776739188721, 'max_iter': 5000, 'penalty': 'l1', 'solver': 'liblinear'}
020,4,8000,64,0.49664902687072754,{'C': 0.012742749857031334, 'max_iter': 5000, 'penalty': 'l2', 'solver': 'liblinear'}
030,0,8000,68,0.5246787071228027,{'C': 0.615848211066026, 'max_iter': 5000, 'penalty': 'l1', 'solver': 'liblinear'}
030,1,8000,64,0.48512935638427734,{'C': 0.615848211066026, 'max_iter': 5000, 'penalty': 'l1', 'solver': 'liblinear'}
030,2,8000,68,0.549734354019165,{'C': 0.23357214690901212, 'max_iter': 5000, 'penalty': 'l2', 'solver': 'liblinear'}
030,3,8000,66,0.493056058883667,{'C': 1.623776739188721, 'max_iter': 5000, 'penalty': 'l1', 'solver': 'liblinear'}
030,4,8000,66,0.3394002914428711,{'C': 4.281332398719396, 'max_iter': 5000, 'penalty': 'l1', 'solver': 'liblinear'}
060,0,8000,67,0.5972247123718262,{'C': 4.281332398719396, 'max_iter': 5000, 'penalty': 'l2', 'solver': 'liblinear'}
060,1,8000,66,0.5098471641540527,{'C': 0.08858667904100823, 'max_iter': 5000, 'penalty': 'l2', 'solver': 'liblinear'}
060,2,8000,67,0.5242960453033447,{'C': 0.08858667904100823, 'max_iter': 5000, 'penalty': 'l2', 'solver': 'liblinear'}
060,3,8000,67,0.4777641296386719,{'C': 0.23357214690901212, 'max_iter': 5000, 'penalty': 'l2', 'solver': 'liblinear'}
060,4,8000,68,0.41318535804748535,{'C': 0.615848211066026, 'max_iter': 5000, 'penalty': 'l1', 'solver': 'liblinear'}
100,0,8000,68,0.4215250015258789,{'C': 0.08858667904100823, 'max_iter': 5000, 'penalty': 'l2', 'solver': 'liblinear'}
100,1,8000,66,0.8686604499816895,{'C': 0.012742749857031334, 'max_iter': 5000, 'penalty': 'l2', 'solver': 'liblinear'}
100,2,8000,67,0.6900932788848877,{'C': 0.08858667904100823, 'max_iter': 5000, 'penalty': 'l2', 'solver': 'liblinear'}
100,3,8000,67,0.5653631687164307,{'C': 1.623776739188721, 'max_iter': 5000, 'penalty': 'l2', 'solver': 'liblinear'}
100,4,8000,67,0.8158586025238037,{'C': 0.08858667904100823, 'max_iter': 5000, 'penalty': 'l2', 'solver': 'liblinear'}
005,0,8000,66,2.858825206756592,{'C': 0.08858667904100823, 'max_iter': 5000, 'penalty': 'l2', 'solver': 'liblinear'}
005,1,8000,64,0.5399556159973145,{'C': 0.08858667904100823, 'max_iter': 5000, 'penalty': 'l1', 'solver': 'liblinear'}
005,2,8000,61,0.2719564437866211,{'C': 0.0001, 'max_iter': 5000, 'penalty': 'l2', 'solver': 'liblinear'}
005,3,8000,64,0.5303497314453125,{'C': 0.03359818286283781, 'max_iter': 5000, 'penalty': 'l1', 'solver': 'liblinear'}
005,4,8000,60,0.45521116256713867,{'C': 0.23357214690901212, 'max_iter': 5000, 'penalty': 'l2', 'solver': 'liblinear'}
010,0,8000,62,0.35865116119384766,{'C': 0.23357214690901212, 'max_iter': 5000, 'penalty': 'l1', 'solver': 'liblinear'}
010,1,8000,64,0.431262731552124,{'C': 0.03359818286283781, 'max_iter': 5000, 'penalty': 'l1', 'solver': 'liblinear'}
010,2,8000,68,0.478374719619751,{'C': 0.0001, 'max_iter': 5000, 'penalty': 'l2', 'solver': 'liblinear'}
010,3,8000,52,0.4171030521392822,{'C': 1.623776739188721, 'max_iter': 5000, 'penalty': 'l2', 'solver': 'liblinear'}
010,4,8000,59,0.5749552249908447,{'C': 0.012742749857031334, 'max_iter': 5000, 'penalty': 'l2', 'solver': 'liblinear'}
015,0,8000,67,0.520334005355835,{'C': 0.23357214690901212, 'max_iter': 5000, 'penalty': 'l1', 'solver': 'liblinear'}
015,1,8000,64,0.4637420177459717,{'C': 0.615848211066026, 'max_iter': 5000, 'penalty': 'l2', 'solver': 'liblinear'}
015,2,8000,68,0.4832804203033447,{'C': 0.012742749857031334, 'max_iter': 5000, 'penalty': 'l2', 'solver': 'liblinear'}
015,3,8000,67,0.4295048713684082,{'C': 4.281332398719396, 'max_iter': 5000, 'penalty': 'l1', 'solver': 'liblinear'}
015,4,8000,65,0.5615339279174805,{'C': 0.615848211066026, 'max_iter': 5000, 'penalty': 'l1', 'solver': 'liblinear'}
020,0,8000,64,0.5798654556274414,{'C': 0.23357214690901212, 'max_iter': 5000, 'penalty': 'l2', 'solver': 'liblinear'}
020,1,8000,64,0.6554183959960938,{'C': 0.0018329807108324356, 'max_iter': 5000, 'penalty': 'l2', 'solver': 'liblinear'}
020,2,8000,66,0.5129232406616211,{'C': 0.615848211066026, 'max_iter': 5000, 'penalty': 'l1', 'solver': 'liblinear'}
020,3,8000,66,0.6243617534637451,{'C': 1.623776739188721, 'max_iter': 5000, 'penalty': 'l1', 'solver': 'liblinear'}
020,4,8000,67,0.489302396774292,{'C': 4.281332398719396, 'max_iter': 5000, 'penalty': 'l1', 'solver': 'liblinear'}
030,0,8000,68,0.5504598617553711,{'C': 0.615848211066026, 'max_iter': 5000, 'penalty': 'l1', 'solver': 'liblinear'}
030,1,8000,64,0.5675528049468994,{'C': 0.615848211066026, 'max_iter': 5000, 'penalty': 'l1', 'solver': 'liblinear'}
030,2,8000,66,0.5256502628326416,{'C': 0.615848211066026, 'max_iter': 5000, 'penalty': 'l1', 'solver': 'liblinear'}
030,3,8000,67,0.5024867057800293,{'C': 0.08858667904100823, 'max_iter': 5000, 'penalty': 'l2', 'solver': 'liblinear'}
030,4,8000,68,0.4969165325164795,{'C': 0.012742749857031334, 'max_iter': 5000, 'penalty': 'l2', 'solver': 'liblinear'}
060,0,8000,68,0.4001946449279785,{'C': 0.03359818286283781, 'max_iter': 5000, 'penalty': 'l2', 'solver': 'liblinear'}
060,1,8000,66,0.522165060043335,{'C': 0.03359818286283781, 'max_iter': 5000, 'penalty': 'l2', 'solver': 'liblinear'}
060,2,8000,68,0.6428771018981934,{'C': 0.08858667904100823, 'max_iter': 5000, 'penalty': 'l1', 'solver': 'liblinear'}
060,3,8000,68,0.595334529876709,{'C': 0.08858667904100823, 'max_iter': 5000, 'penalty': 'l2', 'solver': 'liblinear'}
060,4,8000,68,0.5237874984741211,{'C': 0.03359818286283781, 'max_iter': 5000, 'penalty': 'l2', 'solver': 'liblinear'}
100,0,8000,67,0.44327855110168457,{'C': 0.012742749857031334, 'max_iter': 5000, 'penalty': 'l2', 'solver': 'liblinear'}
100,1,8000,68,0.5375876426696777,{'C': 0.08858667904100823, 'max_iter': 5000, 'penalty': 'l2', 'solver': 'liblinear'}
100,2,8000,67,0.7277679443359375,{'C': 0.08858667904100823, 'max_iter': 5000, 'penalty': 'l2', 'solver': 'liblinear'}
100,3,8000,67,0.5731029510498047,{'C': 11.288378916846883, 'max_iter': 5000, 'penalty': 'l2', 'solver': 'liblinear'}
100,4,8000,67,0.4270317554473877,{'C': 0.08858667904100823, 'max_iter': 5000, 'penalty': 'l2', 'solver': 'liblinear'}
005,0,8000,66,3.4505836963653564,{'C': 0.08858667904100823, 'max_iter': 5000, 'penalty': 'l1', 'solver': 'liblinear'}
005,1,8000,66,0.4038381576538086,{'C': 0.615848211066026, 'max_iter': 5000, 'penalty': 'l1', 'solver': 'liblinear'}
005,2,8000,65,0.35983753204345703,{'C': 0.615848211066026, 'max_iter': 5000, 'penalty': 'l1', 'solver': 'liblinear'}
005,3,8000,64,0.3835914134979248,{'C': 0.03359818286283781, 'max_iter': 5000, 'penalty': 'l1', 'solver': 'liblinear'}
005,4,8000,59,0.36852097511291504,{'C': 11.288378916846883, 'max_iter': 5000, 'penalty': 'l2', 'solver': 'liblinear'}
010,0,8000,60,0.42130494117736816,{'C': 0.08858667904100823, 'max_iter': 5000, 'penalty': 'l2', 'solver': 'liblinear'}
010,1,8000,64,0.7459049224853516,{'C': 0.03359818286283781, 'max_iter': 5000, 'penalty': 'l1', 'solver': 'liblinear'}
010,2,8000,64,0.7811815738677979,{'C': 0.03359818286283781, 'max_iter': 5000, 'penalty': 'l1', 'solver': 'liblinear'}
010,3,8000,56,0.5475025177001953,{'C': 78.47599703514607, 'max_iter': 5000, 'penalty': 'l2', 'solver': 'liblinear'}
010,4,8000,60,0.5645368099212646,{'C': 0.08858667904100823, 'max_iter': 5000, 'penalty': 'l2', 'solver': 'liblinear'}
015,0,8000,68,0.7124104499816895,{'C': 29.763514416313132, 'max_iter': 5000, 'penalty': 'l1', 'solver': 'liblinear'}
015,1,8000,64,0.5721955299377441,{'C': 11.288378916846883, 'max_iter': 5000, 'penalty': 'l2', 'solver': 'liblinear'}
015,2,8000,68,0.3663203716278076,{'C': 0.004832930238571752, 'max_iter': 5000, 'penalty': 'l2', 'solver': 'liblinear'}
015,3,8000,67,0.533811092376709,{'C': 0.23357214690901212, 'max_iter': 5000, 'penalty': 'l2', 'solver': 'liblinear'}
015,4,8000,64,0.5779082775115967,{'C': 1.623776739188721, 'max_iter': 5000, 'penalty': 'l1', 'solver': 'liblinear'}
020,0,8000,64,0.3756999969482422,{'C': 0.23357214690901212, 'max_iter': 5000, 'penalty': 'l2', 'solver': 'liblinear'}
020,1,8000,64,0.43566393852233887,{'C': 0.0001, 'max_iter': 5000, 'penalty': 'l2', 'solver': 'liblinear'}
020,2,8000,66,0.4432539939880371,{'C': 0.615848211066026, 'max_iter': 5000, 'penalty': 'l2', 'solver': 'liblinear'}
020,3,8000,66,0.5226700305938721,{'C': 1.623776739188721, 'max_iter': 5000, 'penalty': 'l1', 'solver': 'liblinear'}
020,4,8000,67,0.38283205032348633,{'C': 11.288378916846883, 'max_iter': 5000, 'penalty': 'l1', 'solver': 'liblinear'}
030,0,8000,67,0.4361128807067871,{'C': 0.0001, 'max_iter': 5000, 'penalty': 'l2', 'solver': 'liblinear'}
030,1,8000,64,0.40303850173950195,{'C': 0.08858667904100823, 'max_iter': 5000, 'penalty': 'l2', 'solver': 'liblinear'}
030,2,8000,68,0.493894100189209,{'C': 0.08858667904100823, 'max_iter': 5000, 'penalty': 'l2', 'solver': 'liblinear'}
030,3,8000,66,0.42292022705078125,{'C': 11.288378916846883, 'max_iter': 5000, 'penalty': 'l1', 'solver': 'liblinear'}
030,4,8000,68,0.6659631729125977,{'C': 0.0001, 'max_iter': 5000, 'penalty': 'l2', 'solver': 'liblinear'}
060,0,8000,68,0.835308313369751,{'C': 0.004832930238571752, 'max_iter': 5000, 'penalty': 'l2', 'solver': 'liblinear'}
060,1,8000,68,0.6368441581726074,{'C': 0.004832930238571752, 'max_iter': 5000, 'penalty': 'l2', 'solver': 'liblinear'}
060,2,8000,68,0.5603163242340088,{'C': 0.23357214690901212, 'max_iter': 5000, 'penalty': 'l1', 'solver': 'liblinear'}
060,3,8000,68,0.5906076431274414,{'C': 0.23357214690901212, 'max_iter': 5000, 'penalty': 'l1', 'solver': 'liblinear'}
060,4,8000,68,0.43616342544555664,{'C': 0.03359818286283781, 'max_iter': 5000, 'penalty': 'l2', 'solver': 'liblinear'}
100,0,8000,68,0.6347689628601074,{'C': 0.08858667904100823, 'max_iter': 5000, 'penalty': 'l2', 'solver': 'liblinear'}
100,1,8000,66,0.6056461334228516,{'C': 0.012742749857031334, 'max_iter': 5000, 'penalty': 'l2', 'solver': 'liblinear'}
100,2,8000,67,0.5156824588775635,{'C': 0.08858667904100823, 'max_iter': 5000, 'penalty': 'l2', 'solver': 'liblinear'}
100,3,8000,67,0.5633838176727295,{'C': 0.23357214690901212, 'max_iter': 5000, 'penalty': 'l2', 'solver': 'liblinear'}
100,4,8000,67,0.3783607482910156,{'C': 0.08858667904100823, 'max_iter': 5000, 'penalty': 'l2', 'solver': 'liblinear'}
005,0,8000,66,3.210829257965088,{'C': 0.08858667904100823, 'max_iter': 5000, 'penalty': 'l2', 'solver': 'liblinear'}
005,1,8000,64,0.3420236110687256,{'C': 0.08858667904100823, 'max_iter': 5000, 'penalty': 'l1', 'solver': 'liblinear'}
005,2,8000,64,0.4159255027770996,{'C': 0.08858667904100823, 'max_iter': 5000, 'penalty': 'l2', 'solver': 'liblinear'}
005,3,8000,66,0.48665809631347656,{'C': 206.913808111479, 'max_iter': 5000, 'penalty': 'l1', 'solver': 'liblinear'}
005,4,8000,60,0.4678153991699219,{'C': 0.03359818286283781, 'max_iter': 5000, 'penalty': 'l2', 'solver': 'liblinear'}
010,0,8000,61,0.42913079261779785,{'C': 0.23357214690901212, 'max_iter': 5000, 'penalty': 'l2', 'solver': 'liblinear'}
010,1,8000,64,0.3487374782562256,{'C': 0.03359818286283781, 'max_iter': 5000, 'penalty': 'l1', 'solver': 'liblinear'}
010,2,8000,68,0.312014102935791,{'C': 0.0001, 'max_iter': 5000, 'penalty': 'l2', 'solver': 'liblinear'}
010,3,8000,52,0.36129093170166016,{'C': 0.615848211066026, 'max_iter': 5000, 'penalty': 'l2', 'solver': 'liblinear'}
010,4,8000,59,0.33582425117492676,{'C': 0.03359818286283781, 'max_iter': 5000, 'penalty': 'l2', 'solver': 'liblinear'}
015,0,8000,66,0.38652706146240234,{'C': 0.08858667904100823, 'max_iter': 5000, 'penalty': 'l1', 'solver': 'liblinear'}
015,1,8000,64,0.4922361373901367,{'C': 4.281332398719396, 'max_iter': 5000, 'penalty': 'l1', 'solver': 'liblinear'}
015,2,8000,66,0.6062941551208496,{'C': 0.23357214690901212, 'max_iter': 5000, 'penalty': 'l1', 'solver': 'liblinear'}
015,3,8000,67,0.5127055644989014,{'C': 0.0001, 'max_iter': 5000, 'penalty': 'l2', 'solver': 'liblinear'}
015,4,8000,65,0.2610146999359131,{'C': 0.615848211066026, 'max_iter': 5000, 'penalty': 'l1', 'solver': 'liblinear'}
020,0,8000,64,0.34832763671875,{'C': 0.23357214690901212, 'max_iter': 5000, 'penalty': 'l2', 'solver': 'liblinear'}
020,1,8000,64,0.4970872402191162,{'C': 0.0001, 'max_iter': 5000, 'penalty': 'l2', 'solver': 'liblinear'}
020,2,8000,66,0.508601188659668,{'C': 1.623776739188721, 'max_iter': 5000, 'penalty': 'l1', 'solver': 'liblinear'}
020,3,8000,65,0.5380232334136963,{'C': 0.615848211066026, 'max_iter': 5000, 'penalty': 'l1', 'solver': 'liblinear'}
020,4,8000,67,0.44498324394226074,{'C': 11.288378916846883, 'max_iter': 5000, 'penalty': 'l1', 'solver': 'liblinear'}
030,0,8000,68,0.4379878044128418,{'C': 1.623776739188721, 'max_iter': 5000, 'penalty': 'l1', 'solver': 'liblinear'}
030,1,8000,62,0.33776164054870605,{'C': 0.08858667904100823, 'max_iter': 5000, 'penalty': 'l1', 'solver': 'liblinear'}
030,2,8000,68,0.3324308395385742,{'C': 0.08858667904100823, 'max_iter': 5000, 'penalty': 'l1', 'solver': 'liblinear'}
030,3,8000,66,0.5648980140686035,{'C': 0.615848211066026, 'max_iter': 5000, 'penalty': 'l2', 'solver': 'liblinear'}
030,4,8000,68,0.8674683570861816,{'C': 0.012742749857031334, 'max_iter': 5000, 'penalty': 'l2', 'solver': 'liblinear'}
060,0,8000,69,0.691150426864624,{'C': 0.012742749857031334, 'max_iter': 5000, 'penalty': 'l2', 'solver': 'liblinear'}
060,1,8000,66,0.7593064308166504,{'C': 0.08858667904100823, 'max_iter': 5000, 'penalty': 'l2', 'solver': 'liblinear'}
060,2,8000,67,0.4222981929779053,{'C': 0.08858667904100823, 'max_iter': 5000, 'penalty': 'l2', 'solver': 'liblinear'}
060,3,8000,68,0.3893773555755615,{'C': 0.08858667904100823, 'max_iter': 5000, 'penalty': 'l2', 'solver': 'liblinear'}
060,4,8000,68,0.41015052795410156,{'C': 0.615848211066026, 'max_iter': 5000, 'penalty': 'l2', 'solver': 'liblinear'}
100,0,8000,68,0.4870145320892334,{'C': 0.08858667904100823, 'max_iter': 5000, 'penalty': 'l2', 'solver': 'liblinear'}
100,1,8000,67,0.3962252140045166,{'C': 0.03359818286283781, 'max_iter': 5000, 'penalty': 'l2', 'solver': 'liblinear'}
100,2,8000,66,0.5918483734130859,{'C': 0.23357214690901212, 'max_iter': 5000, 'penalty': 'l2', 'solver': 'liblinear'}
100,3,8000,68,0.5534508228302002,{'C': 0.03359818286283781, 'max_iter': 5000, 'penalty': 'l2', 'solver': 'liblinear'}
100,4,8000,67,0.46772289276123047,{'C': 0.08858667904100823, 'max_iter': 5000, 'penalty': 'l2', 'solver': 'liblinear'}
005,0,8000,66,3.1846044063568115,{'C': 0.08858667904100823, 'max_iter': 5000, 'penalty': 'l1', 'solver': 'liblinear'}
005,1,8000,64,0.3573877811431885,{'C': 0.0001, 'max_iter': 5000, 'penalty': 'l2', 'solver': 'liblinear'}
005,2,8000,64,0.33330392837524414,{'C': 0.08858667904100823, 'max_iter': 5000, 'penalty': 'l2', 'solver': 'liblinear'}
005,3,8000,64,0.4508838653564453,{'C': 0.03359818286283781, 'max_iter': 5000, 'penalty': 'l1', 'solver': 'liblinear'}
005,4,8000,60,0.5228698253631592,{'C': 0.08858667904100823, 'max_iter': 5000, 'penalty': 'l2', 'solver': 'liblinear'}
010,0,8000,60,0.5044338703155518,{'C': 0.08858667904100823, 'max_iter': 5000, 'penalty': 'l2', 'solver': 'liblinear'}
010,1,8000,64,0.659867525100708,{'C': 0.03359818286283781, 'max_iter': 5000, 'penalty': 'l1', 'solver': 'liblinear'}
010,2,8000,66,0.547558069229126,{'C': 29.763514416313132, 'max_iter': 5000, 'penalty': 'l2', 'solver': 'liblinear'}
010,3,8000,50,0.463010311126709,{'C': 0.23357214690901212, 'max_iter': 5000, 'penalty': 'l2', 'solver': 'liblinear'}
010,4,8000,58,0.46817779541015625,{'C': 0.0001, 'max_iter': 5000, 'penalty': 'l2', 'solver': 'liblinear'}
015,0,8000,64,0.4259955883026123,{'C': 0.03359818286283781, 'max_iter': 5000, 'penalty': 'l1', 'solver': 'liblinear'}
015,1,8000,66,0.45505309104919434,{'C': 0.23357214690901212, 'max_iter': 5000, 'penalty': 'l2', 'solver': 'liblinear'}
015,2,8000,68,0.4302668571472168,{'C': 0.012742749857031334, 'max_iter': 5000, 'penalty': 'l2', 'solver': 'liblinear'}
015,3,8000,68,0.5422298908233643,{'C': 0.03359818286283781, 'max_iter': 5000, 'penalty': 'l2', 'solver': 'liblinear'}
015,4,8000,63,0.4717133045196533,{'C': 11.288378916846883, 'max_iter': 5000, 'penalty': 'l1', 'solver': 'liblinear'}
020,0,8000,63,0.5736508369445801,{'C': 0.615848211066026, 'max_iter': 5000, 'penalty': 'l2', 'solver': 'liblinear'}
020,1,8000,64,0.39420342445373535,{'C': 0.0001, 'max_iter': 5000, 'penalty': 'l2', 'solver': 'liblinear'}
020,2,8000,66,0.3781931400299072,{'C': 0.615848211066026, 'max_iter': 5000, 'penalty': 'l1', 'solver': 'liblinear'}
020,3,8000,66,0.43176913261413574,{'C': 4.281332398719396, 'max_iter': 5000, 'penalty': 'l1', 'solver': 'liblinear'}
020,4,8000,60,0.5251820087432861,{'C': 0.03359818286283781, 'max_iter': 5000, 'penalty': 'l1', 'solver': 'liblinear'}
030,0,8000,68,0.5839364528656006,{'C': 1.623776739188721, 'max_iter': 5000, 'penalty': 'l2', 'solver': 'liblinear'}
030,1,8000,64,0.5506134033203125,{'C': 0.615848211066026, 'max_iter': 5000, 'penalty': 'l1', 'solver': 'liblinear'}
030,2,8000,66,0.5704295635223389,{'C': 0.615848211066026, 'max_iter': 5000, 'penalty': 'l1', 'solver': 'liblinear'}
030,3,8000,66,0.6165931224822998,{'C': 11.288378916846883, 'max_iter': 5000, 'penalty': 'l1', 'solver': 'liblinear'}
030,4,8000,68,0.6695556640625,{'C': 0.0001, 'max_iter': 5000, 'penalty': 'l2', 'solver': 'liblinear'}
060,0,8000,69,0.80436110496521,{'C': 0.012742749857031334, 'max_iter': 5000, 'penalty': 'l2', 'solver': 'liblinear'}
060,1,8000,66,0.6634771823883057,{'C': 0.08858667904100823, 'max_iter': 5000, 'penalty': 'l1', 'solver': 'liblinear'}
060,2,8000,67,0.6077010631561279,{'C': 0.23357214690901212, 'max_iter': 5000, 'penalty': 'l2', 'solver': 'liblinear'}
060,3,8000,68,0.4124002456665039,{'C': 0.012742749857031334, 'max_iter': 5000, 'penalty': 'l2', 'solver': 'liblinear'}
060,4,8000,67,0.5502550601959229,{'C': 0.08858667904100823, 'max_iter': 5000, 'penalty': 'l2', 'solver': 'liblinear'}
100,0,8000,68,0.5750107765197754,{'C': 0.08858667904100823, 'max_iter': 5000, 'penalty': 'l1', 'solver': 'liblinear'}
100,1,8000,67,0.7034738063812256,{'C': 0.03359818286283781, 'max_iter': 5000, 'penalty': 'l2', 'solver': 'liblinear'}
100,2,8000,67,0.5269713401794434,{'C': 0.08858667904100823, 'max_iter': 5000, 'penalty': 'l2', 'solver': 'liblinear'}
100,3,8000,67,0.6989231109619141,{'C': 0.615848211066026, 'max_iter': 5000, 'penalty': 'l2', 'solver': 'liblinear'}
100,4,8000,67,0.5861949920654297,{'C': 0.08858667904100823, 'max_iter': 5000, 'penalty': 'l2', 'solver': 'liblinear'}
005,0,8000,66,3.024786949157715,{'C': 0.08858667904100823, 'max_iter': 5000, 'penalty': 'l2', 'solver': 'liblinear'}
005,1,8000,64,0.33721423149108887,{'C': 0.08858667904100823, 'max_iter': 5000, 'penalty': 'l1', 'solver': 'liblinear'}
005,2,8000,64,0.38844776153564453,{'C': 0.08858667904100823, 'max_iter': 5000, 'penalty': 'l2', 'solver': 'liblinear'}
005,3,8000,64,0.4779481887817383,{'C': 0.03359818286283781, 'max_iter': 5000, 'penalty': 'l1', 'solver': 'liblinear'}
005,4,8000,60,0.4740562438964844,{'C': 0.0001, 'max_iter': 5000, 'penalty': 'l2', 'solver': 'liblinear'}
010,0,8000,61,0.5903909206390381,{'C': 0.23357214690901212, 'max_iter': 5000, 'penalty': 'l2', 'solver': 'liblinear'}
010,1,8000,64,0.7559714317321777,{'C': 0.03359818286283781, 'max_iter': 5000, 'penalty': 'l1', 'solver': 'liblinear'}
010,2,8000,64,0.7790381908416748,{'C': 0.03359818286283781, 'max_iter': 5000, 'penalty': 'l1', 'solver': 'liblinear'}
010,3,8000,52,0.6938896179199219,{'C': 0.615848211066026, 'max_iter': 5000, 'penalty': 'l1', 'solver': 'liblinear'}
010,4,8000,61,0.3936924934387207,{'C': 0.23357214690901212, 'max_iter': 5000, 'penalty': 'l2', 'solver': 'liblinear'}
015,0,8000,66,0.3876340389251709,{'C': 0.08858667904100823, 'max_iter': 5000, 'penalty': 'l1', 'solver': 'liblinear'}
015,1,8000,64,0.4268338680267334,{'C': 11.288378916846883, 'max_iter': 5000, 'penalty': 'l1', 'solver': 'liblinear'}
015,2,8000,68,0.4088728427886963,{'C': 0.03359818286283781, 'max_iter': 5000, 'penalty': 'l2', 'solver': 'liblinear'}
015,3,8000,68,0.32861781120300293,{'C': 0.615848211066026, 'max_iter': 5000, 'penalty': 'l1', 'solver': 'liblinear'}
015,4,8000,64,0.37044548988342285,{'C': 1.623776739188721, 'max_iter': 5000, 'penalty': 'l1', 'solver': 'liblinear'}
020,0,8000,63,0.3746182918548584,{'C': 11.288378916846883, 'max_iter': 5000, 'penalty': 'l1', 'solver': 'liblinear'}
020,1,8000,66,0.456585168838501,{'C': 0.08858667904100823, 'max_iter': 5000, 'penalty': 'l2', 'solver': 'liblinear'}
020,2,8000,66,0.5325183868408203,{'C': 1.623776739188721, 'max_iter': 5000, 'penalty': 'l2', 'solver': 'liblinear'}
020,3,8000,66,0.35073304176330566,{'C': 1.623776739188721, 'max_iter': 5000, 'penalty': 'l1', 'solver': 'liblinear'}
020,4,8000,60,0.42173147201538086,{'C': 0.03359818286283781, 'max_iter': 5000, 'penalty': 'l1', 'solver': 'liblinear'}
030,0,8000,68,0.4673168659210205,{'C': 4.281332398719396, 'max_iter': 5000, 'penalty': 'l1', 'solver': 'liblinear'}
030,1,8000,64,0.5750610828399658,{'C': 0.23357214690901212, 'max_iter': 5000, 'penalty': 'l2', 'solver': 'liblinear'}
030,2,8000,68,0.572331428527832,{'C': 0.23357214690901212, 'max_iter': 5000, 'penalty': 'l2', 'solver': 'liblinear'}
030,3,8000,67,0.5272042751312256,{'C': 0.08858667904100823, 'max_iter': 5000, 'penalty': 'l2', 'solver': 'liblinear'}
030,4,8000,66,0.6296992301940918,{'C': 1.623776739188721, 'max_iter': 5000, 'penalty': 'l2', 'solver': 'liblinear'}
060,0,8000,68,0.5216822624206543,{'C': 0.03359818286283781, 'max_iter': 5000, 'penalty': 'l2', 'solver': 'liblinear'}
060,1,8000,68,0.44516420364379883,{'C': 1.623776739188721, 'max_iter': 5000, 'penalty': 'l1', 'solver': 'liblinear'}
060,2,8000,68,0.4503903388977051,{'C': 0.23357214690901212, 'max_iter': 5000, 'penalty': 'l1', 'solver': 'liblinear'}
060,3,8000,68,0.502765417098999,{'C': 0.23357214690901212, 'max_iter': 5000, 'penalty': 'l1', 'solver': 'liblinear'}
060,4,8000,68,0.5814828872680664,{'C': 0.23357214690901212, 'max_iter': 5000, 'penalty': 'l1', 'solver': 'liblinear'}
100,0,8000,68,0.5758233070373535,{'C': 0.08858667904100823, 'max_iter': 5000, 'penalty': 'l2', 'solver': 'liblinear'}
100,1,8000,68,0.46016502380371094,{'C': 0.23357214690901212, 'max_iter': 5000, 'penalty': 'l1', 'solver': 'liblinear'}
100,2,8000,67,0.5545341968536377,{'C': 0.23357214690901212, 'max_iter': 5000, 'penalty': 'l1', 'solver': 'liblinear'}
100,3,8000,67,0.5301961898803711,{'C': 0.23357214690901212, 'max_iter': 5000, 'penalty': 'l2', 'solver': 'liblinear'}
100,4,8000,67,0.6806182861328125,{'C': 0.08858667904100823, 'max_iter': 5000, 'penalty': 'l2', 'solver': 'liblinear'}
005,0,8000,65,2.6177003383636475,{'C': 0.23357214690901212, 'max_iter': 5000, 'penalty': 'l1', 'solver': 'liblinear'}
005,1,8000,65,0.29459214210510254,{'C': 0.004832930238571752, 'max_iter': 5000, 'penalty': 'l2', 'solver': 'liblinear'}
005,2,8000,64,0.280165433883667,{'C': 0.23357214690901212, 'max_iter': 5000, 'penalty': 'l2', 'solver': 'liblinear'}
005,3,8000,64,0.5886697769165039,{'C': 0.03359818286283781, 'max_iter': 5000, 'penalty': 'l1', 'solver': 'liblinear'}
005,4,8000,63,0.5084633827209473,{'C': 0.23357214690901212, 'max_iter': 5000, 'penalty': 'l1', 'solver': 'liblinear'}
010,0,8000,62,0.5864579677581787,{'C': 0.615848211066026, 'max_iter': 5000, 'penalty': 'l2', 'solver': 'liblinear'}
010,1,8000,64,0.40998005867004395,{'C': 0.03359818286283781, 'max_iter': 5000, 'penalty': 'l1', 'solver': 'liblinear'}
010,2,8000,68,19.077854871749878,{'C': 0.0001, 'max_iter': 5000, 'penalty': 'l2', 'solver': 'liblinear'}
010,3,8000,55,0.4133319854736328,{'C': 1.623776739188721, 'max_iter': 5000, 'penalty': 'l1', 'solver': 'liblinear'}
010,4,8000,59,0.6493682861328125,{'C': 0.012742749857031334, 'max_iter': 5000, 'penalty': 'l2', 'solver': 'liblinear'}
015,0,8000,68,0.6548831462860107,{'C': 4.281332398719396, 'max_iter': 5000, 'penalty': 'l1', 'solver': 'liblinear'}
015,1,8000,64,0.5081179141998291,{'C': 0.615848211066026, 'max_iter': 5000, 'penalty': 'l2', 'solver': 'liblinear'}
015,2,8000,68,0.39779186248779297,{'C': 0.03359818286283781, 'max_iter': 5000, 'penalty': 'l2', 'solver': 'liblinear'}
015,3,8000,68,0.3995857238769531,{'C': 0.03359818286283781, 'max_iter': 5000, 'penalty': 'l2', 'solver': 'liblinear'}
015,4,8000,64,0.5141801834106445,{'C': 4.281332398719396, 'max_iter': 5000, 'penalty': 'l1', 'solver': 'liblinear'}
020,0,8000,63,0.4553096294403076,{'C': 0.615848211066026, 'max_iter': 5000, 'penalty': 'l2', 'solver': 'liblinear'}
020,1,8000,64,0.4408106803894043,{'C': 0.0001, 'max_iter': 5000, 'penalty': 'l2', 'solver': 'liblinear'}
020,2,8000,66,0.5172433853149414,{'C': 1.623776739188721, 'max_iter': 5000, 'penalty': 'l1', 'solver': 'liblinear'}
020,3,8000,66,0.554542064666748,{'C': 4.281332398719396, 'max_iter': 5000, 'penalty': 'l1', 'solver': 'liblinear'}
020,4,8000,64,0.1961057186126709,{'C': 0.08858667904100823, 'max_iter': 5000, 'penalty': 'l1', 'solver': 'liblinear'}
030,0,8000,68,0.3295414447784424,{'C': 0.004832930238571752, 'max_iter': 5000, 'penalty': 'l2', 'solver': 'liblinear'}
030,1,8000,62,0.4829699993133545,{'C': 0.012742749857031334, 'max_iter': 5000, 'penalty': 'l2', 'solver': 'liblinear'}
030,2,8000,66,0.6884496212005615,{'C': 0.615848211066026, 'max_iter': 5000, 'penalty': 'l1', 'solver': 'liblinear'}
030,3,8000,66,0.568779706954956,{'C': 4.281332398719396, 'max_iter': 5000, 'penalty': 'l1', 'solver': 'liblinear'}
030,4,8000,68,0.5164535045623779,{'C': 0.012742749857031334, 'max_iter': 5000, 'penalty': 'l2', 'solver': 'liblinear'}
060,0,8000,68,0.44447994232177734,{'C': 0.004832930238571752, 'max_iter': 5000, 'penalty': 'l2', 'solver': 'liblinear'}
060,1,8000,68,0.3880939483642578,{'C': 1.623776739188721, 'max_iter': 5000, 'penalty': 'l1', 'solver': 'liblinear'}
060,2,8000,67,0.5568549633026123,{'C': 0.08858667904100823, 'max_iter': 5000, 'penalty': 'l2', 'solver': 'liblinear'}
060,3,8000,68,0.45379042625427246,{'C': 0.012742749857031334, 'max_iter': 5000, 'penalty': 'l2', 'solver': 'liblinear'}
060,4,8000,67,0.4114079475402832,{'C': 0.08858667904100823, 'max_iter': 5000, 'penalty': 'l2', 'solver': 'liblinear'}
100,0,8000,68,0.459824800491333,{'C': 0.03359818286283781, 'max_iter': 5000, 'penalty': 'l2', 'solver': 'liblinear'}
100,1,8000,66,0.4893341064453125,{'C': 0.012742749857031334, 'max_iter': 5000, 'penalty': 'l2', 'solver': 'liblinear'}
100,2,8000,67,0.46122193336486816,{'C': 0.08858667904100823, 'max_iter': 5000, 'penalty': 'l2', 'solver': 'liblinear'}
100,3,8000,68,0.4903719425201416,{'C': 0.23357214690901212, 'max_iter': 5000, 'penalty': 'l1', 'solver': 'liblinear'}
100,4,8000,67,0.6491436958312988,{'C': 0.08858667904100823, 'max_iter': 5000, 'penalty': 'l2', 'solver': 'liblinear'}
005,0,8000,66,3.473436117172241,{'C': 0.23357214690901212, 'max_iter': 5000, 'penalty': 'l2', 'solver': 'liblinear'}
005,1,8000,64,0.3986637592315674,{'C': 0.08858667904100823, 'max_iter': 5000, 'penalty': 'l1', 'solver': 'liblinear'}
005,2,8000,64,0.4525618553161621,{'C': 0.23357214690901212, 'max_iter': 5000, 'penalty': 'l1', 'solver': 'liblinear'}
005,3,8000,64,0.4282805919647217,{'C': 0.03359818286283781, 'max_iter': 5000, 'penalty': 'l1', 'solver': 'liblinear'}
005,4,8000,59,0.35669922828674316,{'C': 1.623776739188721, 'max_iter': 5000, 'penalty': 'l1', 'solver': 'liblinear'}
010,0,8000,62,0.3640434741973877,{'C': 0.23357214690901212, 'max_iter': 5000, 'penalty': 'l1', 'solver': 'liblinear'}
010,1,8000,64,0.28633737564086914,{'C': 0.03359818286283781, 'max_iter': 5000, 'penalty': 'l1', 'solver': 'liblinear'}
010,2,8000,67,0.43669605255126953,{'C': 4.281332398719396, 'max_iter': 5000, 'penalty': 'l2', 'solver': 'liblinear'}
010,3,8000,52,0.43897461891174316,{'C': 0.615848211066026, 'max_iter': 5000, 'penalty': 'l2', 'solver': 'liblinear'}
010,4,8000,60,0.49594759941101074,{'C': 0.08858667904100823, 'max_iter': 5000, 'penalty': 'l2', 'solver': 'liblinear'}
015,0,8000,64,0.3448305130004883,{'C': 0.03359818286283781, 'max_iter': 5000, 'penalty': 'l1', 'solver': 'liblinear'}
015,1,8000,64,0.4133322238922119,{'C': 4.281332398719396, 'max_iter': 5000, 'penalty': 'l2', 'solver': 'liblinear'}
015,2,8000,66,0.38488173484802246,{'C': 0.23357214690901212, 'max_iter': 5000, 'penalty': 'l1', 'solver': 'liblinear'}
015,3,8000,68,0.3515758514404297,{'C': 0.615848211066026, 'max_iter': 5000, 'penalty': 'l1', 'solver': 'liblinear'}
015,4,8000,64,0.36988329887390137,{'C': 4.281332398719396, 'max_iter': 5000, 'penalty': 'l1', 'solver': 'liblinear'}
020,0,8000,63,0.45294952392578125,{'C': 0.615848211066026, 'max_iter': 5000, 'penalty': 'l2', 'solver': 'liblinear'}
020,1,8000,64,0.4713938236236572,{'C': 0.0001, 'max_iter': 5000, 'penalty': 'l2', 'solver': 'liblinear'}
020,2,8000,66,0.4898200035095215,{'C': 3792.690190732246, 'max_iter': 5000, 'penalty': 'l1', 'solver': 'liblinear'}
020,3,8000,66,0.5540072917938232,{'C': 1.623776739188721, 'max_iter': 5000, 'penalty': 'l1', 'solver': 'liblinear'}
020,4,8000,66,0.5867819786071777,{'C': 0.615848211066026, 'max_iter': 5000, 'penalty': 'l2', 'solver': 'liblinear'}
030,0,8000,68,0.4785323143005371,{'C': 0.03359818286283781, 'max_iter': 5000, 'penalty': 'l2', 'solver': 'liblinear'}
030,1,8000,62,0.5658338069915771,{'C': 0.004832930238571752, 'max_iter': 5000, 'penalty': 'l2', 'solver': 'liblinear'}
030,2,8000,66,0.515925407409668,{'C': 1.623776739188721, 'max_iter': 5000, 'penalty': 'l1', 'solver': 'liblinear'}
030,3,8000,66,0.5703747272491455,{'C': 4.281332398719396, 'max_iter': 5000, 'penalty': 'l1', 'solver': 'liblinear'}
030,4,8000,66,0.2244887351989746,{'C': 1.623776739188721, 'max_iter': 5000, 'penalty': 'l2', 'solver': 'liblinear'}
060,0,8000,68,0.39865803718566895,{'C': 0.03359818286283781, 'max_iter': 5000, 'penalty': 'l2', 'solver': 'liblinear'}
060,1,8000,66,0.47138285636901855,{'C': 0.03359818286283781, 'max_iter': 5000, 'penalty': 'l2', 'solver': 'liblinear'}
060,2,8000,68,0.4583265781402588,{'C': 0.03359818286283781, 'max_iter': 5000, 'penalty': 'l2', 'solver': 'liblinear'}
060,3,8000,68,0.49986982345581055,{'C': 0.08858667904100823, 'max_iter': 5000, 'penalty': 'l2', 'solver': 'liblinear'}
060,4,8000,67,0.5085928440093994,{'C': 0.08858667904100823, 'max_iter': 5000, 'penalty': 'l2', 'solver': 'liblinear'}
100,0,8000,68,0.6472790241241455,{'C': 0.03359818286283781, 'max_iter': 5000, 'penalty': 'l2', 'solver': 'liblinear'}
100,1,8000,68,0.580573320388794,{'C': 0.08858667904100823, 'max_iter': 5000, 'penalty': 'l1', 'solver': 'liblinear'}
100,2,8000,66,0.4463460445404053,{'C': 0.23357214690901212, 'max_iter': 5000, 'penalty': 'l2', 'solver': 'liblinear'}
100,3,8000,67,0.4101433753967285,{'C': 0.615848211066026, 'max_iter': 5000, 'penalty': 'l1', 'solver': 'liblinear'}
100,4,8000,67,0.5569727420806885,{'C': 0.08858667904100823, 'max_iter': 5000, 'penalty': 'l2', 'solver': 'liblinear'}
