005,0,0,57,2.903613567352295,{'C': 10000.0, 'max_iter': 5000, 'penalty': 'l1', 'solver': 'liblinear'}
005,1,0,66,0.4092998504638672,{'C': 0.08858667904100823, 'max_iter': 5000, 'penalty': 'l2', 'solver': 'liblinear'}
005,2,0,65,0.44069528579711914,{'C': 4.281332398719396, 'max_iter': 5000, 'penalty': 'l1', 'solver': 'liblinear'}
005,3,0,67,0.3774585723876953,{'C': 0.615848211066026, 'max_iter': 5000, 'penalty': 'l1', 'solver': 'liblinear'}
005,4,0,50,0.5513074398040771,{'C': 0.0001, 'max_iter': 5000, 'penalty': 'l1', 'solver': 'liblinear'}
010,0,0,65,0.413165807723999,{'C': 1438.44988828766, 'max_iter': 5000, 'penalty': 'l1', 'solver': 'liblinear'}
010,1,0,64,0.3682084083557129,{'C': 0.615848211066026, 'max_iter': 5000, 'penalty': 'l1', 'solver': 'liblinear'}
010,2,0,66,0.37738728523254395,{'C': 0.0006951927961775605, 'max_iter': 5000, 'penalty': 'l2', 'solver': 'liblinear'}
010,3,0,50,0.3138730525970459,{'C': 0.0001, 'max_iter': 5000, 'penalty': 'l1', 'solver': 'liblinear'}
010,4,0,58,0.35506558418273926,{'C': 0.23357214690901212, 'max_iter': 5000, 'penalty': 'l1', 'solver': 'liblinear'}
015,0,0,63,0.35190367698669434,{'C': 1.623776739188721, 'max_iter': 5000, 'penalty': 'l1', 'solver': 'liblinear'}
015,1,0,70,0.4340853691101074,{'C': 0.23357214690901212, 'max_iter': 5000, 'penalty': 'l1', 'solver': 'liblinear'}
015,2,0,68,0.3893449306488037,{'C': 0.615848211066026, 'max_iter': 5000, 'penalty': 'l1', 'solver': 'liblinear'}
015,3,0,66,0.31375837326049805,{'C': 0.615848211066026, 'max_iter': 5000, 'penalty': 'l1', 'solver': 'liblinear'}
015,4,0,66,0.33411550521850586,{'C': 4.281332398719396, 'max_iter': 5000, 'penalty': 'l2', 'solver': 'liblinear'}
020,0,0,71,0.40394091606140137,{'C': 0.08858667904100823, 'max_iter': 5000, 'penalty': 'l2', 'solver': 'liblinear'}
020,1,0,68,0.4352898597717285,{'C': 0.23357214690901212, 'max_iter': 5000, 'penalty': 'l1', 'solver': 'liblinear'}
020,2,0,62,0.518988847732544,{'C': 0.23357214690901212, 'max_iter': 5000, 'penalty': 'l1', 'solver': 'liblinear'}
020,3,0,67,0.5192461013793945,{'C': 1.623776739188721, 'max_iter': 5000, 'penalty': 'l1', 'solver': 'liblinear'}
020,4,0,70,0.511002779006958,{'C': 0.012742749857031334, 'max_iter': 5000, 'penalty': 'l2', 'solver': 'liblinear'}
030,0,0,69,0.6376757621765137,{'C': 0.004832930238571752, 'max_iter': 5000, 'penalty': 'l2', 'solver': 'liblinear'}
030,1,0,67,0.7923276424407959,{'C': 0.0006951927961775605, 'max_iter': 5000, 'penalty': 'l2', 'solver': 'liblinear'}
030,2,0,74,0.6511833667755127,{'C': 0.012742749857031334, 'max_iter': 5000, 'penalty': 'l2', 'solver': 'liblinear'}
030,3,0,73,0.48389244079589844,{'C': 0.0018329807108324356, 'max_iter': 5000, 'penalty': 'l2', 'solver': 'liblinear'}
030,4,0,65,0.4314894676208496,{'C': 0.0006951927961775605, 'max_iter': 5000, 'penalty': 'l2', 'solver': 'liblinear'}
060,0,0,68,1.5312111377716064,{'C': 0.00026366508987303583, 'max_iter': 5000, 'penalty': 'l2', 'solver': 'liblinear'}
060,1,0,72,1.6528959274291992,{'C': 0.23357214690901212, 'max_iter': 5000, 'penalty': 'l1', 'solver': 'liblinear'}
060,2,0,73,1.1939966678619385,{'C': 0.23357214690901212, 'max_iter': 5000, 'penalty': 'l2', 'solver': 'liblinear'}
060,3,0,74,1.622302532196045,{'C': 0.012742749857031334, 'max_iter': 5000, 'penalty': 'l2', 'solver': 'liblinear'}
060,4,0,74,1.631079912185669,{'C': 0.012742749857031334, 'max_iter': 5000, 'penalty': 'l2', 'solver': 'liblinear'}
100,0,0,74,3.065545082092285,{'C': 0.012742749857031334, 'max_iter': 5000, 'penalty': 'l2', 'solver': 'liblinear'}
100,1,0,69,4.329188108444214,{'C': 1.623776739188721, 'max_iter': 5000, 'penalty': 'l2', 'solver': 'liblinear'}
100,2,0,69,3.133073091506958,{'C': 0.00026366508987303583, 'max_iter': 5000, 'penalty': 'l2', 'solver': 'liblinear'}
100,3,0,68,2.866331100463867,{'C': 0.08858667904100823, 'max_iter': 5000, 'penalty': 'l1', 'solver': 'liblinear'}
100,4,0,74,3.7875003814697266,{'C': 0.012742749857031334, 'max_iter': 5000, 'penalty': 'l2', 'solver': 'liblinear'}
005,0,0,58,3.3828158378601074,{'C': 78.47599703514607, 'max_iter': 10000, 'penalty': 'l1', 'solver': 'liblinear'}
005,1,0,64,0.36785340309143066,{'C': 1.623776739188721, 'max_iter': 5000, 'penalty': 'l2', 'solver': 'liblinear'}
005,2,0,65,0.38854002952575684,{'C': 4.281332398719396, 'max_iter': 5000, 'penalty': 'l1', 'solver': 'liblinear'}
005,3,0,67,0.41435742378234863,{'C': 0.615848211066026, 'max_iter': 5000, 'penalty': 'l1', 'solver': 'liblinear'}
005,4,0,66,0.5428104400634766,{'C': 0.08858667904100823, 'max_iter': 5000, 'penalty': 'l2', 'solver': 'liblinear'}
010,0,0,64,0.4799618721008301,{'C': 11.288378916846883, 'max_iter': 10000, 'penalty': 'l1', 'solver': 'liblinear'}
010,1,0,64,0.54189133644104,{'C': 0.615848211066026, 'max_iter': 5000, 'penalty': 'l1', 'solver': 'liblinear'}
010,2,0,50,0.5794436931610107,{'C': 0.0001, 'max_iter': 5000, 'penalty': 'l1', 'solver': 'liblinear'}
010,3,0,68,0.3578300476074219,{'C': 3792.690190732246, 'max_iter': 5000, 'penalty': 'l2', 'solver': 'liblinear'}
010,4,0,69,0.3628253936767578,{'C': 206.913808111479, 'max_iter': 5000, 'penalty': 'l2', 'solver': 'liblinear'}
015,0,0,64,0.6292927265167236,{'C': 11.288378916846883, 'max_iter': 5000, 'penalty': 'l1', 'solver': 'liblinear'}
015,1,0,70,0.4145982265472412,{'C': 0.23357214690901212, 'max_iter': 5000, 'penalty': 'l1', 'solver': 'liblinear'}
015,2,0,64,0.5100774765014648,{'C': 0.0001, 'max_iter': 5000, 'penalty': 'l2', 'solver': 'liblinear'}
015,3,0,62,0.4353904724121094,{'C': 0.0001, 'max_iter': 5000, 'penalty': 'l2', 'solver': 'liblinear'}
015,4,0,62,0.4645674228668213,{'C': 0.23357214690901212, 'max_iter': 5000, 'penalty': 'l1', 'solver': 'liblinear'}
020,0,0,66,0.4546830654144287,{'C': 0.004832930238571752, 'max_iter': 5000, 'penalty': 'l2', 'solver': 'liblinear'}
020,1,0,68,0.7342429161071777,{'C': 0.23357214690901212, 'max_iter': 5000, 'penalty': 'l1', 'solver': 'liblinear'}
020,2,0,62,0.6340987682342529,{'C': 0.23357214690901212, 'max_iter': 5000, 'penalty': 'l1', 'solver': 'liblinear'}
020,3,0,68,0.6391315460205078,{'C': 0.23357214690901212, 'max_iter': 5000, 'penalty': 'l1', 'solver': 'liblinear'}
020,4,0,68,0.6923630237579346,{'C': 10000.0, 'max_iter': 5000, 'penalty': 'l1', 'solver': 'liblinear'}
030,0,0,67,0.6575596332550049,{'C': 0.0018329807108324356, 'max_iter': 5000, 'penalty': 'l2', 'solver': 'liblinear'}
030,1,0,67,0.5020716190338135,{'C': 0.0006951927961775605, 'max_iter': 5000, 'penalty': 'l2', 'solver': 'liblinear'}
030,2,0,76,0.5810272693634033,{'C': 0.03359818286283781, 'max_iter': 5000, 'penalty': 'l2', 'solver': 'liblinear'}
030,3,0,71,0.5162932872772217,{'C': 0.23357214690901212, 'max_iter': 5000, 'penalty': 'l1', 'solver': 'liblinear'}
030,4,0,65,0.7766056060791016,{'C': 0.00026366508987303583, 'max_iter': 5000, 'penalty': 'l2', 'solver': 'liblinear'}
060,0,0,68,1.231407642364502,{'C': 0.00026366508987303583, 'max_iter': 5000, 'penalty': 'l2', 'solver': 'liblinear'}
060,1,0,75,1.4185295104980469,{'C': 0.012742749857031334, 'max_iter': 5000, 'penalty': 'l2', 'solver': 'liblinear'}
060,2,0,74,1.3154969215393066,{'C': 0.012742749857031334, 'max_iter': 5000, 'penalty': 'l2', 'solver': 'liblinear'}
060,3,0,70,1.6596531867980957,{'C': 0.23357214690901212, 'max_iter': 5000, 'penalty': 'l1', 'solver': 'liblinear'}
060,4,0,72,1.5267577171325684,{'C': 0.23357214690901212, 'max_iter': 5000, 'penalty': 'l1', 'solver': 'liblinear'}
100,0,0,74,2.9237618446350098,{'C': 0.08858667904100823, 'max_iter': 5000, 'penalty': 'l2', 'solver': 'liblinear'}
100,1,0,74,3.687788486480713,{'C': 0.08858667904100823, 'max_iter': 5000, 'penalty': 'l2', 'solver': 'liblinear'}
100,2,0,70,2.948312282562256,{'C': 0.0006951927961775605, 'max_iter': 5000, 'penalty': 'l2', 'solver': 'liblinear'}
100,3,0,74,3.916236162185669,{'C': 0.012742749857031334, 'max_iter': 5000, 'penalty': 'l2', 'solver': 'liblinear'}
100,4,0,74,3.692054271697998,{'C': 0.004832930238571752, 'max_iter': 5000, 'penalty': 'l2', 'solver': 'liblinear'}
005,0,0,57,3.0229227542877197,{'C': 4.281332398719396, 'max_iter': 5000, 'penalty': 'l1', 'solver': 'liblinear'}
005,1,0,64,0.5198485851287842,{'C': 1.623776739188721, 'max_iter': 5000, 'penalty': 'l2', 'solver': 'liblinear'}
005,2,0,56,0.4721803665161133,{'C': 545.5594781168514, 'max_iter': 10000, 'penalty': 'l1', 'solver': 'liblinear'}
005,3,0,67,0.5369555950164795,{'C': 0.615848211066026, 'max_iter': 5000, 'penalty': 'l1', 'solver': 'liblinear'}
005,4,0,59,0.5931975841522217,{'C': 4.281332398719396, 'max_iter': 5000, 'penalty': 'l1', 'solver': 'liblinear'}
010,0,0,50,0.5408406257629395,{'C': 0.0001, 'max_iter': 5000, 'penalty': 'l1', 'solver': 'liblinear'}
010,1,0,64,0.6372909545898438,{'C': 0.615848211066026, 'max_iter': 5000, 'penalty': 'l1', 'solver': 'liblinear'}
010,2,0,69,0.6800320148468018,{'C': 1.623776739188721, 'max_iter': 5000, 'penalty': 'l1', 'solver': 'liblinear'}
010,3,0,50,0.5646955966949463,{'C': 0.0001, 'max_iter': 5000, 'penalty': 'l1', 'solver': 'liblinear'}
010,4,0,64,0.5070300102233887,{'C': 0.0001, 'max_iter': 5000, 'penalty': 'l2', 'solver': 'liblinear'}
015,0,0,63,0.49349093437194824,{'C': 78.47599703514607, 'max_iter': 5000, 'penalty': 'l1', 'solver': 'liblinear'}
015,1,0,70,0.5373547077178955,{'C': 0.23357214690901212, 'max_iter': 5000, 'penalty': 'l1', 'solver': 'liblinear'}
015,2,0,68,0.4859294891357422,{'C': 0.03359818286283781, 'max_iter': 5000, 'penalty': 'l2', 'solver': 'liblinear'}
015,3,0,66,0.6088550090789795,{'C': 0.615848211066026, 'max_iter': 5000, 'penalty': 'l1', 'solver': 'liblinear'}
015,4,0,61,0.5245504379272461,{'C': 10000.0, 'max_iter': 10000, 'penalty': 'l1', 'solver': 'liblinear'}
020,0,0,70,0.5695569515228271,{'C': 0.23357214690901212, 'max_iter': 5000, 'penalty': 'l1', 'solver': 'liblinear'}
020,1,0,66,0.4847874641418457,{'C': 0.615848211066026, 'max_iter': 5000, 'penalty': 'l1', 'solver': 'liblinear'}
020,2,0,66,0.37078309059143066,{'C': 0.0001, 'max_iter': 5000, 'penalty': 'l2', 'solver': 'liblinear'}
020,3,0,70,0.44895505905151367,{'C': 0.615848211066026, 'max_iter': 5000, 'penalty': 'l1', 'solver': 'liblinear'}
020,4,0,63,0.5904536247253418,{'C': 0.23357214690901212, 'max_iter': 5000, 'penalty': 'l1', 'solver': 'liblinear'}
030,0,0,62,0.5385091304779053,{'C': 0.23357214690901212, 'max_iter': 5000, 'penalty': 'l1', 'solver': 'liblinear'}
030,1,0,67,0.5698199272155762,{'C': 0.0006951927961775605, 'max_iter': 5000, 'penalty': 'l2', 'solver': 'liblinear'}
030,2,0,70,0.5940577983856201,{'C': 0.0006951927961775605, 'max_iter': 5000, 'penalty': 'l2', 'solver': 'liblinear'}
030,3,0,71,0.6135680675506592,{'C': 0.23357214690901212, 'max_iter': 5000, 'penalty': 'l1', 'solver': 'liblinear'}
030,4,0,66,0.6517834663391113,{'C': 0.004832930238571752, 'max_iter': 5000, 'penalty': 'l2', 'solver': 'liblinear'}
060,0,0,71,1.3064444065093994,{'C': 0.004832930238571752, 'max_iter': 5000, 'penalty': 'l2', 'solver': 'liblinear'}
060,1,0,73,1.6692533493041992,{'C': 0.03359818286283781, 'max_iter': 5000, 'penalty': 'l2', 'solver': 'liblinear'}
060,2,0,72,1.333798885345459,{'C': 0.004832930238571752, 'max_iter': 5000, 'penalty': 'l2', 'solver': 'liblinear'}
060,3,0,69,1.559800148010254,{'C': 0.0006951927961775605, 'max_iter': 5000, 'penalty': 'l2', 'solver': 'liblinear'}
060,4,0,74,2.0588021278381348,{'C': 0.012742749857031334, 'max_iter': 5000, 'penalty': 'l2', 'solver': 'liblinear'}
100,0,0,74,3.7048487663269043,{'C': 0.08858667904100823, 'max_iter': 5000, 'penalty': 'l2', 'solver': 'liblinear'}
100,1,0,72,3.6304943561553955,{'C': 0.0018329807108324356, 'max_iter': 5000, 'penalty': 'l2', 'solver': 'liblinear'}
100,2,0,74,1.8671767711639404,{'C': 0.004832930238571752, 'max_iter': 5000, 'penalty': 'l2', 'solver': 'liblinear'}
100,3,0,68,2.296398878097534,{'C': 0.08858667904100823, 'max_iter': 5000, 'penalty': 'l1', 'solver': 'liblinear'}
100,4,0,72,3.7262654304504395,{'C': 0.0018329807108324356, 'max_iter': 5000, 'penalty': 'l2', 'solver': 'liblinear'}
005,0,0,57,1.912649393081665,{'C': 4.281332398719396, 'max_iter': 5000, 'penalty': 'l1', 'solver': 'liblinear'}
005,1,0,63,0.34870100021362305,{'C': 29.763514416313132, 'max_iter': 5000, 'penalty': 'l2', 'solver': 'liblinear'}
005,2,0,65,0.4419081211090088,{'C': 4.281332398719396, 'max_iter': 5000, 'penalty': 'l1', 'solver': 'liblinear'}
005,3,0,67,0.34715700149536133,{'C': 0.615848211066026, 'max_iter': 5000, 'penalty': 'l1', 'solver': 'liblinear'}
005,4,0,64,0.5072212219238281,{'C': 0.615848211066026, 'max_iter': 5000, 'penalty': 'l2', 'solver': 'liblinear'}
010,0,0,61,0.3816499710083008,{'C': 545.5594781168514, 'max_iter': 5000, 'penalty': 'l1', 'solver': 'liblinear'}
010,1,0,64,0.393573522567749,{'C': 0.615848211066026, 'max_iter': 5000, 'penalty': 'l1', 'solver': 'liblinear'}
010,2,0,64,0.5930495262145996,{'C': 0.615848211066026, 'max_iter': 5000, 'penalty': 'l1', 'solver': 'liblinear'}
010,3,0,61,0.46503758430480957,{'C': 11.288378916846883, 'max_iter': 5000, 'penalty': 'l1', 'solver': 'liblinear'}
010,4,0,64,0.5051159858703613,{'C': 0.0001, 'max_iter': 5000, 'penalty': 'l2', 'solver': 'liblinear'}
015,0,0,66,0.7096991539001465,{'C': 10000.0, 'max_iter': 5000, 'penalty': 'l1', 'solver': 'liblinear'}
015,1,0,70,0.6408557891845703,{'C': 0.23357214690901212, 'max_iter': 5000, 'penalty': 'l1', 'solver': 'liblinear'}
015,2,0,64,0.5818302631378174,{'C': 0.0001, 'max_iter': 5000, 'penalty': 'l2', 'solver': 'liblinear'}
015,3,0,64,0.6865873336791992,{'C': 0.012742749857031334, 'max_iter': 5000, 'penalty': 'l2', 'solver': 'liblinear'}
015,4,0,66,0.4729936122894287,{'C': 0.0006951927961775605, 'max_iter': 5000, 'penalty': 'l2', 'solver': 'liblinear'}
020,0,0,67,0.4789698123931885,{'C': 0.0001, 'max_iter': 5000, 'penalty': 'l2', 'solver': 'liblinear'}
020,1,0,71,0.4121708869934082,{'C': 0.012742749857031334, 'max_iter': 5000, 'penalty': 'l2', 'solver': 'liblinear'}
020,2,0,66,0.4313657283782959,{'C': 0.0001, 'max_iter': 5000, 'penalty': 'l2', 'solver': 'liblinear'}
020,3,0,67,0.5921742916107178,{'C': 1.623776739188721, 'max_iter': 5000, 'penalty': 'l1', 'solver': 'liblinear'}
020,4,0,58,0.5544464588165283,{'C': 1438.44988828766, 'max_iter': 5000, 'penalty': 'l1', 'solver': 'liblinear'}
030,0,0,69,0.7255246639251709,{'C': 0.012742749857031334, 'max_iter': 5000, 'penalty': 'l2', 'solver': 'liblinear'}
030,1,0,74,0.9028444290161133,{'C': 0.012742749857031334, 'max_iter': 5000, 'penalty': 'l2', 'solver': 'liblinear'}
030,2,0,76,0.6350493431091309,{'C': 0.08858667904100823, 'max_iter': 5000, 'penalty': 'l2', 'solver': 'liblinear'}
030,3,0,74,0.7085978984832764,{'C': 0.004832930238571752, 'max_iter': 5000, 'penalty': 'l2', 'solver': 'liblinear'}
030,4,0,65,0.637009859085083,{'C': 0.0018329807108324356, 'max_iter': 5000, 'penalty': 'l2', 'solver': 'liblinear'}
060,0,0,72,1.5142555236816406,{'C': 0.08858667904100823, 'max_iter': 5000, 'penalty': 'l2', 'solver': 'liblinear'}
060,1,0,72,1.2480425834655762,{'C': 0.23357214690901212, 'max_iter': 5000, 'penalty': 'l1', 'solver': 'liblinear'}
060,2,0,73,1.3716490268707275,{'C': 0.03359818286283781, 'max_iter': 5000, 'penalty': 'l2', 'solver': 'liblinear'}
060,3,0,74,1.4662199020385742,{'C': 0.004832930238571752, 'max_iter': 5000, 'penalty': 'l2', 'solver': 'liblinear'}
060,4,0,68,1.6292476654052734,{'C': 0.0018329807108324356, 'max_iter': 5000, 'penalty': 'l2', 'solver': 'liblinear'}
100,0,0,70,4.387877464294434,{'C': 0.0006951927961775605, 'max_iter': 5000, 'penalty': 'l2', 'solver': 'liblinear'}
100,1,0,74,3.3769078254699707,{'C': 0.08858667904100823, 'max_iter': 5000, 'penalty': 'l2', 'solver': 'liblinear'}
100,2,0,74,4.392874717712402,{'C': 0.004832930238571752, 'max_iter': 5000, 'penalty': 'l2', 'solver': 'liblinear'}
100,3,0,68,3.0172910690307617,{'C': 0.08858667904100823, 'max_iter': 5000, 'penalty': 'l1', 'solver': 'liblinear'}
100,4,0,74,2.896352767944336,{'C': 0.004832930238571752, 'max_iter': 5000, 'penalty': 'l2', 'solver': 'liblinear'}
005,0,0,60,3.1532185077667236,{'C': 78.47599703514607, 'max_iter': 5000, 'penalty': 'l1', 'solver': 'liblinear'}
005,1,0,63,0.28658485412597656,{'C': 29.763514416313132, 'max_iter': 5000, 'penalty': 'l2', 'solver': 'liblinear'}
005,2,0,50,0.5314493179321289,{'C': 0.0001, 'max_iter': 5000, 'penalty': 'l1', 'solver': 'liblinear'}
005,3,0,50,0.45267200469970703,{'C': 0.0001, 'max_iter': 5000, 'penalty': 'l1', 'solver': 'liblinear'}
005,4,0,69,0.5021111965179443,{'C': 0.0001, 'max_iter': 5000, 'penalty': 'l2', 'solver': 'liblinear'}
010,0,0,62,0.6608328819274902,{'C': 1438.44988828766, 'max_iter': 5000, 'penalty': 'l1', 'solver': 'liblinear'}
010,1,0,64,0.45387697219848633,{'C': 0.615848211066026, 'max_iter': 5000, 'penalty': 'l1', 'solver': 'liblinear'}
010,2,0,64,0.43935394287109375,{'C': 0.615848211066026, 'max_iter': 5000, 'penalty': 'l1', 'solver': 'liblinear'}
010,3,0,68,0.5010833740234375,{'C': 3792.690190732246, 'max_iter': 10000, 'penalty': 'l1', 'solver': 'liblinear'}
010,4,0,67,0.4127519130706787,{'C': 0.23357214690901212, 'max_iter': 5000, 'penalty': 'l2', 'solver': 'liblinear'}
015,0,0,66,0.5165975093841553,{'C': 1438.44988828766, 'max_iter': 10000, 'penalty': 'l1', 'solver': 'liblinear'}
015,1,0,73,0.6935100555419922,{'C': 0.615848211066026, 'max_iter': 5000, 'penalty': 'l1', 'solver': 'liblinear'}
015,2,0,64,0.45522475242614746,{'C': 0.0001, 'max_iter': 5000, 'penalty': 'l2', 'solver': 'liblinear'}
015,3,0,66,0.42943692207336426,{'C': 0.615848211066026, 'max_iter': 5000, 'penalty': 'l1', 'solver': 'liblinear'}
015,4,0,68,0.4054388999938965,{'C': 0.03359818286283781, 'max_iter': 5000, 'penalty': 'l2', 'solver': 'liblinear'}
020,0,0,67,0.5959992408752441,{'C': 0.0018329807108324356, 'max_iter': 5000, 'penalty': 'l2', 'solver': 'liblinear'}
020,1,0,66,0.8396236896514893,{'C': 0.615848211066026, 'max_iter': 5000, 'penalty': 'l1', 'solver': 'liblinear'}
020,2,0,62,0.5013179779052734,{'C': 4.281332398719396, 'max_iter': 5000, 'penalty': 'l1', 'solver': 'liblinear'}
020,3,0,68,0.7131175994873047,{'C': 0.23357214690901212, 'max_iter': 5000, 'penalty': 'l1', 'solver': 'liblinear'}
020,4,0,63,0.6984734535217285,{'C': 0.23357214690901212, 'max_iter': 5000, 'penalty': 'l1', 'solver': 'liblinear'}
030,0,0,69,0.8118247985839844,{'C': 0.23357214690901212, 'max_iter': 5000, 'penalty': 'l2', 'solver': 'liblinear'}
030,1,0,72,0.759066104888916,{'C': 0.615848211066026, 'max_iter': 5000, 'penalty': 'l1', 'solver': 'liblinear'}
030,2,0,58,0.8574779033660889,{'C': 29.763514416313132, 'max_iter': 5000, 'penalty': 'l1', 'solver': 'liblinear'}
030,3,0,71,0.5309267044067383,{'C': 0.23357214690901212, 'max_iter': 5000, 'penalty': 'l1', 'solver': 'liblinear'}
030,4,0,65,0.7225511074066162,{'C': 0.0018329807108324356, 'max_iter': 5000, 'penalty': 'l2', 'solver': 'liblinear'}
060,0,0,69,1.3266046047210693,{'C': 0.0018329807108324356, 'max_iter': 5000, 'penalty': 'l2', 'solver': 'liblinear'}
060,1,0,70,1.0728468894958496,{'C': 0.23357214690901212, 'max_iter': 5000, 'penalty': 'l2', 'solver': 'liblinear'}
060,2,0,68,1.432687520980835,{'C': 0.08858667904100823, 'max_iter': 10000, 'penalty': 'l1', 'solver': 'liblinear'}
060,3,0,74,1.4783036708831787,{'C': 0.004832930238571752, 'max_iter': 5000, 'penalty': 'l2', 'solver': 'liblinear'}
060,4,0,72,1.3985421657562256,{'C': 0.23357214690901212, 'max_iter': 5000, 'penalty': 'l1', 'solver': 'liblinear'}
100,0,0,74,4.646404027938843,{'C': 0.004832930238571752, 'max_iter': 5000, 'penalty': 'l2', 'solver': 'liblinear'}
100,1,0,75,3.1145641803741455,{'C': 0.23357214690901212, 'max_iter': 5000, 'penalty': 'l1', 'solver': 'liblinear'}
100,2,0,74,3.0026378631591797,{'C': 0.004832930238571752, 'max_iter': 5000, 'penalty': 'l2', 'solver': 'liblinear'}
100,3,0,72,3.451788902282715,{'C': 0.0018329807108324356, 'max_iter': 5000, 'penalty': 'l2', 'solver': 'liblinear'}
100,4,0,68,3.764456272125244,{'C': 0.08858667904100823, 'max_iter': 5000, 'penalty': 'l1', 'solver': 'liblinear'}
005,0,0,57,1.3510308265686035,{'C': 545.5594781168514, 'max_iter': 5000, 'penalty': 'l1', 'solver': 'liblinear'}
005,1,0,64,0.19636917114257812,{'C': 4.281332398719396, 'max_iter': 5000, 'penalty': 'l2', 'solver': 'liblinear'}
005,2,0,65,0.18476510047912598,{'C': 4.281332398719396, 'max_iter': 5000, 'penalty': 'l1', 'solver': 'liblinear'}
005,3,0,67,0.18153691291809082,{'C': 0.615848211066026, 'max_iter': 5000, 'penalty': 'l1', 'solver': 'liblinear'}
005,4,0,66,0.2129833698272705,{'C': 0.08858667904100823, 'max_iter': 5000, 'penalty': 'l2', 'solver': 'liblinear'}
010,0,0,64,0.25904011726379395,{'C': 11.288378916846883, 'max_iter': 5000, 'penalty': 'l1', 'solver': 'liblinear'}
010,1,0,64,0.19931435585021973,{'C': 0.615848211066026, 'max_iter': 5000, 'penalty': 'l1', 'solver': 'liblinear'}
010,2,0,58,0.18590950965881348,{'C': 0.23357214690901212, 'max_iter': 5000, 'penalty': 'l1', 'solver': 'liblinear'}
010,3,0,64,0.18916702270507812,{'C': 3792.690190732246, 'max_iter': 10000, 'penalty': 'l1', 'solver': 'liblinear'}
010,4,0,68,0.18689775466918945,{'C': 0.615848211066026, 'max_iter': 5000, 'penalty': 'l1', 'solver': 'liblinear'}
015,0,0,70,0.18598651885986328,{'C': 0.03359818286283781, 'max_iter': 5000, 'penalty': 'l2', 'solver': 'liblinear'}
015,1,0,73,0.18146395683288574,{'C': 0.615848211066026, 'max_iter': 5000, 'penalty': 'l1', 'solver': 'liblinear'}
015,2,0,68,0.182220458984375,{'C': 78.47599703514607, 'max_iter': 5000, 'penalty': 'l2', 'solver': 'liblinear'}
015,3,0,65,0.20379948616027832,{'C': 0.03359818286283781, 'max_iter': 5000, 'penalty': 'l2', 'solver': 'liblinear'}
015,4,0,62,0.18208789825439453,{'C': 10000.0, 'max_iter': 5000, 'penalty': 'l1', 'solver': 'liblinear'}
020,0,0,72,0.18166589736938477,{'C': 0.23357214690901212, 'max_iter': 5000, 'penalty': 'l2', 'solver': 'liblinear'}
020,1,0,72,0.1963956356048584,{'C': 0.03359818286283781, 'max_iter': 5000, 'penalty': 'l2', 'solver': 'liblinear'}
020,2,0,68,0.1816115379333496,{'C': 0.0018329807108324356, 'max_iter': 5000, 'penalty': 'l2', 'solver': 'liblinear'}
020,3,0,70,0.18189287185668945,{'C': 0.615848211066026, 'max_iter': 5000, 'penalty': 'l1', 'solver': 'liblinear'}
020,4,0,63,0.23996567726135254,{'C': 0.23357214690901212, 'max_iter': 5000, 'penalty': 'l1', 'solver': 'liblinear'}
030,0,0,64,0.1867671012878418,{'C': 1.623776739188721, 'max_iter': 5000, 'penalty': 'l1', 'solver': 'liblinear'}
030,1,0,65,0.1820847988128662,{'C': 0.23357214690901212, 'max_iter': 5000, 'penalty': 'l1', 'solver': 'liblinear'}
030,2,0,70,0.18474793434143066,{'C': 0.23357214690901212, 'max_iter': 5000, 'penalty': 'l1', 'solver': 'liblinear'}
030,3,0,72,0.19802093505859375,{'C': 0.0001, 'max_iter': 5000, 'penalty': 'l2', 'solver': 'liblinear'}
030,4,0,65,0.1967639923095703,{'C': 0.0018329807108324356, 'max_iter': 5000, 'penalty': 'l2', 'solver': 'liblinear'}
060,0,0,74,0.2629508972167969,{'C': 0.012742749857031334, 'max_iter': 5000, 'penalty': 'l2', 'solver': 'liblinear'}
060,1,0,75,0.2768368721008301,{'C': 0.012742749857031334, 'max_iter': 5000, 'penalty': 'l2', 'solver': 'liblinear'}
060,2,0,72,0.3480520248413086,{'C': 0.615848211066026, 'max_iter': 5000, 'penalty': 'l2', 'solver': 'liblinear'}
060,3,0,74,0.30718111991882324,{'C': 0.004832930238571752, 'max_iter': 5000, 'penalty': 'l2', 'solver': 'liblinear'}
060,4,0,68,0.39509105682373047,{'C': 0.0006951927961775605, 'max_iter': 5000, 'penalty': 'l2', 'solver': 'liblinear'}
100,0,0,69,1.637913703918457,{'C': 0.00026366508987303583, 'max_iter': 5000, 'penalty': 'l2', 'solver': 'liblinear'}
100,1,0,74,1.594534158706665,{'C': 0.004832930238571752, 'max_iter': 5000, 'penalty': 'l2', 'solver': 'liblinear'}
100,2,0,74,1.325721025466919,{'C': 0.08858667904100823, 'max_iter': 5000, 'penalty': 'l2', 'solver': 'liblinear'}
100,3,0,74,1.538297176361084,{'C': 0.03359818286283781, 'max_iter': 5000, 'penalty': 'l2', 'solver': 'liblinear'}
100,4,0,70,1.327486276626587,{'C': 0.0006951927961775605, 'max_iter': 5000, 'penalty': 'l2', 'solver': 'liblinear'}
005,0,0,58,1.1044385433197021,{'C': 3792.690190732246, 'max_iter': 5000, 'penalty': 'l1', 'solver': 'liblinear'}
005,1,0,64,0.20041513442993164,{'C': 4.281332398719396, 'max_iter': 5000, 'penalty': 'l2', 'solver': 'liblinear'}
005,2,0,60,0.18886661529541016,{'C': 1.623776739188721, 'max_iter': 5000, 'penalty': 'l1', 'solver': 'liblinear'}
005,3,0,67,0.19305753707885742,{'C': 0.615848211066026, 'max_iter': 5000, 'penalty': 'l1', 'solver': 'liblinear'}
005,4,0,50,0.2052290439605713,{'C': 0.0001, 'max_iter': 5000, 'penalty': 'l1', 'solver': 'liblinear'}
010,0,0,66,0.26373958587646484,{'C': 3792.690190732246, 'max_iter': 5000, 'penalty': 'l1', 'solver': 'liblinear'}
010,1,0,64,0.20188426971435547,{'C': 0.615848211066026, 'max_iter': 5000, 'penalty': 'l1', 'solver': 'liblinear'}
010,2,0,54,0.18111944198608398,{'C': 29.763514416313132, 'max_iter': 5000, 'penalty': 'l1', 'solver': 'liblinear'}
010,3,0,50,0.18944644927978516,{'C': 0.0001, 'max_iter': 5000, 'penalty': 'l1', 'solver': 'liblinear'}
010,4,0,68,0.19084858894348145,{'C': 0.615848211066026, 'max_iter': 5000, 'penalty': 'l1', 'solver': 'liblinear'}
015,0,0,69,0.17786622047424316,{'C': 206.913808111479, 'max_iter': 5000, 'penalty': 'l1', 'solver': 'liblinear'}
015,1,0,67,0.17928290367126465,{'C': 0.0001, 'max_iter': 5000, 'penalty': 'l2', 'solver': 'liblinear'}
015,2,0,65,0.18043947219848633,{'C': 0.004832930238571752, 'max_iter': 5000, 'penalty': 'l2', 'solver': 'liblinear'}
015,3,0,62,0.18707990646362305,{'C': 0.0006951927961775605, 'max_iter': 5000, 'penalty': 'l2', 'solver': 'liblinear'}
015,4,0,67,0.1748664379119873,{'C': 0.012742749857031334, 'max_iter': 5000, 'penalty': 'l2', 'solver': 'liblinear'}
020,0,0,67,0.18032073974609375,{'C': 0.0018329807108324356, 'max_iter': 5000, 'penalty': 'l2', 'solver': 'liblinear'}
020,1,0,71,0.18882369995117188,{'C': 0.004832930238571752, 'max_iter': 5000, 'penalty': 'l2', 'solver': 'liblinear'}
020,2,0,62,0.1962904930114746,{'C': 0.23357214690901212, 'max_iter': 5000, 'penalty': 'l1', 'solver': 'liblinear'}
020,3,0,70,0.1839909553527832,{'C': 0.615848211066026, 'max_iter': 5000, 'penalty': 'l1', 'solver': 'liblinear'}
020,4,0,58,0.1869194507598877,{'C': 1.623776739188721, 'max_iter': 5000, 'penalty': 'l1', 'solver': 'liblinear'}
030,0,0,71,0.2060108184814453,{'C': 0.08858667904100823, 'max_iter': 5000, 'penalty': 'l2', 'solver': 'liblinear'}
030,1,0,65,0.18325042724609375,{'C': 0.23357214690901212, 'max_iter': 5000, 'penalty': 'l1', 'solver': 'liblinear'}
030,2,0,72,0.1927180290222168,{'C': 3792.690190732246, 'max_iter': 5000, 'penalty': 'l1', 'solver': 'liblinear'}
030,3,0,74,0.20412445068359375,{'C': 0.03359818286283781, 'max_iter': 5000, 'penalty': 'l2', 'solver': 'liblinear'}
030,4,0,65,0.18172359466552734,{'C': 0.0006951927961775605, 'max_iter': 5000, 'penalty': 'l2', 'solver': 'liblinear'}
060,0,0,64,0.25940728187561035,{'C': 0.08858667904100823, 'max_iter': 5000, 'penalty': 'l1', 'solver': 'liblinear'}
060,1,0,75,0.34084248542785645,{'C': 0.012742749857031334, 'max_iter': 5000, 'penalty': 'l2', 'solver': 'liblinear'}
060,2,0,70,0.2656528949737549,{'C': 0.0018329807108324356, 'max_iter': 5000, 'penalty': 'l2', 'solver': 'liblinear'}
060,3,0,67,0.4077491760253906,{'C': 0.08858667904100823, 'max_iter': 5000, 'penalty': 'l1', 'solver': 'liblinear'}
060,4,0,72,0.36304283142089844,{'C': 0.23357214690901212, 'max_iter': 5000, 'penalty': 'l1', 'solver': 'liblinear'}
100,0,0,72,1.2006862163543701,{'C': 0.0018329807108324356, 'max_iter': 5000, 'penalty': 'l2', 'solver': 'liblinear'}
100,1,0,64,1.2408103942871094,{'C': 0.615848211066026, 'max_iter': 5000, 'penalty': 'l1', 'solver': 'liblinear'}
100,2,0,74,1.183927297592163,{'C': 0.004832930238571752, 'max_iter': 5000, 'penalty': 'l2', 'solver': 'liblinear'}
100,3,0,68,1.1714372634887695,{'C': 0.08858667904100823, 'max_iter': 5000, 'penalty': 'l1', 'solver': 'liblinear'}
100,4,0,70,1.2741374969482422,{'C': 0.0006951927961775605, 'max_iter': 5000, 'penalty': 'l2', 'solver': 'liblinear'}
005,0,0,57,1.3157227039337158,{'C': 4.281332398719396, 'max_iter': 5000, 'penalty': 'l1', 'solver': 'liblinear'}
005,1,0,56,0.18859100341796875,{'C': 1.623776739188721, 'max_iter': 5000, 'penalty': 'l1', 'solver': 'liblinear'}
005,2,0,65,0.1990814208984375,{'C': 4.281332398719396, 'max_iter': 5000, 'penalty': 'l1', 'solver': 'liblinear'}
005,3,0,57,0.21324515342712402,{'C': 1.623776739188721, 'max_iter': 5000, 'penalty': 'l1', 'solver': 'liblinear'}
005,4,0,50,0.21122002601623535,{'C': 0.0001, 'max_iter': 5000, 'penalty': 'l1', 'solver': 'liblinear'}
010,0,0,69,0.24591493606567383,{'C': 0.03359818286283781, 'max_iter': 5000, 'penalty': 'l2', 'solver': 'liblinear'}
010,1,0,64,0.1856851577758789,{'C': 0.615848211066026, 'max_iter': 5000, 'penalty': 'l1', 'solver': 'liblinear'}
010,2,0,66,0.2023611068725586,{'C': 0.0001, 'max_iter': 5000, 'penalty': 'l2', 'solver': 'liblinear'}
010,3,0,70,0.20505833625793457,{'C': 4.281332398719396, 'max_iter': 5000, 'penalty': 'l2', 'solver': 'liblinear'}
010,4,0,67,0.18671631813049316,{'C': 0.23357214690901212, 'max_iter': 5000, 'penalty': 'l2', 'solver': 'liblinear'}
015,0,0,64,0.18021821975708008,{'C': 10000.0, 'max_iter': 5000, 'penalty': 'l2', 'solver': 'liblinear'}
015,1,0,73,0.1881241798400879,{'C': 0.615848211066026, 'max_iter': 5000, 'penalty': 'l1', 'solver': 'liblinear'}
015,2,0,66,0.18039584159851074,{'C': 0.012742749857031334, 'max_iter': 5000, 'penalty': 'l2', 'solver': 'liblinear'}
015,3,0,70,0.1917707920074463,{'C': 1.623776739188721, 'max_iter': 5000, 'penalty': 'l2', 'solver': 'liblinear'}
015,4,0,62,0.18533730506896973,{'C': 0.23357214690901212, 'max_iter': 5000, 'penalty': 'l1', 'solver': 'liblinear'}
020,0,0,66,0.19759321212768555,{'C': 0.004832930238571752, 'max_iter': 5000, 'penalty': 'l2', 'solver': 'liblinear'}
020,1,0,65,0.1865098476409912,{'C': 1.623776739188721, 'max_iter': 5000, 'penalty': 'l1', 'solver': 'liblinear'}
020,2,0,62,0.18654990196228027,{'C': 0.23357214690901212, 'max_iter': 5000, 'penalty': 'l1', 'solver': 'liblinear'}
020,3,0,70,0.18773508071899414,{'C': 0.615848211066026, 'max_iter': 5000, 'penalty': 'l1', 'solver': 'liblinear'}
020,4,0,63,0.2506260871887207,{'C': 0.23357214690901212, 'max_iter': 5000, 'penalty': 'l1', 'solver': 'liblinear'}
030,0,0,60,0.19576478004455566,{'C': 11.288378916846883, 'max_iter': 5000, 'penalty': 'l1', 'solver': 'liblinear'}
030,1,0,65,0.18671154975891113,{'C': 0.23357214690901212, 'max_iter': 5000, 'penalty': 'l1', 'solver': 'liblinear'}
030,2,0,62,0.2052443027496338,{'C': 1438.44988828766, 'max_iter': 10000, 'penalty': 'l1', 'solver': 'liblinear'}
030,3,0,72,0.18504810333251953,{'C': 0.0006951927961775605, 'max_iter': 5000, 'penalty': 'l2', 'solver': 'liblinear'}
030,4,0,65,0.1858811378479004,{'C': 0.00026366508987303583, 'max_iter': 5000, 'penalty': 'l2', 'solver': 'liblinear'}
060,0,0,69,0.310809850692749,{'C': 0.0018329807108324356, 'max_iter': 5000, 'penalty': 'l2', 'solver': 'liblinear'}
060,1,0,68,0.330554723739624,{'C': 0.0006951927961775605, 'max_iter': 5000, 'penalty': 'l2', 'solver': 'liblinear'}
060,2,0,73,0.28888392448425293,{'C': 0.03359818286283781, 'max_iter': 5000, 'penalty': 'l2', 'solver': 'liblinear'}
060,3,0,71,0.2873556613922119,{'C': 0.0018329807108324356, 'max_iter': 5000, 'penalty': 'l2', 'solver': 'liblinear'}
060,4,0,64,0.41731858253479004,{'C': 0.08858667904100823, 'max_iter': 5000, 'penalty': 'l1', 'solver': 'liblinear'}
100,0,0,74,1.137404441833496,{'C': 0.08858667904100823, 'max_iter': 5000, 'penalty': 'l2', 'solver': 'liblinear'}
100,1,0,74,1.171057939529419,{'C': 0.03359818286283781, 'max_iter': 5000, 'penalty': 'l2', 'solver': 'liblinear'}
100,2,0,70,1.2001614570617676,{'C': 0.0006951927961775605, 'max_iter': 5000, 'penalty': 'l2', 'solver': 'liblinear'}
100,3,0,72,1.4187259674072266,{'C': 0.0018329807108324356, 'max_iter': 5000, 'penalty': 'l2', 'solver': 'liblinear'}
100,4,0,72,1.1095242500305176,{'C': 0.0018329807108324356, 'max_iter': 5000, 'penalty': 'l2', 'solver': 'liblinear'}
005,0,0,60,1.1229324340820312,{'C': 0.0018329807108324356, 'max_iter': 5000, 'penalty': 'l2', 'solver': 'liblinear'}
005,1,0,64,0.19914698600769043,{'C': 1.623776739188721, 'max_iter': 5000, 'penalty': 'l2', 'solver': 'liblinear'}
005,2,0,50,0.20189929008483887,{'C': 0.0001, 'max_iter': 5000, 'penalty': 'l1', 'solver': 'liblinear'}
005,3,0,67,0.1884474754333496,{'C': 0.615848211066026, 'max_iter': 5000, 'penalty': 'l1', 'solver': 'liblinear'}
005,4,0,69,0.22293758392333984,{'C': 0.0001, 'max_iter': 5000, 'penalty': 'l2', 'solver': 'liblinear'}
010,0,0,66,0.2743494510650635,{'C': 3792.690190732246, 'max_iter': 10000, 'penalty': 'l1', 'solver': 'liblinear'}
010,1,0,64,0.20104718208312988,{'C': 0.615848211066026, 'max_iter': 5000, 'penalty': 'l1', 'solver': 'liblinear'}
010,2,0,66,0.20160770416259766,{'C': 0.0001, 'max_iter': 5000, 'penalty': 'l2', 'solver': 'liblinear'}
010,3,0,67,0.19735383987426758,{'C': 10000.0, 'max_iter': 5000, 'penalty': 'l1', 'solver': 'liblinear'}
010,4,0,68,0.17798995971679688,{'C': 0.615848211066026, 'max_iter': 5000, 'penalty': 'l1', 'solver': 'liblinear'}
015,0,0,61,0.18438720703125,{'C': 0.615848211066026, 'max_iter': 5000, 'penalty': 'l1', 'solver': 'liblinear'}
015,1,0,70,0.17728900909423828,{'C': 0.23357214690901212, 'max_iter': 5000, 'penalty': 'l1', 'solver': 'liblinear'}
015,2,0,68,0.18220853805541992,{'C': 0.03359818286283781, 'max_iter': 5000, 'penalty': 'l2', 'solver': 'liblinear'}
015,3,0,66,0.1779308319091797,{'C': 0.615848211066026, 'max_iter': 5000, 'penalty': 'l1', 'solver': 'liblinear'}
015,4,0,55,0.18383216857910156,{'C': 4.281332398719396, 'max_iter': 5000, 'penalty': 'l1', 'solver': 'liblinear'}
020,0,0,67,0.17931365966796875,{'C': 0.0018329807108324356, 'max_iter': 5000, 'penalty': 'l2', 'solver': 'liblinear'}
020,1,0,71,0.1825270652770996,{'C': 0.012742749857031334, 'max_iter': 5000, 'penalty': 'l2', 'solver': 'liblinear'}
020,2,0,62,0.18202900886535645,{'C': 0.23357214690901212, 'max_iter': 5000, 'penalty': 'l1', 'solver': 'liblinear'}
020,3,0,70,0.18446588516235352,{'C': 0.615848211066026, 'max_iter': 5000, 'penalty': 'l1', 'solver': 'liblinear'}
020,4,0,56,0.18504118919372559,{'C': 11.288378916846883, 'max_iter': 5000, 'penalty': 'l1', 'solver': 'liblinear'}
030,0,0,71,0.20571303367614746,{'C': 0.03359818286283781, 'max_iter': 5000, 'penalty': 'l2', 'solver': 'liblinear'}
030,1,0,68,0.18399643898010254,{'C': 0.0018329807108324356, 'max_iter': 5000, 'penalty': 'l2', 'solver': 'liblinear'}
030,2,0,70,0.19364595413208008,{'C': 0.23357214690901212, 'max_iter': 5000, 'penalty': 'l1', 'solver': 'liblinear'}
030,3,0,64,0.21120309829711914,{'C': 1438.44988828766, 'max_iter': 5000, 'penalty': 'l1', 'solver': 'liblinear'}
030,4,0,66,0.1832599639892578,{'C': 0.004832930238571752, 'max_iter': 5000, 'penalty': 'l2', 'solver': 'liblinear'}
060,0,0,74,0.3071000576019287,{'C': 0.012742749857031334, 'max_iter': 5000, 'penalty': 'l2', 'solver': 'liblinear'}
060,1,0,70,0.32526659965515137,{'C': 0.0018329807108324356, 'max_iter': 5000, 'penalty': 'l2', 'solver': 'liblinear'}
060,2,0,70,0.284243106842041,{'C': 0.0018329807108324356, 'max_iter': 5000, 'penalty': 'l2', 'solver': 'liblinear'}
060,3,0,67,0.3355064392089844,{'C': 0.08858667904100823, 'max_iter': 5000, 'penalty': 'l1', 'solver': 'liblinear'}
060,4,0,76,0.3597233295440674,{'C': 0.08858667904100823, 'max_iter': 5000, 'penalty': 'l2', 'solver': 'liblinear'}
100,0,0,74,1.3640921115875244,{'C': 0.08858667904100823, 'max_iter': 5000, 'penalty': 'l2', 'solver': 'liblinear'}
100,1,0,74,1.3991386890411377,{'C': 0.08858667904100823, 'max_iter': 5000, 'penalty': 'l2', 'solver': 'liblinear'}
100,2,0,69,1.3920481204986572,{'C': 0.00026366508987303583, 'max_iter': 5000, 'penalty': 'l2', 'solver': 'liblinear'}
100,3,0,74,1.2581262588500977,{'C': 0.004832930238571752, 'max_iter': 5000, 'penalty': 'l2', 'solver': 'liblinear'}
100,4,0,74,1.021721601486206,{'C': 0.004832930238571752, 'max_iter': 5000, 'penalty': 'l2', 'solver': 'liblinear'}
005,0,0,59,1.1459636688232422,{'C': 78.47599703514607, 'max_iter': 5000, 'penalty': 'l1', 'solver': 'liblinear'}
005,1,0,64,0.19725847244262695,{'C': 1.623776739188721, 'max_iter': 5000, 'penalty': 'l2', 'solver': 'liblinear'}
005,2,0,65,0.19280028343200684,{'C': 4.281332398719396, 'max_iter': 5000, 'penalty': 'l1', 'solver': 'liblinear'}
005,3,0,67,0.18426084518432617,{'C': 0.615848211066026, 'max_iter': 5000, 'penalty': 'l1', 'solver': 'liblinear'}
005,4,0,69,0.23135828971862793,{'C': 0.0001, 'max_iter': 5000, 'penalty': 'l2', 'solver': 'liblinear'}
010,0,0,67,0.20164275169372559,{'C': 10000.0, 'max_iter': 5000, 'penalty': 'l1', 'solver': 'liblinear'}
010,1,0,64,0.19135689735412598,{'C': 0.615848211066026, 'max_iter': 5000, 'penalty': 'l1', 'solver': 'liblinear'}
010,2,0,66,0.1749553680419922,{'C': 0.0001, 'max_iter': 5000, 'penalty': 'l2', 'solver': 'liblinear'}
010,3,0,68,0.20588135719299316,{'C': 10000.0, 'max_iter': 10000, 'penalty': 'l1', 'solver': 'liblinear'}
010,4,0,68,0.195770263671875,{'C': 0.615848211066026, 'max_iter': 5000, 'penalty': 'l1', 'solver': 'liblinear'}
015,0,0,68,0.2018294334411621,{'C': 3792.690190732246, 'max_iter': 5000, 'penalty': 'l1', 'solver': 'liblinear'}
015,1,0,73,0.19925284385681152,{'C': 0.615848211066026, 'max_iter': 5000, 'penalty': 'l1', 'solver': 'liblinear'}
015,2,0,68,0.17902660369873047,{'C': 0.03359818286283781, 'max_iter': 5000, 'penalty': 'l2', 'solver': 'liblinear'}
015,3,0,65,0.2007920742034912,{'C': 0.03359818286283781, 'max_iter': 5000, 'penalty': 'l2', 'solver': 'liblinear'}
015,4,0,68,0.17847466468811035,{'C': 0.08858667904100823, 'max_iter': 5000, 'penalty': 'l2', 'solver': 'liblinear'}
020,0,0,67,0.17691302299499512,{'C': 0.0001, 'max_iter': 5000, 'penalty': 'l2', 'solver': 'liblinear'}
020,1,0,66,0.19008755683898926,{'C': 0.615848211066026, 'max_iter': 5000, 'penalty': 'l1', 'solver': 'liblinear'}
020,2,0,62,0.18438053131103516,{'C': 0.23357214690901212, 'max_iter': 5000, 'penalty': 'l1', 'solver': 'liblinear'}
020,3,0,70,0.24023008346557617,{'C': 0.615848211066026, 'max_iter': 5000, 'penalty': 'l1', 'solver': 'liblinear'}
020,4,0,56,0.18133020401000977,{'C': 206.913808111479, 'max_iter': 5000, 'penalty': 'l1', 'solver': 'liblinear'}
030,0,0,71,0.1985177993774414,{'C': 0.08858667904100823, 'max_iter': 5000, 'penalty': 'l2', 'solver': 'liblinear'}
030,1,0,71,0.18317484855651855,{'C': 0.004832930238571752, 'max_iter': 5000, 'penalty': 'l2', 'solver': 'liblinear'}
030,2,0,60,0.19616913795471191,{'C': 206.913808111479, 'max_iter': 10000, 'penalty': 'l1', 'solver': 'liblinear'}
030,3,0,71,0.19672489166259766,{'C': 0.23357214690901212, 'max_iter': 5000, 'penalty': 'l1', 'solver': 'liblinear'}
030,4,0,64,0.1905076503753662,{'C': 0.0001, 'max_iter': 5000, 'penalty': 'l2', 'solver': 'liblinear'}
060,0,0,74,0.2677323818206787,{'C': 0.012742749857031334, 'max_iter': 5000, 'penalty': 'l2', 'solver': 'liblinear'}
060,1,0,58,0.2952690124511719,{'C': 0.615848211066026, 'max_iter': 5000, 'penalty': 'l1', 'solver': 'liblinear'}
060,2,0,74,0.27643370628356934,{'C': 0.012742749857031334, 'max_iter': 5000, 'penalty': 'l2', 'solver': 'liblinear'}
060,3,0,74,0.33865904808044434,{'C': 0.004832930238571752, 'max_iter': 5000, 'penalty': 'l2', 'solver': 'liblinear'}
060,4,0,72,0.3222963809967041,{'C': 0.23357214690901212, 'max_iter': 5000, 'penalty': 'l1', 'solver': 'liblinear'}
100,0,0,70,1.3495068550109863,{'C': 0.0006951927961775605, 'max_iter': 5000, 'penalty': 'l2', 'solver': 'liblinear'}
100,1,0,74,1.172741174697876,{'C': 0.004832930238571752, 'max_iter': 5000, 'penalty': 'l2', 'solver': 'liblinear'}
100,2,0,74,1.4233551025390625,{'C': 0.08858667904100823, 'max_iter': 5000, 'penalty': 'l2', 'solver': 'liblinear'}
100,3,0,74,1.2255096435546875,{'C': 0.08858667904100823, 'max_iter': 5000, 'penalty': 'l2', 'solver': 'liblinear'}
100,4,0,74,1.832942008972168,{'C': 0.004832930238571752, 'max_iter': 5000, 'penalty': 'l2', 'solver': 'liblinear'}
